"虞美人·春花秋月何时了","五代","李煜","春花秋月何时了？往事知多少。小楼昨夜又东风，故国不堪回首月明中。雕栏玉砌应犹在，只是朱颜改。问君能有几多愁？恰似一江春水向东流。(雕'栏', 通：阑)","宋词三百首，婉约，思念，感叹，哲理","此调原为唐教坊曲，初咏项羽宠姬虞美人死后地下开出一朵鲜花，因以为名。又名《一江春水》、《玉壶水》、《巫山十二峰》等。双调，五十六字，上下片各四句，皆为两仄韵转两平韵。了：了结，完结。砌：台阶。雕栏玉砌：指远在金陵的南唐故宫。应犹：一作“依然”。　朱颜改：指所怀念的人已衰老。　君：作者自称。能：或作“都”、“那”、“还”、“却”。","　　这首词，是李煜被俘到汴京后所作。开头说，春花秋月的美好时光，何时了结。因为一看到春花秋月，就有无数往事涌上心头，想到在南唐时欣赏春花秋月的美好日子，不堪回首，所以怕看见春花秋月。在东风吹拂的月明之夜，金陵的故国生活不堪回顾了。那里宫殿的雕栏玉砌应该还在，只是人的容貌因愁苦变得憔悴了。倘若要问有多少愁苦，恰恰象一江春水的向东流去，无穷无尽。一江指长江，用一江春水来比愁，跟南唐故国金陵在长江边相结合，充满怀念故国之情。宋代王绖《默记》卷上：“又后主在赐第，因七夕，命故妓作乐，声闻于外。太宗闻之，大怒。又传‘小楼昨夜又东风’及‘一江春水向东流’之句，并坐之，遂被祸云。’王国维《人间词话》：“尼采谓一切文学，余爱以血书者。后主之词，真所谓以血书者也。宋道君皇帝(徽宗)《燕山亭》词亦略似之。然道君不过自道身世之戚，后主则俨然有释迦，基督担荷人类罪恶之意，其大小固不同矣。”李煜被毒死，跟他写这首词有关，这真是用血写的。所谓“有释迦、基督担荷人类罪恶之意”，就是说，李煜这样的词，不光是写他个人的愁苦，还有极大的概括性，概括了所有具亡国之痛的人的痛苦感情：如怕看到春花秋月，怕想到过去的美好生活。再如故国的美好景物已经不堪回顾。故国的景物象雕栏玉砌等还在，但人的容颜因愁苦改变，这里还含有人事的改变，人的主奴关系的改变。再象以一江春水来比愁。整首词正是反映了有亡国之痛的人的感情，担负了所有这些人的感情痛苦。这正说明这首词具有高度的概括性、代表性，这正是这首词的杰出成就。　　宋朝陈郁《藏一话腴》：“太白(李白)曰：‘请君试问东流水，别意与之谁短长。’(《金陵酒肆留别》)江南李主曰：‘问君还有几多愁，恰似一江春水向东流。’略加融点，已觉精采。至寇莱公(准)则谓‘愁情不断如春水(《夜度娘》)，少游(秦观)云‘落红万点愁如海’(《千秋岁》)，肯出于蓝而胜于蓝矣。”这里对这首词用“一江春水向东流”来比愁作了评论。李白的诗句是写别情的长可以跟东流水比，诗在金陵写的，这个东流水是指长江。李煜的词，是在汴京被拘禁中写的，他看不到长江，长江成为他怀念故国的一部分。因此李白的诗是用眼前景物来作比，李煜的词是用远离自己的长江来作比，在这个比喻里就有怀念故国之情，情思更为深厚。再说，“一江春水向东流”，比东流水”的形象更为鲜明。又“东流水”是比“别意”的“短长”，“一江春水向东流”是比愁的无穷无尽。这是两者的不同处，说明李煜的故国之痛更为深沉，并不是“略加融点”。寇准的词：“日暮汀洲一望时，柔情不断如春水。”这是用春水来比柔情，这个柔情也指别意，跟李白的句意相同，可以说是摹仿李白的词意。“如春水”，也不能与李煜词句相比。秦观的词句：“春去也，落红万点愁如海。”是写“离别宽衣带”的离情别绪，再加上伤春，加上“镜里朱颜改”的憔悴，配上“落红万点”，确是名句。不过李煜的词写的是亡国之痛，比离情别绪更为深沉，也写“朱颜改’，是结合亡国之痛来的，加上“一江春水向东流”的形象鲜明壮阔，从情思到形象，也不是秦观的词句所能比。（田德义）","这年的时光什么时候才能了结，往事知道有多少！昨夜小楼上又吹来了春风，在这皓月当空的夜晚，怎承受得了回忆故国的伤痛。精雕细刻的栏杆、玉石砌成的台阶应该还在，只是所怀念的人已衰老。要问我心中有多少哀愁，就像这不尽的滔滔春水滚滚东流。"
"相见欢·无言独上西楼","五代","李煜","无言独上西楼，月如钩。寂寞梧桐深院锁清秋。剪不断，理还乱，是离愁。别是一般滋味在心头。(一般 一作：一番)","宋词三百首，初中古诗，婉约，登楼，写景，孤独，思念","","　　首句“无言独上西楼”将人物引入画面。“无言”二字活画出词人的愁苦神态，“独上”二字勾勒出作者孤身登楼的身影，孤独的词人默默无语，独自登上西楼。神态与动作的描写，揭示了词人内心深处隐寓的很多不能倾诉的孤寂与凄婉。　　“……月如钩，寂寞梧桐深院，锁清秋”，寥寥12个字，形象地描绘出了词人登楼所见之景。仰视天空，缺月如钩。“如钩”不仅写出月形，表明时令，而且意味深长：那如钩的残月经历了无数次的阴晴圆缺，见证了人世间无数的悲欢离合，如今又勾起了词人的离愁别恨。俯视庭院，茂密的梧桐叶已被无情的秋风扫荡殆尽，只剩下光秃秃的树干和几片残叶在秋风中瑟缩，词人不禁“寂寞”情生。然而，“寂寞”的不只是梧桐，即使是凄惨秋色，也要被“锁”于这高墙深院之中。而“锁”住的也不只是这满院秋色，落魄的人，孤寂的心，思乡的情，亡国的恨，都被这高墙深院禁锢起来，此景此情，用一个愁字是说不完的。　　缺月、梧桐、深院、清秋，这一切无不渲染出一种凄凉的境界，反映出词人内心的孤寂之情，同时也为下片的抒情做好铺垫。作为一个亡国之君，一个苟延残喘的囚徒，他在下片中用极其婉转而又无奈的笔调，表达了心中复杂而又不可言喻的愁苦与悲伤。　　“剪不断，理还乱，是离愁。”用丝喻愁，新颖而别致。前人以“丝”谐音“思”，用来比喻思念，如李商隐“春蚕到死丝方尽，蜡炬成灰泪始干”（《无题》）就是大家熟悉的名句。李煜用“丝”来比喻“离愁”，别有一番新意。然而丝长可以剪断，丝乱可以整理，而那千丝万缕的“离愁”却是“剪不断，理还乱”。这位昔日的南唐后主心中所涌动的离愁别绪，是追忆“红日已高三丈后，金炉次第添金兽，红锦地衣随步皱”（《浣溪沙》）的荣华富贵，是思恋“风阁龙楼连霄汉，玉树琼枝作烟萝”（《破阵子》）的故国家园，是悔失“四十年来家国，三千里地山河”（《破阵子》）的帝王江山。然而，时过境迁，如今的李煜已是亡国奴、阶下囚，荣华富贵已成过眼烟云，故国家园亦是不堪回首，帝王江山毁于一旦。阅历了人间冷暖、世态炎凉，经受了国破家亡的痛苦折磨，这诸多的愁苦悲恨哽咽于词人的心头难以排遣。作者尝尽了愁的滋味，而这滋味，是难以言喻、难以说完的。　　末句“别是一番滋味在心头”，紧承上句写出了李煜对愁的体验与感受。以滋味喻愁，而味在酸甜之外，它根植于人的内心深处，是一种独特而真切的感受。“别是”二字极佳，昔日唯我独尊的天子，如今成了阶下囚徒，备受屈辱，遍历愁苦，心头淤积的是思、是苦、是悔、还是恨……词人自己也难以说清，常人更是体会不到。若是常人，倒可以嚎啕倾诉，而李煜不能。他是亡国之君，即使有满腹愁苦，也只能“无言独上西楼”，眼望残月如钩、梧桐清秋，将心头的哀愁、悲伤、痛苦、悔恨强压在心底。这种无言的哀伤更胜过痛哭流涕之悲。　　沈际飞在《草堂诗余续集》中评价说：“七情所至，浅尝者说破，深尝者说不破。破之浅，不破之深。‘别是一般滋味在心头’句妙。”唐圭璋在《唐宋词简释》中说：“此词写别愁，凄惋已极。‘无言独上西楼’一句，叙事直起，画出后主愁容。其下两句，画出后主所处之愁境。举头见新月如钩，低头见桐阴深锁俯仰之间，万感萦怀矣。此片写景亦妙，惟其桐阴深黑，新月乃愈显明媚也。下片，因景抒情。换头三句，深刻无匹，使有千丝万缕之离愁，亦未必不可剪，不可理，此言‘剪不断，理还乱’，则离愁之纷繁可知。所谓‘别是一般滋味’，是无人尝过之滋味，唯有自家领略也。后主以南朝天子，而为北地幽囚；其所受之痛苦，所尝之滋味，自与常人不同，心头所交集者，不知是悔是恨，欲说则无从说起，且亦无人可说，故但云‘别是一般滋味’。”　　李煜的这首词情景交融，感情沉郁。上片选取典型的景物为感情的抒发渲染铺垫，下片借用形象的比喻委婉含蓄地抒发真挚的感情。此外，运用声韵变化，做到声情合一。下片押两个仄声韵（“断”、“乱”），插在平韵中间，加强了顿挫的语气，似断似续；同时在三个短句之后接以九言长句，铿锵有力，富有韵律美，也恰当地表现了词人悲痛沉郁的感情。","英译 Silence, are lonely, alone on the empty slowly west wing. Looked up days, only one curved like the hook of the company. Lower the head to look, see buttonwood isolated and lonely in the yard, deep courtyard was enveloped in the autumn cold and desolate. That cut cut constantly, also the principle, reason not clear, let a person afflicted with, it is of national subjugation. The long melancholy wrapped around the heart, but is another kind of an ineffable painful. ▲"
"浪淘沙令·帘外雨潺潺","五代","李煜","帘外雨潺潺，春意阑珊。罗衾不耐五更寒。梦里不知身是客，一晌贪欢。独自莫凭栏，无限江山，别时容易见时难。流水落花春去也，天上人间。","宋词三百首，婉约，记梦，感伤","此词原为唐教坊曲，又名《浪淘沙令》、《卖花声》等。唐人多用七言绝句入曲，南唐李煜始演为长短句。双调，五十四字（宋人有稍作增减者），平韵，此调又由柳永、周邦彦演为长调《浪淘沙漫》，是别格。潺潺：形容雨声。阑珊：衰残。一作“将阑”。罗衾（音qīn）：绸被子。不耐：受不了。一作“不暖”。身是客：指被拘汴京，形同囚徒。一晌（音shǎng）：一会儿，片刻。一作“饷”（音xiǎng）贪欢：指贪恋梦境中的欢乐。凭栏：靠着栏杆。江山：指南唐河山。","　　此词基调低沉悲怆，透露出李煜这个亡国之君绵绵不尽的故土之思，可以说这是一支宛转凄苦的哀歌。　　上片用倒叙，先写梦醒再写梦中。起首说五更梦回，薄薄的罗衾挡不住晨寒的侵袭。帘外，是潺潺不断的春雨，是寂寞零落的残春；这种境地使他倍增凄苦之感。“梦里”两句，回过来追忆梦中情事，睡梦里好象忘记自己身为俘虏，似乎还在故国华美的宫殿里，贪恋着片刻的欢娱，可是梦醒以后，“想得玉楼瑶殿影，空照秦淮”（《浪淘沙》），却加倍地感到痛苦。　　过片三句自为呼应。说“独自莫凭栏”，是因为“凭栏”而不见“无限江山”，又将引起“无限伤感”。“别时容易见时难”，是当时常用的语言。《颜氏家训·风操》有“别易会难”之句，曹丕《燕歌行》中也说“别日何易会日难”。然而作者所说的“别”，并不仅仅指亲友之间，而主要是与故国“无限江山”分别；至于“见时难”，即指亡国以后，不可能见到故土的悲哀之感，这也就是他不敢凭栏的原因。在另一首《虞美人》词中，他说：“凭栏半日独无言，依旧竹声新月似当年。”眼前绿竹眉月，还一似当年，但故人、故土，不可复见，“凭栏”只能引起内心无限痛楚，这和“独自莫凭栏”意思相仿。　　“流水”两句，叹息春归何处。张泌《浣溪沙》有“天上人间何处去，旧欢新梦觉来时”之句，“天上人间”，是说相隔遥远，不知其处。这是指春，也兼指人。词人长叹水流花落，春去人逝，故国一去难返，无由相见。　　这首词，情真意切、哀婉动人，深刻地表现了词人的亡国之痛和囚徒之悲，生动地刻画了一个亡国之君的艺术形象。正如李煜后期词反映了他亡国以后囚居生涯中的危苦心情，确实是“眼界始大，感慨遂深”。且能以白描手法诉说内心的极度痛苦，具有撼动读者心灵的惊人艺术魅力。此词就是一个显著的例子。","门帘外传来雨声潺潺，浓郁的春意又要凋残。罗织的锦被受不住五更时的冷寒。只有迷梦中忘掉自身是羁旅之客，才能享受片时的欢娱。独自一人在太阳下山时在高楼上倚靠栏杆遥望远方，因为想到旧时拥有的无限江山，心中便会泛起无限伤感。离别它是容易的，再要见到它就很艰难。像流失的江水凋落的红花跟春天一起回去也，今昔对比，一是天上一是人间。"
"相见欢·林花谢了春红","五代","李煜","林花谢了春红，太匆匆。无奈朝来寒雨晚来风。胭脂泪，相留醉，几时重。自是人生长恨水长东。(相留 一作：留人)","宋词三百首，写花，人生","相见欢：原为唐教坊曲名，后用为词牌名。又名“乌夜啼”“秋夜月”“上西楼”。三十六字，上片三平韵，下片两仄韵两平韵。　谢：凋谢。无奈朝来寒雨：一作“常恨朝来寒重”。胭脂泪：原指女子的眼泪，女子脸上搽有胭脂，泪水流经脸颊时沾上胭脂的红色，故云。在这里，胭脂是指林花着雨的鲜艳颜色，指代美好的花。相留醉：一本作“留人醉”。　几时重：何时再度相会。","　　南唐后主的这种词，都是短幅的小令，况且明白如话，不待讲析，自然易晓。他所“依靠”的，不是粉饰装做，扭捏以为态，雕琢以为工，这些在他都无意为之；所凭的只是一片强烈直爽的情性。其笔亦天然流丽，如不用力，只是随手抒写。这些自属有目共见。但如以为他这“随手”就是任意“胡来”，文学创作都是以此为“擅场”，那自然也是一个笑话。即如首句，先出“林花”，全不晓毕竟是何林何花，继而说是“谢了春红”，乃知是春林之红花，——而此春林红花事，已经凋谢。可见这所谓“随手”“直写”，正不啻书家之“一波三过折”，全任“天然”，“不加修饰”，意欲成“文”，诚梦呓之言也。　　且说以春红二字代花，即是修饰，即是艺术，天巧人工，总须“两赋而不来”方可。此春红者，无待更言，乃是极美好可爱之名花无疑，可惜竟已凋谢。调零倘是时序推迁，自然衰谢，虽是可惜，毕竟理所当然，尚可开解；如今却是朝雨暮风，不断摧残之所致。名花之凋零，如美人之夭逝，其为可怜可痛，不止倍蓰。以此可知，“太匆匆”一句，叹息中着一“太”字；“风雨”一然，愤慨中着一“无奈”字，皆非普通字眼，质具千钧，情同一恸矣。若明此义，则上片三句，亦千回百转之情怀，又匪特一笔三过折也。讲说文学之事，切宜细思寻玩，方不致误认古人皆荒率浅薄之妄人，方能于人于己两有所益。　　过片三字句三叠句，前二句换暗韵仄韵，后一句归原韵，别有风致。但“胭脂泪”三字，异样哀艳，尤宜着眼。于是让人们想到杜甫的名句“林花着雨胭脂湿”（《曲江对雨》），此乃南唐后主也熟读杜诗之证也。后主分明从杜少陵的“林花”而来，而且因朝来寒“雨”竟使“胭脂”尽“湿”，其思路十分清楚，但是假若后主在过片竟也写下“胭脂湿”三个大字，便成了老大一个笨伯，鹦鹉学舌，难有意味。他毕竟是艺苑才人，他将杜句加以消化，提炼，只运化了三字而换了一个“泪”字来代“湿”，于是便青出于蓝，而大胜于蓝，便觉全幅因此一字而生色无限。　　“泪”字已是神奇，但“醉”亦非趁韵谐音的妄下之字。此醉，非陶醉俗义，盖悲伤凄惜之甚，心如迷醉也。　　末句略如上片歇拍长句，也是运用叠字衔联法：“朝来”“晚来”，“长恨”，“长东”，前后呼应更增其异曲而同工之妙，即加倍具有强烈的感染力量。顾随先生论后主，以为“问君能有几多愁，恰似一江春水向东流”，其美中不足在“恰似”，盖明喻不如暗喻，一语道破“如”“似”，意味便浅。按这种说法，则“自是人生长恨水长东”，恰好免去此一微疵，使尽泯“比喻”之迹，而笔致转高一层矣。学文者于此，宜自寻味，美意不留，芳华难驻，此恨无穷，而无情东逝之水，不舍昼夜，“淘尽”之悲，苏轼亦云，只是表现之风格手法不同，非真有异也。","树林间的红花已经凋谢，花开花落，才有几时，实在是去得太匆忙了。也是无可奈何啊，花儿怎么能经得起那凄风寒雨昼夜摧残呢？飘落遍地的红花，被雨水淋过，像是美人双颊上的胭脂在和着泪水流淌。花儿和怜花人相互留恋，如醉如痴，什么时候才能再重逢呢？人生从来就是令人怨恨的事情太多，就像那东逝的江水，不休不止，永无尽头。"
"长相思·一重山","五代","李煜","一重山，两重山。山远天高烟水寒，相思枫叶丹。菊花开，菊花残。塞雁高飞人未还，一帘风月闲。","宋词三百首，秋天，写山，相思","《长相思》：调名取自南朝乐府“上言长相思，下言久离别”句，多写男女相思之情。又名《相思令》、《双红豆》、《吴山青》、《山渐青》、《忆多娇》、《长思仙》、《青山相送迎》等。此调有几种不同格体，俱为双调，此词为三十六字体。重：量词。层，道。烟水：雾气蒙蒙的水面。枫叶：枫树叶。枫，落叶乔木，春季开花，叶子掌状三裂。其叶经秋季而变为红色，因此称“丹枫”。古代诗文中常用枫叶形容秋色。丹：红色。塞雁：塞外的鸿雁，也作“塞鸿”。塞雁春季北去，秋季南来，所以古人常以之作比，表示对远离故乡的亲人的思念。帘：帷帐，帘幕。风月：风声月色。","　　《长相思·一重山》这首小令，《新刻注释草堂诗余评林》在词调下题作“秋怨”。这“秋怨”，便是统贯全词的抒情中心。虽然通篇未曾出现“秋”、“怨”字眼，但仔细吟诵一遍，便会觉得“秋怨”二字确实最为简洁、准确地概括了本词的旨意。 全词写了一个思妇在秋日里苦忆离人、急盼归来，然而最终没有盼来的怨恨心绪。上片写她望中所见之景。那远行在外的征人而今身处何方呢?他是否正跋涉在返乡的路上呢?怀着这种焦迫不安的心情，她不时地企足遥望，希望能够有所发现。可是，进入视野的除了重重叠叠的山岭峰峦外，还有的就是辽阔高远的青冥和天际处的迷离烟水了。第三句描写了一幅荒寂寥廓的群山秋色图，层次极为分明：“一重山”，是近景，“二重山”，是中景；“山远天高烟水寒”，是远景。这一切都是跟着思妇眺望目光的由近及远渐次展开的。清初词人纳兰性德的名作《长相思》曰：“山一程，水一程。身向榆关那畔行。”写主人公越山过水，渐去渐远，很可能是受了该词的启发。需注意的是，“烟水寒”的“寒”，并非仅仅用来形容“烟水”，而且还曲折传出了思妇的心理感觉。正因为久望不见，更添哀伤，心头才滋生了寒意。如此，则目中所见，自然皆带寒意了。上片结句说她“望尽天涯路”而无所得，便收束眼光，不经意地扫视周遭景物，瞥见不远处有枫叶如火，灼人眼目。这使她猛然想起：时令又到了丹枫满山的秋天，自己经年累月的相思之情何日才能了结啊?“相思”一词的出现，使得词旨豁然显现。　　下片便顺着“相思”折入，着重刻画她的心理活动，写她思中所念之事。“菊花开，菊花残”，用短促、相同的句式，点出时间流逝之速，暗示了她相思日久，怨愁更多。紧连着的“塞雁高飞人未还”，可视为她的直接抒情，也可以看作她在触景生情。塞外大雁尚且知道逢秋南归，那飘泊在外的游子为什么还见不到他的踪影呢?用雁知“归”来反衬人不知“还”，就更深一层地表现出了她的内心怨苦。怨恨尽可以怨恨，但它毕竟是产生于“相思”基础上的，如今良人未还，说不定他碰上了什么意外，或是在路途上染上了风疾。这些想法涌上心头，使得女主人公在怨恨之余，又深深地为他担忧起来了。“一帘风月闲”，刻画出了思妇由于离人不归，对帘外风晨月夕的美好景致无意赏玩的心境。柳永《雨霖铃》词写一对恋人分别后的意绪说：“此去经年，应是良辰好景虚设。便纵有千种风情，更与何人说”，含意正与此同。　　这首词的最大特点是，句句写思妇“秋怨”，“秋怨”二字却深藏不露。对思妇的外貌、形象、神态、表情未作任何描摹，而是侧重于表现出她的眼中之景，以折现其胸中之情，用笔极其空灵。李煜词的语言锤炼功夫很深，他善于用单纯明净、简洁准确的语言生动地再现物象，展示意境。这个特点在该词里也有鲜明的体现，象“山远天高烟水寒”句，自然明朗，形象丰富，立体感强，境界阔远，并且景中蕴情，耐人寻味。对这首词，前人评价颇多，其中以俞陛云之说为精当：“此词以轻淡之笔，写深秋风物，而兼葭怀远之思，低回不尽，节短而格高，五代词之本色也。”（《南唐二主词辑述评》）","一重又一重，重重叠叠的山啊。山是那么远，天是那么高，烟云水气又冷又寒，可我的思念像火焰般的枫叶那样。菊花开了又落了，日子一天天过去。塞北的大雁在高空振翅南飞，思念的人却还没有回来。悠悠明月照在帘子上，随风飘飘然。"
"临江仙·樱桃落尽春归去","五代","李煜","樱桃落尽春归去，蝶翻金粉双飞。子规啼月小楼西，玉钩罗幕，惆怅暮烟垂。别巷寂寥人散后，望残烟草低迷。炉香闲袅凤凰儿，空持罗带，回首恨依依。","爱国，忧国忧民","","",""
"清平乐·别来春半","五代","李煜","别来春半，触目柔肠断。砌下落梅如雪乱，拂了一身还满。('柔'肠断 一作：愁肠断)雁来音信无凭，路遥归梦难成。离恨恰如春草，更行更远还生。","宋词三百首，春天，写景，思乡","春半：即半春，春天的一半。别来春半：意思是，自分别以来，春天已过去一半，说明时光过得很快。柔肠：原指温柔的心肠，此指绵软情怀。砌（qì）下：台阶下。砌，台阶。落梅：指白梅花，开放较晚。全句意思是，台阶下飘落的白梅花犹如雪片纷飞。拂了一身还满：指把满身的落梅拂去了又落了满身。雁来音信无凭：这句话是说鸿雁虽然来了，却没将书信传来。古代有凭借雁足传递书信的故事。无凭：没有凭证，指没有书信。遥：远。归梦难成：指有家难回。恰如：《全唐诗》、《古今词统》、《古今诗余醉》等本中均作“却如”；毛本《尊前集》中作“怯如”。更行更远还生：更行更远，指行程越远。更，越。还生，还是生得很多。还，仍然，还是。","　　这首《清平乐》，表现了作者在恼人的春色中，触景生情，思念离家在外的亲人的情景。　　词的上片，开篇即直抒胸臆、毫无遮拦地道出郁抑于心的离愁别恨。一个“别”字，是起意，也是点题，单刀直入，紧扣人心。李煜前期作品中因各种原因，这种开篇直抒胸臆的不多，但中、后期作品中不少，想必是生活际遇之大变，作者的感情已如洪水注池、不泄不行罢。“春半”有人释为春已过半，有理，但如释为相别半春，亦有据，两义并取也无不可。接下二句承“触目”来，“砌下落梅如雪乱”突出一个“乱”字，既写出了主人公独立无语却又心乱如麻，也写出了触景伤情景如人意的独特感受，用生动的比喻把愁情说得明白如见。“拂了一身还满”，前有“拂”字，显见有主人公克制定念的想法，但一个“满”字，却把主人公那种无奈之苦、企盼之情、思念之深刻画得至真至实。上片的画面是情景交融、虚实相生而又动静结合的，直抒胸臆中见委婉含蓄，活泼喻象中透深沉凝重。　　他之所以久久地站在花下，是因为在思念远方的亲人。“雁来”两句把思念具体化。写出作者盼信，并希望能在梦中见到亲人。古代有大雁传书的故事。西汉时，苏武出使北方，被匈奴扣留多年。但他坚贞不屈。汉昭帝派使臣要匈奴释放苏武，匈奴谎说苏武已死。使臣知苏武未死，假称皇帝曾射下大雁，雁足上系有苏武的书信说他正在匈奴的某地。匈奴听了，只得将苏武放回。所以作者说，他看到大雁横空飞过，为它没有给自己带来书信而感到失望。他又设想，和亲人在梦中相会，但“路遥归梦难成”，距离实在是太遥远了，恐怕他的亲人在梦中也难以回来。古人认为人们在梦境中往往是相通的。对方作不成“归梦”，自己也就梦不到对方了。梦中一见都不可能，思念万分之情溢于言表，从而更强烈地表现了作者的思念之切。他怀着这种心情，向远处望去，望着那遍地滋生的春草，突然发现，“离恨却如春草，更行更远还生”。“更行更远”是说无论走得多么远，自己心中的“离恨”就像那无边无际、滋生不已的春草。无论人走到哪里，它们都在眼前，使人无法摆脱。这个结句，比喻浅显生动，而且通过形象给人以离恨无穷无尽、有增无已的感觉，使这首词读起来显得意味深长。　　全词以离愁别恨为中心，线索明晰而内蕴，上下两片浑成一体而又层层递进，感情的抒发和情绪的渲染都十分到位。作者手法自然，笔力透彻，尤其在喻象上独到而别致，使这首词具备了不同凡品的艺术魅力。","离别以来，春天已经过去一半，映入目中的景色掠起柔肠寸断。阶下落梅就像飘飞的白雪一样零乱，把它拂去了又飘洒得一身满满。鸿雁已经飞回而音信毫无依凭，路途遥远，要回去的梦也难形成。离别的愁恨正像春天的野草，越行越远它越是繁生。"
"虞美人·风回小院庭芜绿","五代","李煜","风回小院庭芜绿，柳眼春相续。凭阑半日独无言，依旧竹声新月似当年。笙歌未散尊罍在，池面冰初解。烛明香暗画堂深，满鬓青霜残雪思难任。","宋词三百首，春天，写景，怀旧","⑴虞美人：词牌名。原为唐教坊曲，初咏项羽宠姬虞美人，因以为名。又名《一江春水》、《玉壶水》、《巫山十二峰》等。双调，五十六字，上下片各四句，皆为两仄韵转两平韵。⑵风：指春风。庭芜：庭院里的草。芜，丛生的杂草。⑶柳眼：早春时柳树初生的嫩叶，好像人的睡眼初展，故称柳眼。李商隐《二月二日》诗中有“花须柳眼多无赖，紫蝶黄蜂俱有情”之句。春相续：一年又一年的春天继续来到人间。⑷凭阑：靠着栏杆。⑸竹声：竹制管乐器发出的声音。竹，古乐八晋之一，指竹制管乐器，箫、管、笙、笛之类。一说“竹声”为风吹竹叶之声。⑹笙歌：泛指奏乐唱歌，这里指乐曲。尊罍（léi）在：意谓酒席未散，还在继续。尊罍，一作“尊前”。尊，酒杯，罍，一种酒器，小口大肚，有盖，上部有一对环耳，下部有一鼻可系。⑺池面冰初解：池水冰面初开，指时已初春。⑻烛明香暗：是指夜深之时。香，熏香。画堂：一作“画歌”，一作“画楼”；一作“画阑”。指华丽而精美的君室。深：一作“声”，指幽深。⑼清霜残雪：形容鬓发苍白，如同霜雪，谓年已衰老。思难任（rèn）：忧思令人难以承受，即指极度忧伤。思，忧思。难任，难以承受。任：一作“禁”。","　　开头称春风又回到小院里来，院子里的草又绿了。院子里的柳条上新生柳叶，细长如人睡眼初展，这样的柳叶在春天到来时，连续着生出来。这里写出小院中春天的信息，可以从庭草的绿色里，从柳叶的舒展和相续生出中看出来。“柳眼春相续”，写得很细，是诗人的观察。这里也透露出他的寂寞之感来。他在《玉楼春》里写在金陵时的春天景象：“晚妆初了明肌雪，春殿嫔娥鱼贯列。凤箫吹断水云闲，重按霓裳歌遍彻。”是盛极一时，跟被拘留中的寂寞正好构成对照。想起当日的情况，靠着栏杆半天没有一句话，透露他对故国之思的痛苦心情。这时想替自己排解，说风吹竹子的声音和新月的照耀还象当年。想来小院中还有竹子，春风吹来，还有竹声。不过跟《玉楼春》写的“醉拍阑干情味切”相比，这时的“半日独无言”又构成鲜明的对照了。　　下半片写他在赐第里还有故妓，还可以奏乐。笙歌未散，酒杯还在，还可以喝酒。春天到来，池面冰开始融化了。就他的处境来说，也许也像东风解冻。“烛明香暗画堂深，满鬓清霜残雪思难任。”用“烛明香暗”来陪衬“画堂深”，用“满鬓清霜残雪”的霜雪来反衬东风解冻的“冰初解”。“画堂深”是深沉，看来故妓的奏乐也是寂寞中的聊以自慰，不能跟“凤箫吹断水云闲，重按霓裳歌遍彻”相比，所以无法解除寂寞，因此有画堂深沉的感觉。东风解冻透露春天的气息，但对他说来，春天永远过去了，这表现在四十岁光景的人已经是满鬓霜雪了，这里含有对故国的怀念、亡国的痛苦难以负担。这首词，结合被俘后的生活来反映故国之思，写春天的到来，东风的解冻，都无法减轻他的痛苦。","春风吹回来了，庭院里的杂草变绿了，柳树也生出了嫩叶，一年又一年的春天继续来到人间。独自依靠着栏杆半天没有话说，那吹箫之声和刚刚升起的月亮和往年差不多。乐曲演奏未完，酒宴未散，仍在继续，池水冰面初开。夜深之时，华丽而精美的君室也变得幽深。我已年老，忧思难以承受啊。"
"破阵子·四十年来家国","五代","李煜","四十年来家国，三千里地山河。凤阁龙楼连霄汉，玉树琼枝作烟萝，几曾识干戈？一旦归为臣虏，沈腰潘鬓消磨。最是仓皇辞庙日，教坊犹奏别离歌，垂泪对宫娥。","宋词三百首，豪放，典故，留恋，感伤","破阵子：词牌名。四十年：南唐自建国至李煜作此词，为三十八年。此处四十年为概数。凤阁：别作“凤阙”。凤阁龙楼指帝王能够居所。霄汉：天河。玉树琼枝：别作“琼枝玉树”，形容树的美好。烟萝：形容树枝叶繁茂，如同笼罩着雾气。识干戈：经历战争。识，别作“惯”。干戈：武器，此处指代战争。沈腰潘鬓：沈指沈约。后用沈腰指代人日渐消瘦。潘：指潘岳。后以潘鬓指代中年白发。辞庙：辞，离开。庙，宗庙，古代帝王供奉祖先牌位的地方。犹奏：别作“独奏”。垂泪：别作“挥泪”。","　　此词上片写南唐曾有的繁华，建国四十余年，国土三千里地，居住的楼阁高耸入云霄，庭内花繁树茂。这片繁荣的土地，几曾经历过战乱的侵扰。几句话，看似只是平平无奇的写实，但却饱含了多少对故国的自豪与留恋。“几曾识干戈”，更抒发了多少自责与悔恨。下片写国破。“一旦”二字承上片“几曾”之句意，笔锋一叠，而悔恨之意更甚。终有一天国破家亡，人不由得消瘦苍老，尤其是拜别祖先的那天，匆忙之中，偏偏又听到教坊里演奏别离的曲子，又增伤感，不禁面对宫女恸哭垂泪。　　“沈腰”暗喻自己像沈约一样，腰瘦得使皮革腰带常常移孔，而“潘鬓”则暗喻词人自己像潘岳一样，年纪不到四十就出现了鬓边的白发。连着这两个典故，描写词人内心的愁苦凄楚，人憔悴消瘦，鬓边也开始变白，从外貌变化写出了内心的极度痛苦。古人说忧能伤人，亡国之痛，臣虏之辱，使得这个本来工愁善感的国君身心俱敝。李煜被俘之后，日夕以眼泪洗面，过着含悲饮恨的生活。这两个典故即是他被虏到汴京后的辛酸写照。　　此词上片写繁华，下片写亡国，由建国写到亡国，极盛转而极衰，极喜而后极悲。中间用“几曾”“一旦”二词贯穿转折，转得不露痕迹，却有千钧之力，悔恨之情溢于言表。作者以阶下囚的身份对亡国往事作痛定思痛之想，自然不胜感慨系之。此词回顾事国时的繁华逸乐：那四十年来的家国基业；三千里地的辽阔疆域，竟都沉浸在一片享乐安逸之中。“几曾识干戈”既是其不知珍惜的结果，同时也是沦为臣虏的原因。记叙离别故国时哭辞宗庙的情景，写来尤为沉痛惨怛。其事虽见载于《东坡志林》但出自后主之手，更觉凄惨苦涩，不失为一个丧国之君内心的痛苦自白。","南唐开国已有四十年历史，幅员辽阔。宫殿高大雄伟，可与天际相接，宫苑内珍贵的草木茂盛，就像罩在烟雾里的女萝。在这种奢侈的生活里，我哪里知道有战争这回事呢？自从做了俘虏，我因为在忧虑伤痛的折磨中过日子而腰肢减瘦、鬓发斑白。最使我记得的是慌张地辞别宗庙的时候，宫廷里的音乐机关/教坊的乐工们还奏起别离的歌曲，这种生离死别的情形，令我悲伤欲绝，只能面对宫女们垂泪而已。"
"蝶恋花·春暮","五代","李煜","遥夜亭皋闲信步。才过清明，渐觉伤春暮。数点雨声风约住。朦胧淡月云来去。桃杏依稀香暗渡。谁在秋千，笑里轻轻语。一寸相思千万绪。人间没个安排处。","婉约，闺怨，思念","蝶恋花，词牌名，分上下两阕，共六十个字，一般用来填写多愁善感和缠绵悱恻的内容。此词于《唐宋诸贤绝妙词选》、《类编草堂诗余》、《词的》、《古今诗余醉》等本中均有题作“春暮”。遥夜：长夜。亭皋：水边的平地。《汉书·司马相如传上》：“亭皋千里，靡不被筑。”闲：吴本《二主词》误作“闭”。信：吴讷本、吕远本、侯文灿本《南唐二主词》作“倒”。王仲闻《南唐二主词校订》云：“倒步不可解，必信步之误。”刘继增《南唐二主词笺》云：“旧钞本作信。”风约住：下了几点雨又停住，就象雨被风管束住似的。杏：《尊前集》、《唐宋诸贤绝妙词选》、《类编草堂诗余》、《词的》、《古今词统》作“杏”。《欧阳文忠近体乐府》注：“一作杏。”依依：《欧阳文忠公近体乐府》、《醉翁琴趣外篇》、《乐府雅词》、《花庵词选》、《类编草堂诗余》、《唐宋诸贤绝妙词选》、毛订《草堂诗余》、《词的》、《古今词统》均作“依稀”。《欧阳文忠近体乐府》罗泌校语云：“一作无言。”暗度：不知不觉中过去。春暗度：《尊前集》作“风暗度”。《欧阳文忠近体乐府》、《花庵词选》、《醉翁琴趣外篇》、《乐府雅词》、《唐宋诸贤绝妙词选》、《类编草堂诗余》、《词的》、《古今词统》、《古今诗余醉》、《历代诗余》、《全唐诗》作“香暗度”。谁：《乐府雅词》作“谁”。《欧阳文忠公近体乐府》罗泌校语云：“谁，一作人。”在：《欧阳文忠公近体乐府》、《醉翁琴趣外篇》、《乐府雅词》作“上”。《欧阳文忠公近体乐府》注：“一作在。”一寸：指心，喻其小。绪：连绵不断的情丝。“千万绪”有千丝万缕的意思。安排：安置，安放。","","夜间在亭台上踱着步子，不知道为何清明刚过，便已经感觉到了春天逝去的气息。夜里飘来零零落落的几点雨滴，月亮在云朵的环绕下，散发着朦胧的光泽。桃花、杏花在暗夜的空气中散发着幽香，不知道在园内荡着秋千，轻声说笑的女子是谁？对她千万般思念，在辽阔的天地里，竟无一处可以安排“我”的相思愁绪。"
"鹊踏枝·六曲阑干偎碧树","五代","冯延巳","六曲阑干偎碧树，杨柳风轻，展尽黄金缕。谁把钿筝移玉柱，穿帘海燕双飞去。满眼游丝兼落絮，红杏开时，一霎清明雨。浓睡觉来莺乱语，惊残好梦无寻处。","清明节，写景，回忆，伤怀","偎：紧靠着。黄金缕：形容嫩黄的柳条，如同丝丝金线一般。钿筝：用金翠宝石装饰的筝，玉柱：筝上定弦用的玉制码子。海燕：传说燕子来自海上，故称“海燕”。双飞，一作“晾飞”。以上两句是写有人弹起筝来，双燕由帘内惊起飞走。游丝：指在空中飞扬的虫丝。落絮：指飘落的柳絮。一霎（sha）：一阵子。唐孟郊《春后雨》诗：“昨夜一霎雨，天意苏群物。”觉来：醒来。莺乱语，一作“慵不语”。","　　这首词是拟写闺情之作，全篇以写景始而以情终，景中含情，情又衬景，因而被评为“金碧山水，一片空蒙。”（谭献《谭评词辨》）　　上阕从春光写起。“六曲阑干”三句极力描写庭院的春日明媚风景。曲曲红阑，被绿茵扶疏的碧树所环绕；院中的杨柳随风摇摆，如丝如缕的柔条在夕阳的晚照中轻盈飞舞，好一派静谧、优美的景色。一个“偎”字，写出自然景物与人工景物的和谐、亲昵，一个“展”字，写尽了柳条的媚态，词的意境，就在这柔和、清雅的景物中被烘托出。而突如其来的琮琮筝声，打破了这安静的氛围，也惊起了双燕，穿帘而去。由燕子的安居，可知闺中的冷清；由筝声的惊燕，可知声音之激越，弹筝者心情之郁闷也可见一斑。尽管全部是写景，但闺中人独处的难堪之情已经隐约可见。上阕中词人分别从听觉和视觉两个角度进行描写，先写筝鸣声之凄婉，再写成双的海燕穿帘而去，所见所闻，勾起词人隐隐的孤独与惆怅之感，为下文进一步抒情做铺垫。　　下片抒伤春之情。首三句写词人所见：游丝、落絮、红杏花，这些景物的描写，暗示春之将逝。依旧由景开始，但是“满眼”一词已经凸现了人的出现，是从闺中人的视线和心情来看景了。“游丝”和“落絮”都是经典的春愁缭乱、幽思绵绵的意象，“满”和“兼”字更说明了一种无聊、无奈的心情。这是突然降下的一阵清明雨，打得院中杏花零落。最后一句由春光缭绕归结到春闺的愁思，一个“乱”字说明了心绪之乱，“无寻处”则点出了好梦被惊醒后的烦恼与忧愁。经过这两句一点化，前面的景语全都变成了情语，令人回味不已。　　整首词诗人由写景始，由写人终。写景抓住春天的特指，但有富于变化，在变化中蕴含了作者的情感，写人先写人物的行动，把细筝移玉柱，但穿帘双燕却勾起了主人公无限的伤感，成为全词感情转折的基点。再写人物的心理，“惊残好梦无寻处”，直接抒发主人公内心的伤感。整首词写景与写人相互交融，通过穿帘的双燕，乱语的“黄莺”、“游丝”、“落絮”“清明雨”，使人物的心理活动步步呈现，达到了情与景的高度统一，但又含而不露，堪称“金碧山水，一片空蒙。”全词在艺术风格上语言明丽，用意婉曲。","在绿阴丛中，一座别致、幽静的小楼悄然独立，曲曲折折的栏杆紧紧依偎着碧树，两者相映成趣。春风和煦轻柔，鹅黄嫩绿、如丝如缕的杨柳在风中款款摆动腰肢，摇曳多姿。春光明媚，晴空万里，游丝袅袅，柳絮翻飞，这已是暮春景象了，正当杏花盛开，娇艳无比之际，却下起了一阵小雨。在如此深重的幽情之中，她不由沉沉睡去，正在睡酣梦甜之际，却被窗外清脆的莺啼声惊起，而美梦也再也无寻处了。"
"乌夜啼·昨夜风兼雨","五代","李煜","昨夜风兼雨，帘帏飒飒秋声。烛残漏断频欹枕，起坐不能平。　世事漫随流水，算来一梦浮生。醉乡路稳宜频到，此外不堪行。(一梦 一作：梦里)","宋词三百首，写风，写雨，抒情，人生","兼：同有，还有。帘帏（wéi）：帘子和帐子。帘，用布、竹、苇等做的遮蔽门窗的东西。帏，同帷，帐子，幔幕，一般用纱、布制成。飒飒（sà）：象声词，这里形容风吹帘帏发出的声音。烛残：蜡烛燃烧将尽。残，尽，竭。漏断：漏壶中的水已经滴尽，表示时间已经很晚。漏，漏壶，为古代计时的器具，用铜制成。壶上下分好几层，上层底有小孔，可以滴水，层层下注，以底层蓄水多少计算时问。频：时常，频繁。欹（qī）枕：通彀，斜，倾斜。欹枕，头斜靠在枕头上。平：指内心平静。世事：指人世间的各种各样的事情。漫：枉然，徒然。浮生：指人生短促，世事虚浮不定。浮，这里为短暂、空虚之意。醉乡：指人醉酒时神志不清的状态。稳：平稳，稳当。宜，应当。不堪行：不能行。堪，能够。","　　词的上片，主要写作者的凄苦境遇和无奈情态。“昨夜风兼雨”，不从日而偏从夜写起，是写作者悲怀愁思的夜不能寐，“风兼雨”与“飒飒秋声”相对应，是渲染环境、气氛。在这种凄凉寒苦的景色中，作者的心境是可想而知的。之所以说“昨夜”，当还有一种不堪回首的感触在其中罢。这里虽然客观的写景，但主人公的形象，尤其是他的彷徨、郁闷的心情却已隐然可见。接下来二句就是直写了。李煜在《喜迁莺·晓月坠》中曾有“无语枕频欹”之句，与此句“烛残漏断频欹枕”用意相同，但所思不同。以前是怀想佳人，君存情爱在先，如今却是是国破家亡成阶下之囚，境遇不同，感触自是相异，于是看“烛残”、听“漏断”，虽然仍是“无语”，但却已是“起坐不能平”了。“不能平”的不是身体，而是心境，这一次是连梦都没有了。上片虽似写景为主，描摹情状，但事实上作者那种愁思如潮、郁抑满怀的心情却已淋漓尽致地表现出来，深沉而又挚切。　　词的下片以抒情为主，抒发作者的切肤之痛和人生感慨。这既是“起坐不能平”的原因，也是“起坐不能平”中思前想后的结论。“世事漫随流水，算来梦里浮生”，昨日一国之君，今日阶下之囚；昨夜欢歌笑语，今夜“烛残漏断”，明日明夜呢？作者的苦痛遭遇，不能不使他有人生如梦的感慨和浩叹。一个“漫”字，极空虚，极幻妄，准确地传达了作者的万千思绪。一个“算来”，既说明作者是总结回顾了自己的过去得出的结论，但同时也传达出作者的那种十分迷惘、无奈的心情，同“漫”字一样地生动、传神。作者的这种慨叹是沉痛的，但同时也是消极的，于是作者宁愿醉去不醒，宁愿迷迷糊糊，“醉乡路稳宜频到”，原来作者指望的是一个“稳”字，一语道破天机，作者处境的危险困苦不言自明。所以我们并不能从这个角度太过严厉地去批评李煜的颓废消极思想，环境使然，差可理解。更何况即便如此，李煜也仍是难逃恶运，不久于世。　　全词比较鲜明地体现了李煜后期作品的特色：情感真实，清新自然。尤其是这首词，作者对自己的苦痛毫不掩饰，把自己的人生感慨明白写出，不假饰，不矫情，简洁质朴，有现实感，虽然思想情调不高，但艺术价值不低。","昨天的夜晚，风雨交加， 遮窗的帐子被秋风吹出飒飒的声响，窗户外传来了令人心烦的风声雨声，整整响了一夜。蜡烛燃烧的所剩无几，壶中水已漏尽，我不停的多次起来斜靠在枕头上。 躺下坐起来思绪都不能够平稳。人世间的事情，如同流水东逝，说过去就过去了，想一想我这一生，就像做了一场大梦，以前的荣华富贵生活已一去不复返了。醉乡道路平坦，也无忧愁，可常去，别的地方不能去。"
"忆江南·多少恨","五代","李煜","多少恨，昨夜梦魂中。还似旧时游上苑，车如流水马如龙。花月正春风。","婉约，记梦，思国","望江南：《全唐诗》、《词谱》等均作《忆江南》。梦魂：古人认为在睡梦中人的灵魂会离开肉体，故称“梦魂”。还似：一作“还是”。上苑：封建时代供帝王玩赏、打猎的园林。车如流水马如龙：意思是车子接连不断像流水一样驰过，马匹络绎不绝像一条龙一样走动。形容车马络绎不绝，十分繁华热闹。花月：花和月，泛指美好的景色。花月正春风，意思是形容春天鲜花怒放，春夜月光明朗，春风微拂的情景，描绘春光的明媚。","","我有多少的恨，昨夜梦中的景象，还像以前我还是故国君主时，常在上苑游玩，车子如流水穿过，马队像长龙一样川流不息。正是景色优美的春天，还吹着融融的春风。"
"鹊踏枝·谁道闲情抛掷久","五代","冯延巳","谁道闲情抛掷久？每到春来，惆怅还依旧。日日花前常病酒，敢辞镜里朱颜瘦。(敢辞 一作：不辞)河畔青芜堤上柳，为问新愁，何事年年有？独立小桥风满袖，平林新月人归后。","宋词三百首，婉约，春愁，感叹，人生","清王鹏运《半塘丁稿·鹜翁集》云：“冯正中《鹤踏枝》十四首，郁伊倘况，义兼比兴。”调名即《蝶恋花》。谁道句：近人梁启超云：“稼轩《摸鱼儿》起处从此脱胎。文前有文，如黄河液流，莫穷其源。”（《阳春集笺》引）。闲情：即闲愁、春愁。病酒：饮酒过量引起身体不适。敢辞：不避、不怕。朱颜，青春红润的面色。朱颜：这里指红润的脸色。青芜：青草。平林：平原上的树林。李白《菩萨蛮》：“平林澳漠烟如织。”新月：阴历每月初出的弯形月亮。","　　这是一首表达孤寂惆怅的言情词。全词所写的乃是心中一种常存永在的惆怅、忧愁，而且充满了独自一人承担的孤寂、凄冷之感，不仅传达了一种感情的意境，而且表现出强烈而鲜明的个性，意蕴深远，感发幽微。　　上阕开门见山，首句用反问的句式把这种既欲抛弃却又不得忘记的“闲情”提了出来，整个上片始终紧扣首句提出的复杂矛盾的心情回环反复，表现了作者内心感情的痛苦撕咬。　　“谁道闲情抛掷久。”虽然仅只七个字，然而却写得千回百转，表现了在感情方面欲抛不得的一种盘旋郁结的挣扎的痛苦。而对此种感情之所由来，却又并没有明白指说，而只用了“闲情”两个字。这种莫知其所自来的“闲情”才是最苦的，而这种无端的“闲情”对于某些多情善感的诗人而言，却正是如同山之有崖、木之有枝一样的与生俱来而无法摆脱的。词人在此一句词的开端先用了“谁道”两个字，“谁道”者，原以为可以做到，谁知竟未能做到，故以反问之语气出之，有此二字，于是下面的“闲情抛弃久”五字所表现的挣扎努力就全属于徒然落空了。　　“每到春来，惆怅还依旧。”上面着一“每”字，下面着一“还”，字，再加上后面的“依旧”两个字，已足可见此“惆怅”之永在长存。而“每到春来”者，春季乃万物萌生之时，正是生命与感情觉醒的季节，词人于春心觉醒之时，所写的却并非如一般人之属于现实的相思离别之情，而只是含蓄地用了“惆怅”二字。“惆怅”者，是内心恍如有所失落又恍如有所追寻的一种迷惘的情意，不像相思离别之拘于某人某事，而是较之相思离别更为寂寞、更为无奈的一种情绪。　　“日日花前常病酒，敢辞镜里朱颜瘦。”既然有此无奈的惆怅，而且经过抛弃的挣扎努力之后而依然永在长存，于是下面两句冯氏遂径以殉身无悔的口气，说出了“日日花前常病酒，不辞镜里朱颜瘦”两句决心一意承担负荷的话来。上面更着以“日日”两字，更可见出此一份惆怅之情之对花难遣，故唯有“日日”饮酒而已。曰“日日”，盖弥见其除饮酒外之无以度日也。至于下句之“镜里朱颜瘦”，则正是“日日病酒”之生活的必然结果。曰“镜里”，自有一份反省惊心之意，而上面却依然用了“不辞”二字，昔《离骚》有句云“虽九死其犹未悔”，“不辞”二字所表现的，就正是一种虽殉身而无悔的情意。　　下阕进一步抒发这种与时常新的闲情愁绪。词人把这种迷惘与困惑又直接以疑问的形式再次鲜明突出地揭诸笔端，可谓真率之极；而在“河畔青芜堤上柳”的意象之中，隐含着绵远纤柔、无穷无尽的情意与思绪，又可谓幽微之至。　　“河畔青芜堤上柳。”下半阕承以“河畔青芜堤上柳”一句为开端，在这首词中实在只有这七个字是完全写景的句子，但此七字却又并不是真正只写景物的句子，不过只是以景物为感情之衬托而已。所以虽写春来之景色，却并不写繁枝嫩蕊的万紫千红，只说“青芜”，只说“柳”。“芜”者，丛茂之草也，“芜”的青青草色既然遍接天涯，“柳”的缕缕柔条，更是万丝飘拂。簇这种绿遍天涯的无穷草色，这种’随风飘拂的无尽柔条，它们所唤起的，或者所象喻的，该是一种何等绵远纤柔的情意。而这种草色又不自今日方始，年年河畔草青，年年堤边柳绿，则此一份绵远纤柔的情意，也就年年与之无尽无穷。　　“为问新愁，何事年年有。”所以下面接下去就说了“为问新愁，何事年年有”二句，正式从年年的芜青柳绿，写到“年年有”的“新愁”。虽是“年年有”的“愁”，却又说是“新”，一则此词开端已曾说过“闲情抛弃久”的话，经过一段“抛弃”的挣扎，而重新又复苏起来的“愁”，所以说“新”；再则此愁虽一宋词鉴赏辞典一旧，而其令人惆怅的感受，则敏锐深切岁岁常新，故曰“新”。上面用了“为问”二字，下面又用了“何事”二字，造成了一种强烈的疑问语气，从其尝试抛弃之徒劳的挣扎，到问其新愁之何以年年常有，有如此之挣扎与反省而依然不能自解。在此强烈的追问之后，词人却忽然荡开笔墨，更不作任何回答，而只写下了“独立小桥风满袖，平林新月人归后”两句身外的景物情事，仔细玩味，这十四个字却实在是把惆怅之情写得极深。　　“独立小桥风满袖，平林新月人归后。”试观其“独立”二字，已是寂寞可想，再观其“风满袖”三字，更是凄寒可知，又用了“小桥”二字，则其立身之地的孤伶无所荫蔽亦复如在眼前，而且“风满袖”一句之“满”字，写风寒袭人，也写得极饱满有力。在如此寂寞孤伶无所荫蔽的凄寒之侵袭下，其心情之寂寞凄苦已可想见，何况又加上了下面的“平林新月人归后”七个字。“平林新月”，则林梢月上，夜色渐起，“人归后”，则路断行人，已是寂寥人定之后了。从前面所写的“河畔青芜”之颜色鲜明来看，应该乃是白日之景象，而此一句则直写到月升人定，则诗人承受着满袖风寒在小桥上独立的时间之长久也可以想见了。如果不是内心中有一份难以排解的情绪，有谁会在寒风冷露的小桥上直立到中宵呢？","谁说闲情逸致被忘记了太久？每到新春来到，我的惆怅心绪一如故旧。为了消除这种闲愁，我天天在花前痛饮，让自己放任大醉，不惜身体消瘦，对着镜子自己容颜已改。河边上芳草萋萋，河岸上柳树成荫。见到如此美景，我忧伤地暗自思量，为何年年都会新添忧愁？我独立在小桥的桥头，清风吹拂着衣袖。只有远处那一排排树木在暗淡的月光下影影绰绰，与我相伴。"
"长命女·春日宴","五代","冯延巳","春日宴，绿酒一杯歌一遍。再拜陈三愿：一愿郎君千岁，二愿妾身常健，三愿如同梁上燕，岁岁长相见。","宋词三百首，婉约，夫妻，饮酒，祝愿","长命女：唐教坊曲名用作词调名。全词39字，上片三句三仄韵，下片四句仄韵。绿酒：古时米酒酿成未滤时，面浮米渣，呈淡绿色，故名。妾身：古时女子队自己的谦称。岁岁：年年，即每年。","　　这首词实际是祝酒词，描写春日开宴时，夫妇双方祝酒陈愿。前两愿分别祝郎君与自己长寿健康，第一愿以梁燕双柄喻夫妻团圆，天长地久。冯词三愿对于人问恩爱夫妇而苦则相当典型，主人公不求富贵．惟愿夫妇相守长久，意愿虽强而所求不奢，表现了古代女子对美满生活的追求。　　在具体描写上。本词不但通过人物的语言来抒情，而且通过相应的具体环境描写来烘托人物的思想感情。春日、绿酒、情歌、呢喃燕语，构成了极美的意境，对于爱情的抒写是极有力的烘托。　　整首词采用妇人口吻，语言清新明丽，语浅情深，可谓做到单纯与丰富富、平易与雅致高度统一，深得民歌精髓，化平凡为神奇，艺术效果奇妙。","风和日丽的春天，摆起丰盛的酒宴。一杯美酒一曲歌呵，拜了又拜许三愿：一愿郎君你长寿千岁，二愿我身体永远康健，三愿我俩如同梁上燕呀，双双对对，幸福无边。"
"谒金门·风乍起","五代","冯延巳","风乍起，吹皱一池春水。闲引鸳鸯香径里，手挼红杏蕊。斗鸭阑干独倚，碧玉搔头斜坠。终日望君君不至，举头闻鹊喜。","宋词三百首，婉约，写景，惜别，留恋","谒金门：词牌名。乍：忽然。闲引：无聊地逗引着玩。挼：揉搓。斗鸭：以鸭相斗为欢乐。斗鸭阑和斗鸡台，都是官僚显贵取乐的场所。独：一作“遍”碧玉搔头：一种碧玉做的簪子。《西京杂记》载：“（汉）武帝过李夫人，就取玉簪搔头；自此后，宫人搔头皆用玉。”","　　冯延巳擅长以景托情，因物起兴的手法，蕴藏个人的哀怨。写得清丽、细密、委婉、含蓄。这首脍炙人口的怀春小词，在当时就很为人称道。尤其“风乍起，吹绉一池春水”，是传诵古今的名句。词的上片，以写景为主，点明时令、环境及人物活动。下片以抒情为主，并点明所以烦愁的原因。　　春风乍起，吹皱了一池碧水，这本是春日平常得很的景象。可是有谁知道，这一圈圈的涟漪，却搅动了一位女性的感情波澜。别看她貌似悠闲，时而逗引鸳鸯，时而揉扯花蕊，过一会儿又倚身在池栏上观看斗鸭，但只需要从她懒洋洋的神态上，我们就知她的心思其实全不在此。随着几声喜鹊的欢叫，她的面庞儿顿时就涌上了一阵红晕----盼念已久的丈夫终于回家了，这怎能不令她的心像小鹿儿那样乱撞乱跳？","春风乍起，吹皱了一池碧水。（我）闲来无事，在花间小径里逗引池中的鸳鸯，随手折下杏花蕊把它轻轻揉碎。独自倚靠在池边的栏杆上观看斗鸭，头上的碧玉簪斜垂下来。（我）整日思念心上人，但心上人始终不见回来，（正在愁闷时），忽然听到喜鹊的叫声。"
"清平乐·雨晴烟晚","五代","冯延巳","雨晴烟晚。绿水新池满。双燕飞来垂柳院，小阁画帘高卷。黄昏独倚朱阑。西南新月眉弯。砌下落花风起，罗衣特地春寒。","宋词三百首，婉约，写景，妇女，孤独，思念","砌：台阶。特地：特别。砌：台阶。朱阑：一作“朱栏”，红色的栏杆。","　　这是一首抒写闺情的词作，写的是一个少妇在暮春时节的一个黄昏，思念亲人并等待他归来的情景。　　词的上片写明节候、环境以及这位少妇所见的景物特色。　　“雨晴烟晚，绿水新池满”一个“晚”字点名时间；“绿水”二字交待气候-----此时正值春天。这两句乃是写寻常春景：雨后放晴，夕阳残照，烟霭空濛一片，暮色中但见新池绿水盈盈，这景色春意盎然。这是女主人公乍一放眼就看到的自然美，与一般人的赏春并没有什么不同，还未充分显现出她观景的独特感受。　　“双燕飞来垂柳院，小阁画帘高卷”作者在写景中表现主人公观景有一个心理过程。她乍一看春色挺美，但继而看到暮色中归来的双燕在种着垂柳的庭院中翻飞盘旋，她的心弦就被触动了，与前面两句不自觉地感到春景之美就有些不同。燕子尚能在傍晚双双归巢，那么人呢，作者没有明说，只是写这位少妇把阁中画帘高高卷起。她的卷帘，既是为了更清楚地看双飞燕，也是为了使燕子进入画梁栖宿。这一无言的卷帘动作，蕴含着她的独特而微妙的心情，既有对成双晚归的燕子的羡慕，也有只见归燕而不见归人的怨怅。双燕在这里有鲜明的映衬作用，微露了她的复杂心境。在词中，用双飞燕、双鹧鸪、双飞蝶、双鸳鸯等形象来衬托女子的孤独感，是常见的，这里也是如此。至此读者看到春色虽美，但在女主人公眼中却有一个转折，从一般的观赏到融入自己的生活体验，赏景中那种希望成双团聚的潜意识觉醒了。　　词的下片以女主人为中心，描绘她孤独凄冷的处境。　　“黄昏独倚朱阑，西南新月眉弯。”上片之景原来都为女主人公独倚栏所见，“黄昏”对应上片的“晚”，“独倚”与上片“双飞”对举，点明她的孤单处境。那么，她黄昏倚栏是为了眺望远景吗？自然不是黄昏时分，大地一片模糊，还能看见什么呢，她是在盼望远人归来。“西南新月眉弯，”月出于东而落于西，她自黄昏独倚，直到月色偏西，可见其倚栏之久，盼望之切。　　“砌下落花风起，罗衣特地春寒。”从卷帘望飞燕到倚阑盼归人而望月，地点是不断移动的。此刻人依然未归，她又来到了阶砌再伫立等待。她真是心绪不宁，在住所凡是可看到归人的地方多次徘徊。直到夜风卷起阶前的落花，拂动她的罗衣时，她才感到春寒袭人。“落花风起”再次点明了暮春的季节特征，兼有春思撩人的象征意味。“特地”可解作“特意”或“特别”，在这里作“特别”解为宜。春夜的风使她感到特别塞冷，不仅仅由于她只穿了件薄薄的罗衣，更主要是因为她的独处而不能在心头激荡着暖流，这“寒”即是天寒，更指心寒，它以全篇之力为全篇做了一个收束。　　这是一首闺情词词中表露的是女主人公那种淡淡的哀怨与怅恨，于微婉的格调中流动着丝丝思情。此类写女子独居伤怀、望夫归来的题材，在《花间集》词作中常见。作者大多善于摄取微细的生活镜头，融入特定的自然景象，来表现女主人公的感受。这首词也体现了花间派的这种创作特色。","雨后初晴，傍晚淡烟弥漫，碧绿的春水涨满新池。双燕飞回柳树低垂的庭院，小小的阁楼里画帘高高卷起。黄昏时独自倚着朱栏，西南天空挂着一弯如眉的新月。台阶上的落花随风飞舞，罗衣显得格外寒冷。"
"捣练子令·深院静","五代","李煜","深院静，小庭空，断续寒砧断续风。无奈夜长人不寐，数声和月到帘栊。","宋词三百首，婉约，孤独","砧（zhēn）：捣衣石。寒砧：寒夜捣帛声。古代秋来，家人捣帛为他乡游子准备寒衣。栊：窗户。","　　这是一首本义词。白练是古代一种丝织品，其制作要经过在砧石上用木棒捶捣这道工序，而这工序一般都是由妇女操作的。这首词的词牌即因其内容以捣练为题材而得名。　　作者通过对一个失眠者夜听砧上捣练之声的描绘，写出了抒情主人公内心的焦躁烦恼。但作者却为这种忐忑不宁的心情安排了一个十分幽静寂寥、空虚冷漠的环境。头两句乍一看仿佛是重复的，后来汤显祖在《牡丹亭》里就写出“人立小庭深院”的句子，把“深院”和“小庭”基本上看成同义词。其实这两句似重复而并不重复。第一句是诉诸听觉，第二句是诉诸视觉。然而尽管耳在听目在看，却什么也没有听到和看到。这样，“静”和“空”这两个字，不仅在感受上给人以差别，而且也看出作者在斟酌用词时是颇费了一番心思的。至于“深院”，是写居住的人远离尘嚣；“小庭”则写所居之地只有一个空荡荡的小小天井，不仅幽静，而且空虚。头两句看似写景，实际是衬托出主人公内心的寂寞无聊。只有在这绝对安静的环境里，远处被断续风声吹来的砧上捣练之声才有可能被这小庭深院的主人听到。　　第三句是这首词的核心。自古以来，砧上捣衣或捣练的声音一直成为夫妇或情人彼此相思回忆的诗料；久而久之，也就成为诗词里的典故。比如李白在《子夜吴歌》的第三首里写道：“长安一片月，万户捣衣声。秋风吹不尽，总是玉关情。何日平胡虏，良人罢远征？”杜甫的一首题为《捣衣》的五律也说：“亦知戍不返，秋至拭清砧。已近苦寒月，况经长别心。宁辞捣衣倦，一寄塞垣深。用尽闺中力，君听空外音。”李杜两家所写，是从捣衣人的角度出发的。而李煜这首词却是从听砧声的人的角度来写的。这个听砧的人不管是男是女，总之是会因听到这种声音而引起相思离别之情的。不过，第三句虽连用两次“断续”字样，含义却不尽相同。一般地说，在砧上捣衣或捣练，总是有节奏的，因此一声与一声之间总有短暂的间歇，而这种断续的有节奏的捣练声并没有从头至尾一声不漏地送入小庭深院中来。这是因为风力时强时弱，风时有时无，这就使身居小庭深院中的听砧者有时听得到，有时听不到。正因为“风”有断续，才使得砧声时有时无，若断若续。这就把一种诉诸听觉的板滞沉闷的静态给写活了。下面两旬，明明是人因捣练的砧声搅乱了自己的万千思绪，因而心潮起伏，无法安眠；作者却偏偏翻转过来倒果为因，说人由于夜长无奈而睡不着觉，这才使砧声时断时续地达于耳畔。而且夜深了，砧声还在断断续续地响，是伴随着月光传入帘栊的。这就又把听觉和视觉相互结合起来，做到了声色交融——秋月的清光和捣练的音响合在一起，共同触动着这位“不寐”者的心弦。然而作者并没有绘声绘色，大事渲染，只是用单调的砧声和素朴的月光唤起了读者对一个孤独无眠者的同情。这正是李煜写词真正见功力的地方。　　前人评论李煜词的特点，都说他不假雕饰，纯用白描。其实李煜写词何尝不雕饰呢，只是洗尽铅华，摆脱了尘俗的浓妆艳抹，使人不觉其雕饰的痕迹而已。这首小词无论结构、布局、遣辞、造句，作者都经过了严密的构思和细致的安排，而给予读者的感受，却仿佛只是作者的自然流露。一个作家能于朴实无华之中体现匠心，才是真正的白描高手。","秋风送来了断续的寒砧声，在小庭深院中，听得格外真切。夜深了，月光和砧声穿进帘栊，更使人联想到征人在外，勾起了绵绵的离恨和相思。因而长夜不寐，愁思百结。"
"摊破浣溪沙·菡萏香销翠叶残","五代","李璟","菡萏香销翠叶残，西风愁起绿波间。还与韶光共憔悴，不堪看。细雨梦回鸡塞远，小楼吹彻玉笙寒。多少泪珠何限恨，倚栏干。(栏 通：阑) (何限恨 一作：无限恨)","宋词三百首，婉约，闺怨，写景，荷花，思念","摊破浣溪沙：词牌名。又名“添字浣溪沙”“山花子”“南唐浣溪沙”。双调四十八字，前阕三平韵，后阕两平韵，一韵到底。前后阕基本相同，只是前阕首句平脚押韵，后阕首句仄脚不押韵。后阕开始两句一般要求对仗。这是把四十二字的“浣溪沙”前后阕末句扩展成两句，所以叫“摊破浣溪沙”。菡萏：荷花的别称。西风愁起：西风从绿波之间起来。以花叶凋零，故曰“愁起“。鸡塞：亦作鸡禄山。这里泛指边塞。彻：大曲中的最后一遍。“吹彻“意谓吹到最后一曲。笙以吹久而含润，故云”寒“。玉笙寒：玉笙以铜质簧片发声，遇冷则音声不畅，需要加热，叫暖笙。","　　李璟流传下来的词作不多，所传几首词中，最脍炙人口的，就是这首《摊破浣溪沙》（有些本子作《浣溪沙》）。　　词的上片着重写景。菡萏，荷花的别称。文字的语言是形象的，所以作者一上来就说：“菡萏香销翠叶残”。说“香”，点其“味”；说“翠”，重其“色”。此时味去叶枯确然使人惆怅。西风，秋风之谓也。绿波，写的是莹莹秋水。如果说上句是重在写秋色，那么这一句则重在写秋容。一个“愁”字，把秋风和秋水都拟人化了，于是，外在的景物也霎时同作家的内在感情溶为一体了，词作也因之而笼罩了一层浓重的萧瑟气氛。三、四两句，由景生情，更进一步突出作家的主观感受。韶光，指春光。在这里，作家以其独特而深刻的感受告诉人们：在这秋色满天的时节，美好的春光连同荷花的清芬、荷叶的秀翠，还有观荷人的情趣一起憔悴了，在浓重的萧瑟气氛中又平添了一种悲凉凄清的气氛。“不堪看”三字，质朴而有力，明白而深沉，活脱脱地抒发了诗人的主观感情。“自古逢秋悲寂寥”（唐刘禹锡诗句）。李璟虽然位高为皇帝，但是生性懦弱，再加上当时内外矛盾重重，境遇相当危苦，此时此刻，触景伤情，从而产生无穷的痛苦和哀怨是十分自然的。　　词的下片着重抒情。首句，托梦境诉哀情。一梦醒来，雨声细细，梦境即便美好，但所梦之人毕竟远在边塞（鸡塞，鸡麓塞，在今陕西省。这里泛指边塞），可思可望而不可即。的确是“雨亦绵绵，思亦绵绵”。“小楼”句，以吹笙衬凄清。风雨高楼，玉笙整整吹奏了一曲（彻，遍，段。吹彻，吹完最后一段），因吹久而凝水，笙寒而声咽，映衬了作家的寂寞孤清。这两句亦远亦近，亦虚亦实，亦声亦情，而且对仗工巧，是千古传唱的名句。最后两句，直抒胸臆。环境如此凄清，人事如此悲凉，不能不使人潸然泪下，满怀怨恨。“多少”，“何限”，数不清，说不尽。流不完的泪，诉不尽的恨；泪因恨洒，恨依泪倾。语虽平淡，但很能打动人心。结语“倚栏干”一句，写物写人更写情，脉脉深长，语已尽而意无穷。　　这首词有些版本题名“秋思”，看来是切合的。李廷机评论过这首词是“字字佳，含秋思极妙”（《全唐五代词》四四一页）。确实，它布景生思，情景交融，其有很强的艺术感染力。","荷花落尽，香气消散，荷叶凋零，深秋的西风拂动绿水，使人愁绪满怀。美好的人生年华不断消逝。与韶光一同憔悴的人，自然不忍去看（这满眼萧瑟的景象）。细雨绵绵，梦境中塞外风物缈远。（醒来）寒笙呜咽之声回荡在小楼中。（想起故人旧事），（她）含泪倚栏，怀抱无穷幽怨。"
"菩萨蛮·花明月暗笼轻雾","五代","李煜","花明月暗笼轻雾，今宵好向郎边去。刬袜步香阶，手提金缕鞋。画堂南畔见，一向偎人颤。奴为出来难，教君恣意怜。","少女，爱情","暗，一作“黯”。笼轻雾：笼罩着薄薄的晨雾。笼，一作“飞”；一作“水”。今朝：今夜，一作“今宵”。郎边：一作“侬边”。刬（chǎn）：《全唐诗》及《南唐书》中均作“衩”。刬，只，仅，犹言“光着”。刬袜，只穿着袜子着地。唐《醉公子》词中有：“刬袜下香阶，冤家今夜醉。”步：这里作动词用，意为走过。香阶：台阶的美称，即飘散香气的台阶。手提：一作“手携”。金缕鞋：指鞋面用金线绣成的鞋。缕，线。画堂：古代宫中绘饰华丽的殿堂，这里也泛指华丽的堂屋。南畔：南边。一向：一作“一晌。”一向，同一晌，即一时，刹时间。偎：紧紧地贴着，紧挨着。一作“畏”。颤：由于心情激动而身体发抖。奴：一作“好”。奴，古代妇女自称的谦词，也作奴家。出来：一作“去来”。教君：让君，让你。一作“教郎”；一作“从君”。恣（zì）意：任意，放纵。恣，放纵，无拘束。怜：爱怜，疼爱。","　　这首艳情词素以狎昵真切著称。　　上句以夜景铺垫，黯淡的月，迷离的雾，给半夜悄然赴约，生怕被人发觉的女主人公一点方便，暗影中的明艳花朵象征着偷情的少女的娇媚和青春。女人呼男子为“郎”，说明她的心已然相许了。如今主动前去践约，恐怕曾经多次犹豫才有今天的决心的。下面原该接续下片的幽会场面，词人却做了一个颠倒的结构：他把女人行动的一来一去、幽会的一首一尾，这两个画面捏在一起，作为上片，因为它们描摹的都是女人的单独行动。第一个是淡月轻雾中女子潜来的画面。第二个则是幽会事毕，女于仓皇离去的画面。“刬袜步香阶，手提金缕鞋。”女人何等慌张，因来不及穿鞋，光着袜底便跑了。一双手还提着鞋子。这个画面虽涉狠裹，但生动传神，饶有情致。少女初次偷情，上片是这等行为，下片是那样心态。一方面因做错了事而害怕，害羞；一方面因偷情成功，激动而有幸福感。　　下片写幽会的中心，更加精彩：“画堂西畔见，一向偎人颤。”女人走到践约之处——画堂西畔，一眼瞥见等待她的情郎，便扑过去，紧相偎倚，身子抖动着，好一会儿享受着难得的欢乐。词人用了一个“一向”，一个“颤”，描摹女子的情态，可谓大胆的暴露，狎昵的极度。末二句描摹女子的言语，更是写实之笔：“奴为出来难，教郎恣意怜。”越礼偷情，幽会不易，感郎挚爱，今来就郎。“任你恣意爱怜吧，我只珍惜这幸福的一刻！”女子如此毫无忌讳地吐露爱情，真令男子销魂无限。只有后主之情和他的笔，才会把本人的风流韵事传写得如此淋漓尽致。　　从这首词看，李煜是如何擅长写人物。他以白描手法，认真细致地描摹人物的行动、情态和语言，毫无雕饰和做作。只凭画面和形象，便做成了艺术品。不过如此狎昵的猥褒的内容，不足为法。和古代《诗经》、《汉乐府》五代诗词向等描摹妇女的热烈坦率的爱情、反叛坚定的性格的那些名著，是不可相提并论的。　　李煜的这首词，极俚，极真，也极动人，用浅显的语言呈现出深远的意境，虽无意于感人，而能动人情思，达到了王国维所说“专作情语而绝妙”的境地。","朦胧的月色下花儿是那么娇艳，在这迷人的夜晚我要与你秘密相见。我光着袜子一步步迈上香阶，手里还轻轻地提着那双金缕鞋。在画堂的南畔我终于见到了你呀！依偎在你的怀里，我内心仍不停的发颤。你可知道我出来见你一次是多么的不容易，今天晚上我要让你尽情地把我爱怜。"
"渔父·浪花有意千里雪","五代","李煜","浪花有意千里雪，桃花无言一队春。一壶酒，一竿身，快活如侬有几人。","题画，抒怀，向往，隐逸，生活","","　　这首词是题《春江钓叟图》画之词。据《南唐书·后主纪》载：“文献太子恶其有奇表，后主避祸，惟覃思经籍。”由此，也有人认为，这首词是“后主为情势所迫，沈潜避祸，隐遁世尘并写词表露自己的遁世之心，以释文献太子的疑嫉”（蒲仁、梅龙《南唐二主词全集》辑注），也有道理。词史上最早写《渔父》词的，是唐代的张志和。李煜这首词，继承的就是张志和的“渔父家风”，写渔父的快乐逍遥。从词意上看，此词耽于隐逸、格调不高，当是李煜前期意念消沉的作品。　　此词开篇入画，将画中意境以言辞写出，以画境言心境。“浪花”成“千里雪”，“桃花”作“一队春”，写春江浪涌，春光明媚，中间嵌以“有意”和“无言”，作者以情见景，借景寓意，心态淡然而出。有酒、有竿、悠然独钓，这种情境虽静寂却清新，所以作者以问作结：“快活如侬有几人？”其叹如赞，表现出作者对隐逸生活的向往和满足。这首词语淡情疏，清丽简约，诗情与画境浑然一体，趣致盎然。　　这首词题画抒怀，借景寓意，虽然情趣不高，但悠然散淡之意境却清丽不俗，也可视为题画诗词中的精品。","注释 此词调名亦作《渔父词》，《历代诗余》中作《渔歌子》。据宋阮阅《诗话总龟》载：“予尝于富商高氏家，观贤画《盘车水磨图》，及故大丞相文懿张公弟，有《春江钓叟图》，上有南唐李煜金索书《渔父词》二首。其一曰：‘浪花有意千里雪，……’其二曰：‘一棹春风一叶舟，……’”。另《古今诗话》中亦云：“张文懿家有《春江钓叟图》，上有李煜《渔父词》二首。”又，《花草粹编》中此词有题作“题供奉卫贤《春江钓叟图》，并注云：“金索书，不知书名抑书法也。”据夏承焘《唐宋词人年谱·南唐二主年谱》引陶谷《清异录》云：“后主善书，作颤笔樛曲之状，遒劲如寒松霜竹，谓之‘金错刀’。”依王仲闻解，“金索书”即“金错刀书”，也就是李煜的书法。 浪花：《词谱》、《花草粹编》中均作“阆（láng）苑”。阆苑，传说中神仙居住的地方。有意：有本作“有情”。千里雪：一作“千重雪”，此据《全唐诗》。千重，千层，层层叠叠。 桃花：一作“桃李”，此据《全唐诗》。一队春：指桃李盛开，由近及远，好像队列有序一样排列着，言春色正浓，春意盎然。 身：《南唐二主词汇笺》中作“轮”；《诗话总龟》中作“鳞”。一竿身：一根钓竿。 侬（nóng）：我，江南口语。快活：《诗话总龟》中作“世上”。 ▲"
"浪淘沙·往事只堪哀","五代","李煜","往事只堪哀，对景难排。秋风庭院藓侵阶。一任珠帘闲不卷，终日谁来。金锁已沉埋，壮气蒿莱。晚凉天净月华开。想得玉楼瑶殿影，空照秦淮。","追怀，帝王，生活","藓侵阶：苔藓上阶，表明很少有人来。一任：任凭。吴本、吕本、侯本《南唐二主词》、《花草粹编》作“一行”。《续选草堂诗余》、《古今词统》作“一片”。粟本《二主词》、《历代诗余》、《全唐诗》作“桁（héng）”。一桁：一列，一挂。如杜牧《十九兄郡楼有宴病不赴》：“燕子嗔重一桁帘。”终日谁来：整天没有人来。金锁：即铁锁，用三国时吴国用铁锁封江对抗晋军事。或以为“金锁”即“金琐”，指南唐旧日宫殿。也有人把“金锁”解为金线串制的铠甲，代表南唐对宋兵的抵抗。众说皆可通。锁：萧本、晨本《二主词》作“琐”。侯本《南唐二主词》、《花草粹编》、《词综》、《历代诗余》、《全唐诗》作“金剑”。《续选草堂诗余》、《古今词统》作“金敛”。《古今词统》并注：“敛，一作剑。”按：作敛不可解，盖承“金剑”而误。已：《草堂诗余续集》、《古今词统》作“玉”。《古今词统》并注：“玉，一作已。”蒿莱：蒿莱，借指野草、杂草，这里用作动词，意为淹没野草之中，以此象征消沉，衰落。净：吴讷《百家词》旧抄本、吕本、侯本、萧本《南唐二主词》、《花草粹编》、《词综》、《续集》、《词综》、《全唐诗》俱作“静”。秦淮：即秦淮河。是长江下游流经今南京市区的一条支流。据说是秦始皇为疏通淮水而开凿的，故名秦淮。秦淮一直是南京的胜地，南唐时期两岸有舞馆歌楼，河中有画舫游船。","　　起句“往事只堪哀”，将全篇基调定出，并凝结到一个“哀”字上。这“哀”是如此深重，以至于“对景难排”。本来“对景难排”就在说无人可以倾诉，只好独自面对景物，希望能作排遣，在诉说哀痛深重的同时，已有孤独之意。由此拈出“难”，是说孤苦之深，面对景物也无法排遣。更接以“秋风庭院藓侵阶”，用苔藓满地写无人造访，用庭院秋风写空旷凄凉，景色已然寂寞，孤苦唯见深重。这样便将人的孤独写得很具体，很形象，那内心的哀伤，非但是“难排”，“对景”更是徒然增痛而已。时当秋天，是枯索萧瑟之季；身在庭院，有高墙围困之难。而在这小院中，秋风吹过，树叶黄落，唯一的绿色就是蔓延生长的苔藓，那层暗绿一直爬到了进入堂室的台阶上，看着令人心酸。刘禹锡的《陋室铭》有“苔痕上阶绿，草色入帘青”的名句，表现高逸脱俗的文人雅趣。这里写苔藓，是说生活的孤寂，在寒瑟的秋天虽然有这一点绿色，却是长年没有人行走的痕迹，尤增悲哀。于是作者“一任珠帘闲不卷”，既然“终日”都无人来。“一桁”写索性，不是痛快的豪放，而是无奈的放弃。“闲”写门帘长垂的状态，实指自己百无聊赖的生活处境，既不是“一帘风月闲”（《长相思》）的悠闲，也不是“同醉与闲平，诗随羯鼓成”（《菩萨蛮》）的闲散。上片就眼前景物而写孤苦的凄凉心境。　　下片转折而起，以“金锁已沉埋，壮气蒿莱”悲悼国家破灭、身陷为虏的遭遇。想当年，身为君主，群臣俯首，宫娥簇拥，有过颐指气使的威严，有过春花雪月的风流，而所有的繁华与富贵都一起随着金陵的陷落而烟消云散，化为了乌有。此时徘徊庭院，往事无限，看秋夜天高，秋月澄明，那金陵城中，“雕栏玉砌应犹在”，却不再是往日的气象。南唐已破灭，君主成囚虏，秋月还是那轮秋月，只是“空照秦淮”而已。这里的“玉楼瑶殿影”，可以分作两层理解。第一层是指秦淮河边的旧时宫苑，映照在月光下，投影在河水中，却是有楼影而无人影，重在一个“照”字。第二层是指神话传说中的月宫，华丽壮观却虚无缥缈，就像此刻记忆中的故国宫苑，重在一个“空”。就第一层讲，作者是凭着想象回到旧地，就第二层讲，则作者是在当地望月而遥寄哀思。这两层意思就将一人而两地的情思通过一轮秋月糅合到一起，“空照”不仅在秦淮的楼阁，也在汴京的人一心。“空照”的感受中有无尽的心酸与哀苦。　　这首词写当前的孤寂，与往日的繁华相对，不过不是直接道出，而是借景抒情。上片景色“秋风庭院藓侵阶”，写得寒瑟凄惨；下片景色“晚凉天净月华开”，虽然清冷，却是一片澄明。这两处景色，一明一暗，又一在白日，一在夜晚，就构成了双重的联系。在格调上是现在与过去的对比，在时间上则是日以继夜的相承。因此，“对景难排”不仅是说眼前景，而且是指所有的景物，无论四季，无论日夜，都不能为孤苦的作者排遣悲哀，不说“往事只堪哀”，用其他的话也是无法表达出悲哀的。","往事回想起来，只令人徒增哀叹；即便面对多么美好的景色，也终究难以排遣心中的愁苦。秋风萧瑟，冷落的庭院中，爬满苔藓的台阶，触目可见。门前的珠帘，任凭它慵懒地垂着，从不卷起，反正整天也不会有人来探望。横江的铁锁链，已经深深地埋于江底；豪壮的气概，也早已付与荒郊野草。傍晚的天气渐渐转凉，这时的天空是那样的明净，月光毫无遮拦地洒满秦淮河上。"
"南乡子·细雨湿流光","五代","冯延巳","细雨湿流光，芳草年年与恨长。烟锁凤楼无限事，茫茫。鸾镜鸳衾两断肠。魂梦任悠扬，睡起杨花满绣床。薄悻不来门半掩，斜阳。负你残春泪几行。","怨妇，思归","流光：流动，闪烁的光采。凤楼：即凤台、秦楼，语本《列仙传》秦穆公之女弄玉所 居之楼，尝引来凤凰。此处指妆楼。鸾镜：妆镜的美称。薄悻：薄情郎。","　　“细雨湿流光”，虽则五字，却道尽了初春的无限风光。细雨蒙蒙，洒落在春草叶上，留下滴滴水珠，微风吹过，泛起流光。“湿流光”意指主人公所度过的随春雨而流逝的岁月也是那样的冷涩恼人，正是“梧桐更兼细雨”“怎一个愁字了得”。“流光”一词还将冷凄扰人的静态烦闷与时光流逝的动态惧忧结合起来，冷寂独处的日子往往感觉太慢，本希望快点度过，可是女人出于青春容颜易老的心理却又希望时间慢慢流逝。而“流光”一词又给人快速流去的感觉，如此矛盾纠结的心理集于此短短五个字中。在表现爱情相思苦闷的同时，还渗透着一种人生苦短的生命忧患意识。“芳草年年与恨长”也是以具象表现抽象的妙句，将无形的离恨比托于年年生、年年长的芳草，可感可触，极形象地道出抒情主人公忍受长久离别的痛苦。　　“烟锁凤楼无限事，茫茫”。一方面，它确切地描绘出了春天细雨绵绵之时。烟雾缭绕，茫茫一片的景象；另一方面，雾笼凤楼，人如同被困锁在无人知晓的地方，无限心事，茫茫无以倾诉。两相对照，景情交融，给读者的感染力就非常之深。　　“鸾镜鸳衾两断肠”。鸾凤成双，鸳鸯成对，“鸾镜鸳衾两断肠”中的这个“两”字既有两两成偶之物与自身形单影只的对比，也包含着两对成双之物对自身孤独情怀的连续刺激，语意双关，极有意蕴。　　“魂梦任悠扬，睡起杨花满绣床”。“魂梦任悠扬” ，是对“烟锁凤楼”的反弹，禁锢在空闺中的少妇在梦中可以无拘无束，任情驰骋。可睡起所能看到的只是“杨花满绣床”。“杨花满绣床”与上句“魂梦任悠扬”相印相称，一虚一实，互文见义。从这两句所描述的情景看来，思妇魂牵梦萦的意中人杳不见踪影。洒脱之余，更显悲凉。　　“薄悻不来门半掩，斜阳”。她半掩闺门，等待恋人的到来，可是从清晨等到红日西斜，还未见踪影，她忍不住骂了一声“薄情郎”。爱之深，方恨之切。她口头称为“薄悻”，内心深处爱的深切。　　“负你残春泪几行”。当无望中的盼望最终落空时，她便簌簌的落下泪来。词人不说抒情主人公是为所思之人流泪，而说因辜负了三春的良辰美景而为春光洒泪。此为本词又一出新的写法，同时也是对抒情主人公心怀的一种委婉诗意的表达。","细雨霏霏，浸湿了光阴，芳草萋萋，年复一年，与离恨一起生长。凤楼深深，多少情事如烟，封存在记忆之中。恍如隔世呦，望着饰有鸾鸟图案的铜镜，绣着鸳鸯的锦被，思念往事，寸断肝肠。梦魂，信马由缰，千里飘荡，魂回梦觉，蓦然见杨花点点，飘满绣床。薄情负心的人呀，我半掩闺门，你却迟迟不来，夕阳西下，眼看辜负了三春的良辰美景，洒下清淡的泪珠几行。"
"摊破浣溪沙·手卷真珠上玉钩","五代","李璟","手卷真珠上玉钩，依前春恨锁重楼。风里落花谁是主？思悠悠。青鸟不传云外信，丁香空结雨中愁。回首绿波三楚暮，接天流。","宋词三百首，婉约，写景，伤春","摊破浣溪沙：词牌名。又名“添字浣溪沙”“山花子”“南唐浣溪沙”。双调四十八字，前阕三平韵，后阕两平韵，一韵到底。前后阕基本相同，只是前阕首句平脚押韵，后阕首句仄脚不押韵。后阕开始两句一般要求对仗。这是把四十二字的“浣溪沙”前后阕末句扩展成两句，所以叫“摊破浣溪沙”。真珠：以珍珠编织之帘。或为帘之美称。《西京杂记》：“昭阳殿织珠为帘，风至则鸣，如珩佩之声”。玉钩：帘钩之美称。依前：依然，依旧。春恨：犹春愁，春怨。锁：这里形容春恨笼罩。悠悠：形容忧思不尽。青鸟：传说曾为西王母传递消息给汉武帝。这里指带信的人。《史记·司马相如列传》：“幸有三足鸟为之使。”注：“三足鸟，青鸟也。主西王母取食。”云外：指遥远的地方。丁香结：丁香的花蕾。此处诗人用以象征愁心。三楚：指南楚、东楚、西楚。三楚地域，说法不一。这里用《汉书·高帝纪》注：江陵（今湖北江陵一带）为南楚。吴（今江苏吴县一带）为东楚。彭城（今江苏铜山县一带）为西楚。“三楚暮”，一作“三峡暮”。","　　这是一首伤春词、春恨词。词人赋恨在者所在多有，然惯用暗笔，像这首在词中点明“春恨”还是罕见的。词的上片从落花无主着笔，写春恨所以产生的触媒；下片从思念难解立意，将春恨产生的根源揭示得含蓄而又深沉。作者用了词家惯用的对景抒情的手法，然而却用得很不一般。　　词的开头头先来了句“手卷真珠上玉钩”，即非景语，也非情语，而是客观平直的叙述，算不上以景呼情，也算不上以情唤景。首句“真珠”二字或作“珠帘”，但正如古人所云：“言‘真珠’，千古之善读者都知其为帘，若说‘珠帘’，宁知其为真珠耶！是举真珠可包珠帘，举珠帘不足以包真珠也。后人妄改，非所谓知音。”“手卷真珠上玉钩，依前春恨锁重楼”二句委婉、细腻，卷帘本欲观省景物，借抒怀抱，而既卷之后，依旧春愁浩荡。可见，“锁”是一种无所不在的心灵桎梏，使人欲销愁而不可得。而“春恨”并不是抽象的，“风里落花谁是主”，风不仅吹落花朵，更将凋零的残红吹得四处飞扬，无处归宿。在这里可以看到的是人的身世飘零，孤独无依。　　上片结句“思悠悠”，正是因此而思绪萧索，悠然神往。　　下片从人事着笔，是对春恨的进一步申说，也是“思悠悠”的直接结果。“青鸟不传云外信，丁香空结雨中愁”，则点出了“春恨”绵绵的缘由所在。此句反用西王母与汉武帝典故。据说三足的青鸟是西王母的侍者，七月七日那天，汉武帝忽见青鸟飞集殿前，遂后西王母即至。然而所思主人远在云外，青鸟也不为之传信，思念难解的主人公就更加感到春恨的沉重了。“丁香结”本是丁香的花蕾，取固结难解之意，诗人多用它比喻相思之愁的郁结不散，如李商隐《代赠》诗有句：“芭蕉不展丁香结，同向春风各自愁。”李璟的独创就在于将丁香结化入雨中的境界，使象征愁心的喻体丁香花蕾更加凄楚动人，更加令人怜悯，“青鸟”、“丁香”二句合看又恰是一联工稳的对仗，一人事，一时景，这律诗般的俊语将思念难解之情写得既空灵透脱而又真挚实在。至此，词的感情已经十分浓郁、饱满。当手卷真珠上玉钩的时刻，已经春恨绵绵；风里落花无主，青鸟不传信，丁香空结，则徒然的向往已经成为无望，这已是无可逃避的结局。　　最后以景语作结：“回首绿波三楚暮，接天流”。楚天日暮，长江接天，这样的背景暗示着愁思的深广。“接天流”三个字让人想起“问君能有几多愁，恰似一江春水向东流”。就这一意境而言，李璟李煜父子是一脉相承的。另外，从整首词来看，末句的境界突然拓展，词中的一腔愁怀置于一个与其身世密切相关的历史地理环境中，与心灵的起伏波动也是密切相合的。　　那充满“春恨”的人事内容究竟具体何指。据马令《南唐书》卷二十五载：李璟即位，歌舞玩乐不辍，歌师王感化尝为之连唱“南朝天子爱风流”句至再三再四以剌之，李璟遂悟，作《浣溪沙》二阕并手书以赐感化，其中就包括这一首。这样看来，词中的春恨就不是这位风流天子对景抒情的一般闲愁，很可能是南唐受周威胁时的危苦感慨，而“青鸟”句就是忧国之思的深沉寄托了。","卷起珍珠做的帘子，挂上帘钩，在高楼上远望的我和从前一样，愁绪依然深锁。风里的落花那么憔悴，谁是它的主人呢？这使我越想越加茫然。信使不曾捎来远方行人的音讯，雨中的丁香花让我想起凝结的忧愁。我回头眺望暮色里的三峡，看江水从天而降，浩荡奔流。"
"述国亡诗","五代","花蕊夫人","君王城上竖降旗，妾在深宫那得知？十四万人齐解甲，更无一个是男儿！","爱国","妾：花蕊夫人自称。解甲：解除武装，指投降。更无：一作“宁无”。","","后蜀国的君王城楼上竟然竖起了白旗，你们哪知道我被封锁在了这冷清清的行宫里？守卫君王的十四万人一起脱下了金闪闪的铠甲，其实这些人中没有一个是守卫国家的男子！"
"生查子·新月曲如眉","五代","牛希济","新月曲如眉，未有团圞意。红豆不堪看，满眼相思泪。终日劈桃穰，人在心儿里。两朵隔墙花，早晚成连理。","宋词三百首，乐府，民歌，月亮，思念，爱情","生查子（zhā zǐ）：原为唐教坊曲名，后用为词牌名。《尊前集》注：双调。元高拭词注：南吕宫。四十字，上下片格式相同，各两仄韵，上去通押。新月：阴历月初的月亮。团圞（luán）：团圆。红豆：又名相思豆，草本植物，种子形如豌豆。劈：剖开。桃穰（ráng）：桃核。仁儿：桃仁。这里“仁”与“人”谐音，意思双关。连理：不同根的草木，它们的枝干连成为一体。古人喻夫妇为“连理枝”。","　　上阕以“传情入景”之笔，抒发男女间的相思之苦。作者借“移情”笔法，赋予视野中的客观景象以强烈的主观情感，使天边新月、枝上红豆都染上别离相思的情愫。“新月曲如眉，未有团圞意”，明为写月，实则喻人，作者以眉比月，正暗示出相思人儿因不见团聚而双眉紧蹙，郁闷不欢的愁苦之态。“红豆”本是相思的信物，但在离人的眼里却是贮满了忧伤，令人见之落泪。一弯新月，数枝红豆，词人撷取传统的寄寓人间悲欢离合、别离思念之情的两种意象，正表达出对爱人的无限深情和思之不得的痛切缺憾。　　就内容而言，下阕为上阕之顺延；就感情的“走向”而言，二者又有着微妙的差异。如果说上阕中写相思还只是借助于意象的寄托，情感的附着还比较虚幻，词中的情绪基调也是一种充满残缺感的低沉．那么下阕中的情感就相对地落到了实处，词中流露着的、是充满希冀的向上的基凋。“终日劈桃穰，人在心儿里”，一语双关，看似百无聊赖的行为，正寄托着主人公对心上人丝丝缕缕的情爱和日复一日的期盼。“两朵隔墙花，早晚成连理”更表明对爱情的充满信心，尽管花阡两朵，一“墙”相隔，但相爱的人儿终将冲破阻碍，喜结连理。整首词写得情致深长，淋漓沉至。　　这首词在艺术上的一个显著特色，就是极其自然地运用了南北朝民歌中的吴歌“子夜体”，以下句释上句，托物抒情，论词家评曰：“妍词妙喻，深得六朝短歌遗意。五代词中希见之品。”","新月弯弯如眉毛，没有圆的意思。不忍心看红豆，满眼都是相思泪。整天劈核桃，那人像桃仁嵌在核壳中一样嵌在我心中。两朵隔墙相望的花，早晚会结成连理枝。"
"喜迁莺·晓月坠","五代","李煜","晓月坠，宿云微，无语枕频欹。梦回芳草思依依，天远雁声稀。啼莺散，馀花乱，寂寞画堂深院。片红休埽尽从伊，留待舞人归。","写景，时光，思念","喜迁莺：词牌名。坠：落下。微：疏淡。欹（qī）：斜倚。馀（yú）花：馀即余，残花。埽（sào）：扫去。尽从伊：这里指全由落花，任凭它飘落一地。","","拂晓的月亮坠下蓝天，夜空云雾已经微淡，默默无语倚在枕上。梦醒仍恋芳草绵绵，雁声消失遥远天边。啼晓的黄莺散，零落的飞花乱，只留下寂寞画堂深深院。任落红遍地休扫它，留待跳舞人回当地毯。"
"鹊踏枝·几日行云何处去","五代","冯延巳","几日行云何处去？忘却归来，不道春将暮。百草千花寒食路，香车系在谁家树？泪眼倚楼频独语。双燕来时，陌上相逢否？撩乱春愁如柳絮，依依梦里无寻处。(依依 一作：悠悠)","宋词三百首，闺怨，女子，孤独","","",""
"子夜歌·人生愁恨何能免","五代","李煜","人生愁恨何能免，销魂独我情何限！故国梦重归，觉来双泪垂。高楼谁与上？长记秋晴望。往事已成空，还如一梦中。","爱国，思怀","子夜歌：此词调又名《菩萨蛮》、《花问意》、《梅花句》、《晚云烘日》等。此词于《尊前集》、《词综》等本中均作《子夜》，无“歌”字。何能：怎能。何：什么时候。免：免去，免除，消除。销魂：同“消魂”，谓灵魂离开肉体，这里用来形容哀愁到极点，好像魂魄离开了形体。独我：只有我。何限：即无限。重归：《南唐书·后主书》注中作“初归”。全句意思是说，梦中又回到了故国。觉来：醒来。觉：睡醒。垂：流而不落之态。谁与：同谁。长记：永远牢记。秋晴：晴朗的秋天。这里指过去秋游欢l青的景象。望：远望，眺望。还如：仍然好像。还：仍然。","　　这首词的上片写作者感怀亡国的愁恨和梦回故国的痛苦。　　起首二句由悲叹、感慨而入，用直白的方式抒发胸中的无限愁恨。“人生”句是一种感叹，也是对生活的一种抽象概括，既是说自己，也是说众生，其“愁恨”自有一番别样的滋味，“愁”是自哀，也是自怜，是自己囚居生活的无奈心情：“恨”是自伤，也是自悔，是自己亡国之后的无限追悔。也正因有如此“愁恨”，作者才“销魂独我情何限”，而句中“独我”语气透切，词意更进，表现了作者深切体会的一种特殊的悲哀和绝望。正如俞陛云《南唐二主词集述评》中所云：“起句用翻笔，明知难免而自我销魂，愈觉埋愁之无地。”第三句“故国梦重归”是把前两句关于愁恨的感慨进一步的具体化和个人化。李煜作为亡国之君，自然对自己的故国有不可割舍的情感，所以定会朝思夜想。可是事非昨日，人非当年，过去的欢乐和荣华只能在梦中重现，而这种重现带给作者却只能是悲愁无限、哀情不已，所以一觉醒来，感慨万千、双泪难禁。“觉来双泪垂”不仅是故国重游的愁思万端，而且还有现实情境的孤苦无奈，其中今昔对比，抚今追昔，反差巨大，情绪也更复杂。　　词的下片续写作者往日成空、人生如梦的感伤和悲哀。　　“高楼谁与上”是无人与上，也是高楼无人之意，进一步点明作者的困苦环境和孤独心情。所谓登高望远，作者是借登高以远眺故国、追忆故乡。故国不可见，即便可见也已不是当年之国，故乡不可回，此恨此情只能用回忆来寄托。所以作者的一句“长记秋晴望”，实是一种无可奈何的哀鸣。现实中的无奈总让人有一种空虚无着落之感，人生的苦痛也总给人一种不堪回首的刺激，作者才有“往事已成空，还如一梦中”的感慨。在现实中，“往事”真的“成空”。但这种现实却是作者最不愿看到的，他希望这现实同样是一场梦。“如一梦”不是作者的清醒，而是作者的迷惘，这种迷惘中有太多的无奈，以此作结，突显全词的意境。　　全词以“梦”为中心，集中写“空”，笔意直白，用心挚真。全词八句，句句如白话入诗，以歌代哭，不事雕琢，用情挚切。全词有感慨，有追忆，有无奈，有悲苦，这一切因其情真意深而感人不浅，同时也因其自然流露而愈显其曲致婉转。","人生的愁恨怎能免得了？只有我伤心不已悲情无限！我梦见自己重回故国，一觉醒来双泪垂落。有谁与我同登高楼？我永远记得一个晴朗的秋天，在高楼眺望。往事已经成空，就仿佛在梦中一般。"
"忆江南·多少泪","五代","李煜","多少泪，沾袖复横颐。心事莫将和泪滴，凤笙休向月明吹，肠断更无疑。","抒情，思念，故国","","",""
"菩萨蛮·枕前发尽千般愿","五代","佚名","枕前发尽千般愿，要休且待青山烂。水面上秤锤浮，直待黄河彻底枯。白日参辰现，北斗回南面。休即未能休，且待三更见日头。","宋词三百首，婉约，爱情","","　　它没有文人词深婉曲折的风致和含蓄蕴藉的神韵。从写法上的铺排、衬字的运用、表意的泼辣直露看，似元曲。但又无元曲的圆熟流丽、挥洒曲折。然而它却激动人心，千古不衰。　　原因在于主人以忠贞热烈的感情激发的想象和这种想象的感染力。词中的想象多样而新奇。主人公一连想到六种自然景物和非现实现象。青山、水面、黄河、参辰、北斗、日头，这些是习见的，并不奇。但经浪漫主义的想象之后，立刻变得引人入胜了。这些奇想反复表达了主人公的愿望，使人感到分明有一种“理”在：真正的爱情不一定是已经长久不分的，而是希望天长地久的。如果没有这种希望，整日厮守也徒然，有这种希望，即使天涯海角甚至人间天上的分离也美满。在主人公的眼中，爱情与山河同在，与日月共存。夸张地强调了爱情永固，但又不觉得过分，读者只为主人公崇高的感情而激动。相形之下，那些不严肃的爱情观是多么暗淡、空虚和渺小。由羡慕进而想到主人公如此之情是怎样产生的。　　尽管因素多种，依现在的理解，最重要的是它有充实的内容。但词中却只字未提，明快而又耐人寻味。诗中的想象是广阔大胆的。由大地到天空是其想象的空间，由山河到星日是其想象的对象。以宇宙间最雄伟的景物来烘托爱情，敢于把爱的生命与永恒的宇宙并提，形成一种奇妙的类比推理：青山不会烂，水面浮不起秤锤，黄河不会枯竭，参星和辰星不会在白天出现，北斗不会回到南天，半夜不会升起太阳，爱情不会中断。这样的类推也可说是理不通而情通，无理而妙。诗中提到的自然现象都遵循一个共同的规律，存在于天地之间，根据人们的经验，这规律是万古不变的。词中主人公正是依据这些自然现象与爱情理想在时间上的相似点，进行想象的。但未从正面写，却将爱的中止与这些规律的改变联系起来让前者发生在后者之后，由于后者是不会实现的，前者就不会发生。爱情永存的愿望被表现得十分生动有力，体现了从反面写与从正面写的不同效果。对可能出现的意外的担心，是更深的爱。愿其长久和害怕失去虽然意思相近，但后者对于对象的珍爱远胜前者，往往是精神上难以缺少的。诗中的奇伟想象正是由这深情所激发，而想象又使感情表达得更真挚、明朗、坚定、感人。","注释 菩萨蛮：词牌名。近人杨宪益《零墨新笺》考证《菩萨蛮》为古缅甸曲调，唐玄宗时传入中国，列于教坊曲。变调，四十四字，两仄韵，两平韵。②休：罢休，双方断绝关系。 参辰：星宿名。参星在西方，辰星（即商星）在东方，晚间此出彼灭，不能并见；白天一同隐没，更难觅得。 北斗：星座名，以位置在北、形状如斗而得名。 即：同“则”。"
"木兰花·晚妆初了明肌雪","五代","李煜","晚妆初了明肌雪，春殿嫔娥鱼贯列。笙箫吹断水云间，重按霓裳歌遍彻。临春谁更飘香屑？醉拍阑干情味切。归时休放烛光红，待踏马蹄清夜月。","宴饮，音乐，生活","此词调《木兰花》，《全唐诗》注曰：“一名《玉楼春》，一名《春晓曲》，一名《惜春容》。”《草堂诗余》、《词的》、《古今词统》、《古今诗余醉》等本中有题作“宫词”。晓妆：一作“晚妆”。《全唐诗》中作“晓妆”。晓妆初了，晓妆刚结束。初了，刚刚结束。明肌雪：形容肌肤明洁细腻，洁白如雪。春殿：即御殿。以其豪华、盛大而称“春殿”。李白《越中览古》诗有“宫女如花满春殿”之句。嫔（pín）娥：这里泛指宫中女子。鱼贯列：像游鱼一样一个挨一个地依次排列，这里指嫔娥依次排列成行的样子。笙箫吹断水云间：笙箫，《词综》、《历代诗余》、《古今词统》、《全唐诗》等本作“凤箫”。《花草粹编》作“笙歌”。笙箫，笙和箫，泛指管乐器。吹断，吹尽。水云间，吕本二主词、侯本二主词、吴本二主词于“间”处空格。《全唐诗》、《花草粹编》、《古今词统》、《词综》等本中均作“水云闲”；《松隐文集》作“水云中”。水云间即水和云相接之处，谓极远。重按霓（ní）裳歌遍彻：重按，一再按奏。按，弹奏。霓裳，《霓裳羽衣曲》的简称。唐代宫廷著名法曲，传为唐开元年间河西节度使杨敬忠所献。初名《婆罗门曲》，后经唐玄宗润色并配制歌词，后改用此名。唐白居易《琵琶行》中有句：“轻拢慢捻抹复挑，初为《霓裳》后《六幺》。”歌遍彻，唱完大遍中的最后一曲，说明其歌曲长、久，音调高亢急促。遍，大遍，又称大曲，即整套的舞曲。大曲有排遍、正遍、遍、延遍诸曲，其长者可有数遍之多。彻，《宋元戏曲史》中云：“彻者，入破之末一遍也”，六一词《玉楼春》有“重头歌韵响铮，入破舞腰红乱旋”之句，可见曲至入破以后则高亢而急促。临春：《词综》、《历代诗余》、《古今词统》、《全唐诗》等本中均作“临风”。郑骞《词选》中云：“临春，南唐宫中阁名，然作‘临风’则与‘飘’字有呼应，似可并存。”香屑：香粉。飘香屑：相传后主宫中的主香宫女，拿着香粉的粉屑散布于各处。醉：心醉、陶醉。拍：拍打，这里兼有为乐曲击出拍节之意。阑干：即栏杆。情味：《花草粹编》、《词谱》、《全唐诗》、《词林纪事》等本中均作“情未”。切：恳切，真挚而迫切的心情。归：回。休放：《词综》、《词谱》、《历代诗余》、《全唐诗》等本中同此。萧本二主词、吕本二主词、吴本二主词、《词林纪事》、《类编草堂诗余》等本中均作“休照”。烛光：晨本二主词中同此；吕本二主词、吴本二主词、萧本二主词、《花草粹编》、《词综》、《词谱》、《全唐诗》等本中均作“烛花”。烛光红，指明亮的烛光。待踏：《词综》、《历代诗余》、《词谱》、《全唐诗》等本中同此。吕本二主词、萧本二主词、吴本二主词、《类编草堂诗余》等本中均作“待放”。踏马蹄：策马缓慢而行，有踏月之意。有本作“放马蹄”，意为让马随意而行。","　　此词是李煜于南唐全盛时期所创作的一篇代表作。词的上片主要写春夜宴乐的盛大场面。首句突出描绘“晚妆初了”的嫔娥们的盛妆和美艳，由此写出作者对这些明艳丽人的一片飞扬的意兴，同时从开篇即渲染出夜宴的奢华豪丽。继之两句宴乐开始，歌舞登场，作者极写音乐的悠扬和器物的华美。比如，笙箫二字可以给人一种精美、奢丽的感觉，与词中所描写的奢靡之享乐生活、情调恰相吻合。而“吹”作“吹断”，“按”作“重按”，不但字字可见作者的放任与耽于奢逸，而且十分传神地赋予音乐以强烈的感情色彩。据马令《南唐书》载：“唐之盛时，《霓裳羽衣》最为大典，罹乱，瞽师旷职，其音遂绝。后主独得其谱，乐工曹生亦善琵琶，按谱粗得其声，而未尽善也。（大周）后辄变易讹谬，颇去哇淫，繁手新音，清越可听。”李煜与大周后都精通音律，二人情爱又笃深，更何况《霓裳羽衣》本为唐玄宗时的著名大曲，先失后得，再经过李煜和周后的发现和亲自整理，此时于宫中演奏起来，自然欢愉无比。所以不仅要“重按”，而且要“歌遍彻”，由此也可想见作者之耽享纵逸之情。　　词的下片是描写曲终人散、踏月醉归的情景。“临春”一句明是写香，暗是写风，暗香随风飘散，词人兴致阑珊，由“谁更”二字而出，更显得活泼有致。“醉拍”二字直白而出，写醉态，写尽兴尽欢妥贴至极。到这里，作者有目见的欣赏，有耳听的享受，有闻香的回味，加上醉拍由口饮而生的意态，正是极色、声、香、味之娱于一处，心旷神驰，兴奋不已，因此才“情味切”，耽溺其中无以自拔。结尾二句，写酒阑歌罢却写得意味盎然，余兴未尽，所以向来为人所称誉。《弇州山人词评》中赞其为“致语也”。今人叶嘉莹曾详评此句：“后主真是一个最懂得生活之情趣的人。而且‘踏马蹄’三字写得极为传神，一则，‘踏’字无论在声音或意义上都可以使人联想到马蹄得得的声音；再则，不曰‘马蹄踏’而曰‘踏马蹄’，则可以予读者以双重之感受，是不仅用马蹄去踏，而且踏在马蹄之下的乃是如此清夜的一片月色，且恍闻有得得之声入耳矣。这种纯真任纵的抒写，带给了读者极其真切的感受。”读此二句，既可感作者的痴醉心情，也可视清静朗洁的月夜美景，更可见作者身上充盈着的文人骚客的雅致逸兴。　　全词笔法自然奔放，意兴流畅挥洒，语言明丽直快，情境描绘动人。作者从个人宫廷生活场面出发，虽然带有较为浓郁的富贵脂粉气，未能表现出深刻的思想内容，但短短一篇就把一次盛大欢宴的情形淋漓尽致地表现出来，艺术描绘生动逼真，情景刻画细腻动人，由喻象中见情思，于浅白处见悠远，充分显示了作者高妙的艺术功力，是“写得极为俊逸神飞的一首小词”。","月圆之夜，大型宫廷歌舞酒宴。出场前先是画妆。因是晚妆，为了适合舞场与烛光，画眉点唇，都不妨色泽浓艳。宫娥们刚画完妆的一刻，是何等光彩照人呀！妆毕，春殿上美女如云，她们队列整齐，鱼贯而入，虽是层层娇娘的行列，望之也顿生军旅的浩荡之感。歌罢宴散，月色更明。当即吩咐随从灭尽红烛，纯任得得马蹄，踏着一路月色归去，方见得歌舞虽散，而余兴未尽！"
"采桑子·花前失却游春侣","五代","冯延巳","花前失却游春侣，独自寻芳。满目悲凉。纵有笙歌亦断肠。林间戏蝶帘间燕，各自双双。忍②更思量，绿树青苔半夕阳。","婉约，孤独，思念","纵有：纵使有。笙歌：笙代指各种乐器；笙歌即指各种乐器演奏声和歌声。忍：作“怎忍”解。","","花前没有了她的陪伴，独自在花间徘徊，看繁花似锦，芳草天涯，一株株、一簇簇，都有他寻找的往昔旧梦，触目悲凉。虽是春光美景，却是欢乐难再，既使笙歌入耳，婉转悠扬，也只能唤起他对爱侣的追忆，从而更添感伤惆怅。转眼望去，林间彩蝶对对，帘间飞燕双双，皆在快乐嘻逐，恩爱相偕。不思量、难思量，抬头望天边，还是夕阳西沉、残阳如血。血色勾勒了天边的绿树，涂抹了林中的青苔，也笼罩了他的心，明丽而惨烈。"
"春光好·蘋叶软","五代","和凝","蘋叶软，杏花明，画船轻。双浴鸳鸯出绿汀，棹歌声。春水无风无浪，春天半雨半晴。红粉相随南浦晚，几含情。","春游","软：一作“嫩”。明：鲜艳。绿汀（tīng）：芳草丛生的水边平地。棹歌：船歌。红粉：借代为女子。几含情：屡次含着深情。李颀《采莲曲》：“时逢岛屿泊，几伴鸳鸯眠。”白居易《东南行一百韵》：“几见林抽笋，频惊燕引雏。”","　　此词作于《花间集》结集之后，所以不见于《花间集》。作品描绘的是成都的的风光和生活。词中突出了春天日光和煦、万物欣欣向荣的特点，并使描写的物象有机地组合为一体，构成一幅明丽和谐的春色图。　　此词发端以淡淡的笔墨点明时令：“天初暖，日初长。”成都四季分明，冬尽春始，景象不同。这两句写春天来了，用两“初”字，而且都是就感受着笔的。天初暖，写气候特征；日初长，写昼夜特征。两句看似平易，却是咏早春的不可移易之语。大地经过沉睡的冬季之后苏醒了。无边的春色使词人情不自禁地叫出一声“好春光”。紧接着以“万汇此时皆得意，竞芬芳”来补充“好”字的内容。万汇，包括各种竹木花树。它们新叶不同，颜色不同，花儿不同，在春风的吹拂下争奇斗艳，处处给人以竞相比美之感。词人先用一个“得意”，再用一个“竞”字，像以浓墨重彩在表现热闹的春意。　　下片写园林春色，是特写，是近景。一场春雨，竹林中新笋从点点如钱的绿苔地里迸发出来，第二句“花偎雪坞浓香”与首句“笋迸苔钱嫩绿”对仗，景致互相映衬，香色纷陈，更为突出。繁花，花团锦簇，如绰约少女依偎着雪坞，浓香四溢。词人在迷人的春色中流连忘返，不觉到了黄昏。天空泛出彩霞，他举目望去，柳丝夕阳，构成了天然图画，词人忽发奇想问道：“谁把金丝裁剪却，挂斜阳？”春柳嫩叶初萌，色如金线，故白居易《杨柳枝》说：“一树春风千万枝，嫩于金色软于丝。”均匀的柳丝，两两相对的柳叶，像天工剪裁而成。贺知章《咏柳》说：“碧玉妆成一树高，万条垂下绿丝绦。不知细叶谁裁出，二月春风似剪刀。”后二句人称神来之笔，欧阳炯化用其意以写早春园林夕照，创造了新的意境，余味无穷。","水上柔嫩的苹叶，衬着岸边洁的杏花；翠红美丽的鸳鸯，拖着长长的绿漪浮漾。一叶轻盈的画摇出船，添几阕情韵袅袅的“棹歌”。春光，轻灵摇荡，明媚可人！水，好在无风无浪；天，好在半雨半晴。在疏淡的暮霭中，伴一二红粉知已泛舟南浦，更多了几分含蕴不露的情意！"
"临江仙·饮散离亭西去","五代","徐昌图","饮散离亭西去，浮生长恨飘蓬。回头烟柳渐重重。淡云孤雁远，寒日暮天红。今夜画船何处？潮平淮月朦胧。酒醒人静奈愁浓。残灯孤枕梦，轻浪五更风。","宋词三百首，婉约，孤独，写景","饮散：饮完酒后离散。离亭：送别的驿亭。浮生：一生。古人谓“人生世上，虚浮无定”，故曰“浮生”。飘蓬（péng）：飘浮无定之意。重重（chóng chóng）：一层又一层，形容很多。暮（mù）天红：指傍晚天空一片酡红。画船：装饰华丽的船。多指游船。淮（huái）月：指照临淮水上空的月亮。朦胧（méng lóng）：模糊不清。奈：怎奈，奈何。孤枕（zhěn）梦：这里指孤枕难眠。五更风：指黎明前的寒风。 ","　　上阕写的是离别后的情景，是实写。首两句直写别离，“散”、“离”、“去”已带怨意，而一个“恨”字则是直抒胸臆，又点明本词的主题，写出了词人内心的凄凉，羁旅之恨。且这恨又是“长恨”，这就道出了“饮散”“西去”对词人来说并非第一次了，每重演一次，就会增加一分身世飘零之恨。一个“长”字，使恨的情感深化了。第三句描绘的是词人一步三回头，不忍离去的情态，“烟柳渐重重”，既写出了离愁的层层加深，也写出了离愁的“有形”情态，衬托出了行人心头的迷惘。四、五两句描绘的是作者眼中的惨淡画面。“淡云”暗示行人心头的落寞，“孤雁”则是行人的化身；“寒日”显其心头之冷，“暮天红”虽是美景，但“夕阳无限好，只是近黄昏”，又充满了伤感。这两句极写浪迹飘零之苦，是移情于景。　　下阕都是词人想象中的情景。首句以问引起下文。“潮平淮月艨胧”暗示他那离别时的剧烈情绪已逐渐平静下来，可是心头却又一片迷惘。心里空虚只能借酒浇愁，可是在短暂的麻痹之后，还是要醒来，醒来时的静夜中心头却是更加空虚，更加愁苦难耐。词人通过气氛的渲染和景物的烘托，使内心的感伤之情与外在的空冷之景交融为一，传达出词人此时此地的冷寂情怀。“酒醒人静奈愁浓”，一旦酒醒，回到现实，只能更增愁情，不是三杯两盏淡酒就冲刷得掉的。一个“奈”字，突出了词人万般无奈的苦闷心情。末两句“残灯孤枕梦，轻浪五更风”描绘的是一幅多么凄凉可怕的景象。灯里的油就要燃尽，灯火忽明忽暗；一个人躺在枕头上，没有人陪伴，想入睡做个梦都不可得；五更时的寒风吹来更是倍增寒意。而从“潮平”到“残灯”再到“五更”，足见行人一夜未睡，“愁浓”之情不虚，此情此景，人何以堪。　　全词最为独特之处当在下阕，在于虚境实写，化虚为实，而又虚中浸实，写尽羁旅之情，含蓄隽永，耐人寻味。词人巧妙地融情与景为一体，写离愁却很少直接抒情，而是借助于外在的景物来表现词人内心的离愁别恨。词人沿情布景，景物的转承和变换、环境气氛的渲染和烘托，处处反衬出词人的内心世界。","喝完饯别酒，友人们终于挥手别去，常常怨恨这种漂泊不定短暂虚浮的人生。回首看到如烟似雾的杨柳早已遮断视线。往前看去，风清云淡，孤雁远征。孤单的寒日傍晚天空一片酡红。今夜画船将停在什么地方？只怕夜间潮平水落，泊船岸边，一片清月迷漾。到酒消人也醒时，那种愁绪倍加难以排遣了。蜡烛残尽孤枕难眠；五更时轻风吹来激起点点浪花。"
"渔歌子·荻花秋","五代","李珣","荻花秋，潇湘夜，橘洲佳景如屏画。碧烟中，明月下，小艇垂纶初罢。水为乡，篷作舍，鱼羹稻饭常餐也。酒盈杯，书满架，名利不将心挂。","秋天，写景，归隐","渔歌子：词牌名。原唐教坊曲名，后成为词牌名。单调二十七字，四平韵。中间三言两句，例用对偶。荻（dí）：多年生草本植物，秋季抽生草黄色扇形圆锥花序，生长在路边和水旁。潇湘：两水名，今湖南境内。《山海经》：“潇水，源出九巅山，湘水，源出海阳山。至零陵合流而于洞庭也。”橘洲：在长沙市境内湘江中，又名下洲，旧时多橘，故又称“橘子洲”。《水经注·湘水》：“湘水又北经南津城西，西对橘洲。”垂纶（lún）：垂钓。纶，较粗的丝线，常指钓鱼线。篷：船帆，此处代指船。“名利”句：即心不将名利牵挂。","　　这首词主要描写了词人的隐逸生活。　　上片写景。开头三句点明时间、地点，是地处潇湘的橘子洲的秋夜，荻花临风，美景如画。“碧烟中”三句，将镜头渐次拉近，月光下的江水，轻柔澄碧，云烟淡淡，词中主人公刚刚垂钓完毕，划着小艇在水上荡漾。真是如诗如画，如梦如幻。　　下片写人事，主要写词人的隐逸生活及其乐趣。隐在民间，云水就是家乡，蓬舍就是住所，经常吃的是家常的鱼羹稻米饭。杯中斟满美酒，架上摆满书籍，开怀惬意，其乐陶陶，绝不把名利挂在心上。　　词人淡淡地写景，不事雕琢，明白如话，把一个一个远离名利，以隐逸为乐的词人的内心活动真实地展示出来，旷达超脱，余韵悠悠，受中唐张志和《渔父》词的影响颇大。","潇湘的静夜里，清风吹拂着秋天的荻花，橘子洲头的美景，宛如屏上的山水画。浩淼的烟波中，皎洁的月光下，我收拢钓鱼的丝线，摇起小船回家。绿水就是我的家园，船篷就是我的屋舍，山珍海味也难胜过我每日三餐的糙米鱼虾。面对盈杯的水酒，望着诗书满架，我已心满意足，再不用将名利牵挂。"
"望江南·天上月","五代","佚名","天上月，遥望似一团银。夜久更阑风渐紧。与奴吹散月边云。照见负心人。","宋词三百首，怨妇，月亮，思念","更阑：更残，即夜深。 奴：古代女子的谦称。负：原误作“附”，王国维校改。","","遥望着窗外，朦胧的月亮就好像一团白银。夜深人静，身边风声渐紧。月亮被乌云遮住了。风呀，请你吹散月亮边上的乌云，让它照到我那负心汉。"
"临江仙·樱桃落尽春归去","五代","李煜","樱桃落尽春归去，蝶翻金粉双飞。子规啼月小楼西，玉钩罗幕，惆怅暮烟垂。别巷寂寥人散后，望残烟草低迷。炉香闲袅凤凰儿，空持罗带，回首恨依依。","写景，抒情","","",""
"贺明朝·忆昔花间相见后","五代","欧阳炯","忆昔花间相见后，只凭纤手，暗抛红豆。人前不解，巧传心事，别来依旧，辜负春昼。碧罗衣上蹙金绣，睹对对鸳鸯，空裛泪痕透。想韶颜非久，终是为伊，只恁偷瘦。","女子，追忆，思念","","","注释 ⑴蹙（cù促）——收缩，这里指折叠后出现了皱纹。 ⑵裛（yì邑）——沾湿，浸染之意。 ⑶韶颜——年轻美丽的容颜。 ⑷恁（nèn嫩）——这样。"
