"马致远","元代","马致远（1250年-1321年），字千里，号东篱（一说字致远，晚号“东篱”），汉族，大都（今北京）人，另一说（马致远是河北省东光县马祠堂村人，号东篱，以示效陶渊明之志）。他的年辈晚于关汉卿、白朴等人，生年当在至元（始于1264）之前，卒年当在至治改元到泰定元年（1321—1324）之间，与关汉卿、郑光祖、白朴并称“元曲四大家”，是我国元代时著名大戏剧家、散曲家。","{"介绍":"　　马致远是河北省沧州市东光县人，因《天净沙·秋思》而被称为秋思之祖(已选入7年级上人教版语文15课古诗5首之一）。另据考证，马致远是河北省东光县马祠堂村人，东光县志和东光马氏族谱都有记载。元代著名戏曲作家、散曲家、杂剧家。所做杂剧今知有15种，《汉宫秋》是其代表作；散曲120多首，有辑本《东篱乐府》。青年时期仕途坎坷，中年中进士，曾任浙江省官吏，后在大都（今北京）任工部主事。马致远晚年不满时政，隐居田园，以衔杯击缶自娱，死后葬于祖茔。　　从他的散曲作品中，可以知道，他年轻时热衷功名，有“佐国心，拿云手”的政治抱负，但一直没能实现，在经过了“二十年漂泊生涯”之后，他看透了人生的耻辱，遂有退隐林泉的念头，晚年过着“林间友”、“世外客”的闲适生活。马致远早年即参加了杂剧创作，是“贞元书会”的主要成员，与文士王伯成、李时中，艺人花李郎、红字李二都有交往，也是当时最著名的“元曲四大家”之一。（四大家包括关汉卿、白朴、马致远、郑光祖。）马致远从事杂剧创作的时间很长，名气也很大，有“曲状元”之誉。他的作品见于着录的有16种，今存《汉宫秋》、《荐福碑》、《岳阳楼》、《青衫泪》、《陈抟高卧》、《任风子》6种，另有《黄粱梦》，是他和李时中、红字李二、花李郎合作的。以《汉宫秋》最著名。散曲有《东篱乐府》。小令《天净沙·秋思》脍炙人口，匠心独运,自然天成,丝毫不见雕琢痕迹。 ▲","作品":"杂剧作品　　马致远著有杂剧十五种，存世的有《江州司马青衫泪》、《破幽梦孤雁汉宫秋》、《吕洞宾三醉岳阳楼》、《半夜雷轰荐福碑》、《马丹阳三度任风子》、《开坛阐教黄粱梦》、《西华山陈抟高卧》七种。马致远的散曲作品也负盛名，现存辑本《东篱乐府》一卷，收入小令104首，套数17套。其杂剧内容以神化道士为主，剧本全都涉及全真教的故事，元末明初贾仲明在诗中说：“万花丛中马神仙，百世集中说致远”“姓名香贯满梨园”。　　在马致远生活的年代，蒙古统治者开始注意到“遵用汉法”和任用汉族文人，却又未能普遍实行，这给汉族文人带来一丝幻想和更多的失望。马致远早年曾有仕途上的抱负，他的一套失题的残曲中自称“写诗曾献上龙楼”，却长期毫无结果。后来担任地方小官吏，也是完全不能满意的，在职的时间大概也并不长。在这样的蹉跎经历中，他渐渐心灰意懒，一面怀着满腹牢骚，一面宣称看破了世俗名利，以隐士高人自居，同时又在道教中求解脱。　　《汉宫秋》是马致远早期的作品，也是马致远杂剧中最著名的一种，敷演王昭君出塞和亲故事。历史上的这一事件，原只是汉元帝将一名宫女嫁给内附的南匈奴单于作为笼络手段，在《汉书》中的记载也很简单。而《后汉书·南匈奴传》加上了昭君自请出塞和辞别时元帝惊其美貌、欲留而不能的情节，使之带上一种故事色彩。后世笔记小说、文人诗篇及民间讲唱文学屡屡提及此事，对历史事实多有增益改造。　　马致远的《汉宫秋》在传说的基础上再加虚构，把汉和匈奴的关系写成衰弱的汉王朝为强大的匈奴所压迫；把昭君出塞的原因，写成毛延寿求贿不遂，在画像时丑化昭君，事败后逃往匈奴，引兵来攻，强索昭君；把元帝写成一个软弱无能、为群臣所挟制而又多愁善感、深爱王昭君的皇帝；把昭君的结局，写成在汉与匈奴交界处的黑龙江投江自杀。这样，《汉宫秋》成了一种假借一定的历史背景而加以大量虚构的宫廷爱情悲剧。　　《汉宫秋》也许包含了一定的民族情绪。但是，我们要注意到马致远的基本人生态度，要么是在元朝统治下积极求取功名，要么是视一切价值标准为空幻，所以，在这方面过分强调是不适当的。这个剧本同现实生活直接相关的地方，主要是反映出在民族战争中个人的不幸。像金在蒙古压迫下曾以公主和亲，宋亡后后妃宫女都被掳去北方，这些当代史实都会给作者以较深的感受。而《汉宫秋》是一出末本戏，主要人物是汉元帝，剧中写皇帝都不能主宰自己、不能保有自己所爱的女人，那么，个人被命运所主宰、为历史的巨大变化所颠簸的这一内在情绪，也就表现得更强烈了。事实上，在马致远笔下的汉元帝，也更多地表现出普通人的情感和欲望。　　《汉宫秋》中的第三折《梅花酒》写得尤其动人，他利用回环往复的手法,将汉元帝在昭君走后,凄婉的的神情形象地描写出来,也不愧为散曲高手.　　当臣下以“女色败国”的理由劝汉元帝舍弃昭君时，他忿忿地说：“虽然似昭君般成败都皆有，谁似这做天子的官差不自由！”灞桥送别时，他感慨道：“早是俺夫妻悒快，小家儿出外也摇装。”　　对夫妻恩爱的平民生活流露出羡慕之情。尤其第四折“孤雁惊梦”一大段凄婉哀怨的唱词，表现出汉元帝对情人的无限思恋，把剧本的悲剧气氛渲染得愈加浓郁。这里在塑造戏剧人物的同时，也直接抒发了作者对历史变迁、人生无常的感受。　　《荐福碑》也是马致远的早期剧作，写落魄书生张镐时运不济，一再倒霉，甚至荐福寺长老让他拓印庙中碑文，卖钱作进京赶考的盘缠，半夜里都会有雷电把碑文击毁。后时来运转，在范仲淹资助下考取状元，飞黄腾达。剧中多处表现出对社会现状的不满，如：“这壁拦住贤路，那壁又挡住仕途。 如今这越聪明越受聪明苦，越痴呆越享了痴呆福，越糊突越有了糊突富。”这个剧本集中反映了作者怀才不遇的牢骚和宿命的人生观，也反映出当代许多文人在社会地位极端低落的处境下的苦闷。　　《青衫泪》是由白居易的《琵琶行》敷演而成的爱情剧，虚构白居易与妓女裴兴奴的悲欢离合故事，中间插入商人与鸨母的欺骗破坏，造成戏剧纠葛。在士人、商人、妓女构成的三角关系中，妓女终究是爱士人而不爱商人，这也是落魄文人的一种自我陶醉。　　马致远写得最多的是“神仙道化”剧。《岳阳楼》、《陈抟高卧》、《任风子》以及《黄粱梦》，都是演述全真教事迹，宣扬全真教教义的。这些道教神仙故事，主要倾向都是宣扬浮生若梦、富贵功名不足凭，要人们一空人我是非，摆脱家庭妻小在内的一切羁绊，在山林隐逸和寻仙访道中获得解脱与自由。剧中主张回避现实矛盾，反对人们为争取自身的现实利益而斗争，这是一种懦弱的悲观厌世的态度。但另一方面，剧中也对社会现状提出了批判，对以功名事业为核心的传统价值观提出了否定，把人生的“自适”放在更重要的地位，这也包涵着重视个体存在价值的意义，虽然作者未能找到实现个体价值的合理途径。 在众多的元杂剧作家中，马致远的创作最集中地表现了当代文人的内心矛盾和思想苦闷，并由此反映了一个时代的文化特征。与此相关联，马致远的剧作，大抵写实的能力并不强，人物形象的塑造也不怎么突出，戏剧冲突通常缺乏紧张性，而自我表现的成分却很多。包括《汉宫秋》这样的历史题材的作品在内，剧中人物往往游离戏剧冲突，作大段的抒情，这常常是作者在借剧中人物表现自己的喜怒哀乐。如《岳阳楼》中吕洞宾所唱《贺新郎》一曲： 你看那龙争虎斗旧江山，我笑那曹操奸雄，我哭呵哀哉霸王好汉。为兴亡笑罢还悲叹，不觉的斜阳又晚。想咱这百年人，则在这捻指中间。空听得楼前茶客闹，争似江上野鸥闲，百年人光景皆虚幻。 这实际是作者在其散曲中写过多次的一种人生感受。 如上所述，马致远大多数杂剧的戏剧效果不是很强的。前人对他的杂剧评价很高，主要有两个原因：一是剧中所抒发的人生情绪容易引起旧时代文人的共鸣，再就是语言艺术的高超。马致远杂剧的语言偏于典丽，但又不像《西厢记》、《梧桐雨》那样华美，而是把比较朴实自然的语句锤炼得精致而富有表现力。如《汉宫秋》中写“惊雁”的一支《尧民歌》： 呀呀的飞过蓼花汀，孤雁儿不离了凤凰城。画檐间铁马响丁丁，宝殿中御榻冷清清。寒也波更，萧萧落叶声，烛暗长门静。散曲作品　　马致远同时是撰写散曲的高手，是元代散曲大家，有“曲状元”之称。今存散曲约130多首，他的写景作如《秋思》，如诗如画，余韵无穷。他的叹世之作也能挥洒淋漓地表达情性，他在元代散曲作家中，被看做是“豪放”派的主将。作品风格　　他的作品具有豪放中显其飘逸、沉郁中见通脱之风格。　　马致远杂剧的语言清丽，善于把比较朴实自然的语句锤炼得精致而富有表现力。曲文充满强烈的抒情性和主观性。　　马致远的散曲。扩大题材领域，提高艺术意境。声调和谐优美，语言疏宕豪爽，雅俗兼。　　词采清朗俊雅,而不浓艳,《太和正音谱》评为「马东篱之词,如朝阳鸣凤。其词典雅清丽,可与灵光景福两相颉颃,有振鬣长鸣万马皆瘖之意。又若神凤飞于九霄，岂可与凡鸟共语哉!宜列群英之上。　　马致远的散曲大致可分为4大类：写景、叹世、闺情、世象，作者善于运用多种修辞手法和人物形象鲜明等艺术特点。有“曲状元”之称。今存散曲约130多首，他的叹世之作也能挥洒淋漓地表达情性，他在元代散曲作家中，被看做是“豪放”派的主将，他虽也有清婉的作品，但以疏宕宏放为主，他的语言熔诗词与口语为一炉，创造了曲的独特意境。 ▲","纪念场所":"人物故居　　小桥流水人家 ——元代戏剧家马致远故居　　在京西门头沟区王平镇的韭园村西落坡小山村内，有一元代古宅，村民们世代相传说这里就是马致远故居。　　在我国的文学史上，元代的戏剧可以说是灿烂辉煌的一页，出现了许多著名的大戏剧家和很多优秀的剧本。而且很多戏剧家都是大都(北京)人，比如著名的“元曲四大家”中的关汉卿、白朴、马致远、郑光祖。他们的剧本经常在大都西城砖塔胡同里的勾阑瓦舍中演出，有时他们还亲自粉墨登场。元代的很多剧目，像关汉卿的《窦娥冤》、《望江亭》、王实甫的《西厢记》、马致远的《汉宫秋》(即《汉明妃》或《昭君出塞》)等，现在也是久演不衰。北京可以说是我国戏剧的发祥地之一。　　元代众多戏剧家的生平资料都很少，多见于专门介绍元代戏剧家及作品的书籍《录鬼簿》、《青楼集》中。现在，惟一有线索的只有大戏剧家马致远的故居。　　故居所在的韭园村是“王平古道”的道口，“王平古道”经门头沟区王平、大台、木城涧、庄户村、千军台、张家村、七里坟等村镇，到军响乡又和京西大道会合。韭园村由韭园村、东落坡村、西落坡村和桥耳涧村四村组成。马致远故居在西落坡村，坐西朝东，是一座大四合院。故居门前是小桥流水，门前的影壁墙上写着“马致远故居”，并有马致远生平的介绍。绕过影壁就来到院子里。院子很大，西北东南四面都有房间，每面三五间。因长久没有人居住，现已破旧得很厉害，院内野草丛生，杂物满地。马致远的名曲《天净沙·秋思》:“枯藤老树昏鸦，小桥流水人家，古道西风瘦马，夕阳西下，断肠人在天涯”。不失为对京西古道沧桑的写照。　　据《中国文学史》和其它一些资料记载，马致远(1250—1324年)字千里，号东篱。大都(北京)人。有“姓名香贯满梨园”之称，是当时文学组织“贞元书会”的主要成员。马致远因不满官场的腐败，隐居山林，过着“酒中仙、尘外客、林中友、曲中游”的生活。这山林在何处并没有明确的文字记载。但韭园村的西落坡村村民们世世代代相传，这里就是马致远故居。由此可以看出，民众对这位大戏剧家的热爱。人们也更愿意相信他的另一首名曲《清江引·野兴》:“西村日长人事少，一个新蝉噪。恰待葵花开，又早蜂儿闹，高枕上梦随蝶去了。”写的就是西落坡村。纪念馆　　马致远纪念馆位于河北省东光县普照寺院内西南方向。朱红色的大门两侧，黑色的高高门柱上由中国楹联学会理事，省楹联学会副会长朱惠民撰联并书写的对联：七百年面目全非不复存古道西风瘦马；十万里江山大变尚容有小桥流水人家。对联把马致远的代表作巧妙地融入，七百年前的风景仿佛依然在目，七百年的时光恍若一瞬，呼啦啦翻开的历史画页中，新时代祖国日新月日的大好河山静然呈现眼前，怀想与沉思中，马致远向我们静静走来。 ▲"}","https://guwen-1252396323.cos.ap-chengdu.myqcloud.com/headImage/20180914152411582.jpg"
"白朴","元代","白朴（1226—约1306） 原名恒，字仁甫，后改名朴，字太素，号兰谷。汉族，祖籍隩州（今山西河曲附近），后徙居真定（今河北正定县），晚岁寓居金陵（今南京市），终身未仕。他是元代著名的文学家、曲作家、杂剧家，与关汉卿、马致远、郑光祖合称为元曲四大家。代表作主要有《唐明皇秋夜梧桐雨》、《裴少俊墙头马上》、《董月英花月东墙记》等。","{"创作原由":"","著作":"　　在元代杂剧的创作中，白朴更具有重要的地位。历来评论元代杂剧，都称他与关汉卿、马致远、郑光祖为元杂剧四大家。据元人钟嗣成《录鬼簿》著录，白朴写过15种剧本，这15种是：《唐明皇秋夜梧桐雨》、《董秀英花月东墙记》、《唐明皇游月宫》、《韩翠颦御水流红叶》、《薛琼夕月夜银筝怨》、《汉高祖斩白蛇》、《苏小小月夜钱塘梦》、《祝英台死嫁梁山伯》、《楚庄王夜宴绝缨会》、《崔护谒浆》、《高祖归庄》、《鸳鸯间墙头马上》、《秋江风月凤凰船》、《萧翼智赚兰亭记》、《阎师道赶江江》。加上《盛世新声》著录的《李克用箭射双雕》残折，共16本。现在仅存《唐明皇秋夜梧桐雨》、《董秀英花月东墙记》、《裴少俊墙头马上》三种，以及《韩翠颦御水流红叶》、《李克用箭射双雕》的残折，均收入王文才《白朴戏曲集校注》一书中。　　题材多出历史传说，剧情多为才人韵事。现存的《唐明皇秋夜梧桐雨》，写得是唐明皇与杨贵妃的爱情故事，《鸳鸯间墙头马上》，描写的是一个“志量过人”的女性李千金冲破名教，自择配偶的故事。前者是悲剧，写得悲哀怛侧，雄浑悲壮；后者是喜剧，写得起伏跌宕，热情奔放。这两部作品，历来被认为是爱情剧中的成功之作，具有极强的艺术生命力，对后代戏曲的发展具有深远的影响。　　在我国戏曲史上，宋、金两代已有了纯粹演故事的戏曲，但没有剧本流传下来，我们无从说清楚这些戏曲的情况。元代的杂剧，在故事情节、人物塑造方面，都发展到相当娴熟的地步，为我国的戏曲艺术奠定了坚实的基础。从保留下来的剧作中，可知其情节曲折，主题突出，具有强烈的吸引力；剧中人物，无论是因享乐而坏江山的唐明皇，冰肌玉骨、一身娇娆之气的杨贵妃，还是爽朗果敢的闺秀李千金，都塑造得各具个性，栩栩如生。以至于现在戏剧舞台上的唐明皇，还可见到白朴塑造的这一形象的遗风。　　与关汉卿相比，白朴的生活圈子比较局限，因此，他不可能从社会下层提炼素材，写出像关汉卿那感天动地的《窦娥冤》。然而，他善于利用历史题材，敷演故事，因旧题，创新意，词采优美，情意深切绵长，又是关汉卿所不及的。他在文学史和戏曲史上的地位和作用，以及他的剧作的艺术成就，早已成为文学艺术上的重要研究课题。　　白朴的词作，在他生前就已编订成集，名曰《天籁集》。到明代已经残佚，字句脱误。清朝中叶，朱彝尊、洪升始为整理刊行。全集收词二百余首，除了一些应酬赠答、歌楼妓席之作外，多为伤时感怀的作品。赖有这部作品，我们才可以了解白朴的生涯。他的词作，承袭元好问长短句的格调，跌宕沉详，天然古朴。 ▲","人物生平":"　　白朴（1226—约1306），字太素，号兰谷，原名恒，字仁甫，祖籍隩州（今山西河曲一带），后迁居真定（今河北正定县），元代著名戏曲作家。与关汉卿、郑光祖、马致远称为“元曲四大家。”白朴出身官僚士大夫家庭，他的父亲白华为金宣宗三年（1215年）进士，官至枢密院判；仲父白贲为金章宗泰和间进士，曾做过县令，叔父早卒，却有诗名。白家与元好问父子为世交，过从甚密。两家子弟，常以诗文相往来，交往甚好。　　白朴出身于这样的家庭，本应优游闲适，读书问学，以便将来博取功名。然而，他的幼年却偏偏遭逢兵荒马乱，他只得同家人在惊恐惶惑中苦熬光阴。他出生后不久，金朝的南京汴梁已在蒙古军的重重包围之下，位居中枢的白华，整日为金朝的存亡而奔忙，从而无暇顾及妻儿家室。金哀宗天兴元年（1232年），蒙古军树炮攻城，哀宗决计弃城北走归德，白华只得留家人于汴京，只身随哀宗渡河而上。次年三月，汴京城破，蒙古军纵兵大掠，城内士庶残遭杀戮，财富遭到空前洗劫。战争中，白朴母子相失，幸好当时元好问也在城中，才把他和他的姐姐收留起来，在乱兵和饥荒中救了他的性命。四月底，元好问携带白朴姐弟渡河北上，流寓聊城，后寄居于冠氏（今山东冠县）县令赵天锡幕府。元好问虽也是亡国奔命之臣，生活至为艰辛，但他视白朴姊弟犹如亲生，关怀备至。白朴为瘟疫所袭，生命垂危，元好问昼夜将他抱在怀中，竟于得疫后第六日出汗而愈。白朴聪明颖悟，所以从小喜好读书，元好问对他悉心培养，教他读书问学之经，处世为人之理，使他幼年时就受到了良好的教育。　　白朴的父亲白华于金朝灭亡后投降了南宋，做了均州提鲁（八品官）。不久，白华遂北投元朝。蒙古太宗九年（1237年），白朴12岁时，白华偕金朝一些亡命大臣来到真定，依附在世守真定的蒙古将领史天泽门下。同年秋，元好问由冠氏返太原，路经真定，遂将白朴姊弟送归白华，使失散数年的父子得以团聚。父子相见，白华感到极大的快慰，他有一首《满庭芳·示列子新》词，表述当时的心情：“光禄他台，将军楼阁，十年一梦中间。短衣匹马，重见镇州山。内翰当年醉墨，纱笼支高阔依然。今何日，灯前儿女，飘荡喜生还”。他也十分感激元好问代为抚育儿女之恩，曾有诗谢之曰：“顾我真成丧家犬，赖君曾护落窠儿。”　　随着北方的安定，白朴父子也就在真定定居下来。从此，他按照父亲的要求，写作诗赋，学习科场考试的课业。他对律赋之学颇为上进，很快即以能诗善赋而知名。其时，元好问为修撰金朝历史书籍，也常出入大都，从而往来于真定，关心着他的学业，每至其家，都要指导他治学门径，曾有诗夸赞白朴说：“元白通家旧，诸郎独汝贤。”勉励他刻苦用功，成就一番事业。然而，蒙古统治者的残暴掠夺，使白朴心灵上的伤痕难以恢复，他对蒙古统治者充满了厌恶，兵荒马乱中母子相失，使他常有山川满目之叹，更感到为统治者效劳的可悲。因此，他放弃了官场名利的争逐，而以亡国遗民自适，以词赋为专门之业，用歌声宣泄自己胸中的郁积及不满。　　随着年岁的增长，社会阅历的扩大，白朴的学问更见长进。元世祖中统二年（1261年），白朴36岁。这年四月，元世祖命各路宣抚使举文学才识可以从考者，以听擢用，时以河南路宣抚使入中枢的史天泽推荐白朴出仕，被他谢绝了。他既拂逆史天泽荐辟之意，自觉不便在真定久留，便于这年弃家南游，更以此表示他遁世消沉，永绝仕宦之途的决心。然而，眷妻恋子的情肠终不能割断，他也经常为自己矛盾的心情所煎熬，感到十分痛苦。　　他先到汉口，再入九江，41岁时曾北返真定，路经汴京。此后，再度南下，往来于九江与洞庭之间，到元世祖至元十七年（1280年）在金陵定居下来。这前后，可能因为他的真定原配去世，他曾为妻丧而回到过真定，逢着这个机会，又有人建议他去朝中做官，却被他谢绝了。此后不久，他即返金陵。从此，主要在江南的杭州、扬州一带游历，直到81岁时，还重游扬州。而后，他的行踪就无从寻觅了。　　白朴放浪形骸，寄情于山水之间，但他却并不可能真正遁迹世外，对现实熟视无睹。加之，他的足迹所至，恰恰是曾经繁华一时，而今被兵火洗劫变为的荒凉境地。前后景象的对比，更激起他对蒙古统治者的怨恨。他以诗词来宣泄这种怨恨，控诉蒙古统治者的罪恶行径。　　元世祖至元十四年（1277年），白朴游至九江，再入巴陵。九江昔日的繁华，却被一扫而光，留在他眼底的是萧条冷落，他不禁无限伤感地叹息道：“纂罢不知人换世，兵余独见川流血，叹昔时歌舞岳阳楼，繁华歇”。至于金陵怀古，杭城“临平六朝禾黍、南宋池苑诸作，”处处抒发遗民的心情，“伤时纪乱，尽见于字里行间。”其感物伤情从笔下款款道出。　　白朴毕竟是封建时代的知识分子，尽管他为江山异代，田园荒芜而感伤、而悲戚，但他更多地是为自己一生九患的身世伤怀。一部《天籁集》 ，可以说处处倾诉着他对怆凉人生的感慨。他除了用词曲表达他的意志情怀外，还写下了不少杂剧，为元代杂剧的繁荣贡献了自己的才华。　　在元代杂剧的创作中，白朴更具有重要的地位。历来评论元代杂剧，都称他与关汉卿、马致远、郑光祖为元杂剧四大家。▲","文学才能":"　　白朴自幼聪慧，记忆过人，精于度曲。与关汉卿，王实甫（另一说为郑光祖），马致远等人并称元曲四大家。散曲儒雅端庄，与关汉卿同为由金入元的大戏曲家。在其作品中，著名的杂剧《梧桐雨》，内容讲述幽州节度使安禄山与杨贵妃私通，出任范阳节度使，与杨国忠不和，于是安禄山造反，明皇仓皇幸蜀。至马嵬驿时，大军不前，陈玄礼请诛杨国忠兄妹。明皇只得命贵妃自缢于佛堂中。李隆基返长安后，一日梦中相见贵妃，后为梧桐雨声惊醒，追忆往事，不胜惆怅之至。此剧在历代评价甚高，清人李调元《雨村曲话》说:“元人咏马嵬事无虑数十家，白仁甫《梧桐雨》剧为最”。王国维的《人间词话》说：“白仁甫《秋夜梧桐雨》剧，沈雄悲壮，为元曲冠冕。”另有一部作品《墙头马上》全名《裴少俊墙头马上》，是白朴最出色的作品，与五大传奇之一的《拜月亭》、王实甫的《西厢记》、郑光祖的《倩女离魂》合称为“元代四大爱情剧”。故事写唐代尚书裴行俭之子裴少俊奉父命由长安去洛阳买花，途中和李世杰女李千金隔墙以诗赠答。当晚私约后园，二人私奔到长安定居，育有一子一女。后为少俊父亲发现，强令少俊休妻回家。李千金回到洛阳，父母已亡故。少俊中进士后，正式与李千金完婚。　　白朴的词流传至今一百余首，大多以咏物与应酬为主；其作品歌词典雅，属于文采派。杂剧有16种：《绝缨会》、《赶江江》、《东墙记》、《梁山伯》、《赚兰亭》、《银筝怨》、《斩白蛇》、《梧桐雨》、《幸月宫》、《崔护谒浆》、《钱塘梦》、《高祖归庄》、《凤皇船》、《墙头马上》、《流红叶》、《箭射双雕》。散曲有《天籁集摭遗》一卷，收其小令三十七首，套曲四套。 ▲"}","https://guwen-1252396323.cos.ap-chengdu.myqcloud.com/headImage/20180914152418908.jpg"
"王冕","元代","元代诗人、文学家、书法家、画家王冕，字元章，号煮石山农，浙江诸暨人。出身农家。幼年丧父，在秦家放牛，每天利用放牛的时间画荷花，晚至寺院长明灯下读书，学识深邃，能诗，青团墨梅。隐居九里山，以卖画为生。画梅以胭脂作梅花骨体，或花密枝繁，别具风格，亦善写竹石。兼能刻印，用花乳石作印材，相传是他始创。著有《竹斋集》《墨梅图题诗》等。","{"生平":""}","https://guwen-1252396323.cos.ap-chengdu.myqcloud.com/headImage/20180914152421152.jpg"
"张可久","元代","张可久（约1270～1348以后）字小山（一说名伯远，字可久，号小山）（《尧山堂外纪》）；一说名张可久肖像（林晋生作）可久，字伯远，号小山（《词综》）；又一说字仲远，号小山（《四库全书总目提要》），庆元（治所在今浙江宁波鄞县）人，元朝重要散曲家，剧作家，与乔吉并称“双壁”，与张养浩合为“二张”。","{"作品":"　　张可久存世作品现存小令855首，套曲9首，数量为有元之冠，为元代传世散曲最多的作家，占现存全元散曲的五分之一，其个人作品占朝代作品总量的比例之高，在中国文学史上是绝无仅有的。　　在元代220多位作家中，有散曲集传世的只有张养浩、乔吉和张可久三人，但其他两人都是在临死前或死后才刊行于世。而张可久不仅在元代已有四本散曲集传世(钟嗣成《灵鬼簿》记载，“有《今乐府》盛行于世，又有《吴盐》、《苏堤渔唱》”，另有胡存善编《小山乐府》)，在元曲选集《阳春白雪》和《乐府群英》中，张可久入选的作品也是最多的。这说明他的作品在元代已获得了广泛的欢迎，甚至连元武宗在皇宫赏月时也令宫女传唱他的散曲。　　散曲集有《小山乐府》、《张小山小令》、《张小山北曲联乐府》等版本传世。　　明朝朱权在其《太和正音谱》中称张可久为“词林之宗匠”，称“其词清而且丽，华而不艳”；明李开先则称“乐府之有乔、张，犹诗家之有李、社”。 ▲","成就":"最为多产的散曲大家　　张毕生致力于词曲的创作，是元代最为多产的散曲大家，也是元曲的集大成者之一，其在世时便享有盛誉。其作品风格多样“或咏自然风光、或述颓放生活、或为酬作、或写闺情”，是元代散曲中“清丽派”的代表作家。其散曲，元世已有《今乐府》、《苏堤渔唱》、《吴盐》三种行于世（见曹本《录鬼簿》），且胡正臣子胡存善已编有《小山乐府》（同上）。今存散曲，据隋树森《全元散曲》所辑，共小令八百五十五首，套数九套，其数量为元人之冠。小山亦能诗，见于《元诗选》癸集，然以散曲盛称于世。元·高栻《双调·殿前欢《题小山苏堤渔唱》称其“才华压尽香奁句，字字清殊”，“价等连城玉，名重《长门赋》”；大食惟寅《双调·燕引雏》《奉寄小山先辈》称其“声传南国，名播中州”。明·贾仲明补《录鬼簿》挽词，称“照耀乾坤《今乐府》，《苏堤渔唱》文相助，又《吴盐》余意续”，“荆山玉，合浦珠，压倒群儒”（天一阁本《录鬼簿》）。明·朱权《太和正音谱》评其词“如瑶天笙鹤”，又称“其词清而且丽，华而不艳，有不吃烟火食气，真可谓不羁之才；若被太华之仙风，招蓬莱之海月，诚词林之宗匠也，当以九方皋之眼相之”。明·李开先序乔吉、张可久二家小令，谓“乐府之有乔张，犹诗家之有李杜”，王骥德《曲律》则辩云：“李则（王）实甫，杜则（马）东篱，始当；乔、张，盖长吉、义山之流”。清·刘熙载《艺概》称乔、张“两家固同一骚雅，不落俳语，惟张尤翛然独远耳”。今人或有以为小山曲风雅丽，其曲作有“不脱词境”、“词曲间几乎一致”者，但亦肯定“小山一人造境，亦散曲中清华一派之所由立也”（任讷《曲谐》）。　　部分作品如〔庆东原〕《和马致远先辈韵》等抒发穷通无定，世态炎凉的感慨；〔卖花声〕《怀古》等曲写百姓的痛苦和世道的险恶。这类作品充满愤世嫉俗的感情，在一定程度上反映了当时社会黑白颠倒、贤愚不分的现实。他的小山散曲的又一内容是向往归隐，描写归隐生活中的情景。“依松涧，结草庐，读书声翠微深处。”张可久结交的多为官员和文人，生活面比较狭窄，作品内容不够广阔，不少唱和之作，显得平庸。虽有愤懑和不满，但仍表现出一种“怨而不怒”的色彩。张可久是元代散曲清丽派的代表作家。他的散曲的艺术特点是：讲究格律音韵；着力于炼字炼句，对仗工整，字句和美；融合运用诗、词作法，讲究蕴藉工丽，而且常常熔铸诗词名句，藉以入于典雅。其作品多为欣赏山光水色，抒写个人情怀和应酬怀古之作。作品表现了闲适散逸的情趣，同时吸收了诗词的声律，句法及辞藻到散曲中，形成一种清丽而不失自然的风格。明清以来颇为文人推重。明朱权《太和正音谱》誉之为“词林之宗匠”。享誉当时，是一代曲风转捩的关键人物。元散曲前期创作崇尚自然真率，后期则追求清丽雅正。张可久的创作实践在曲风转变中起了重要作用。其散曲在后期被视为典范。地位　　张可久早年与马致远、卢挚、贯云石有交往，曾互相作曲唱和。而他的散曲里涉及的是隐居和游荡的江湖生活，正如他自己所形象概括的“半纸虚名，万里修程”[上小楼《春思》]。　　张可久长期为吏的身世，对他的创作很有影响。生活的坎坷使他抑郁悲伤，向往归隐。因此，描写归隐生活的景和情在作品中就显得多一些。“归隐”虽然是一个传统题材，而对张可久来说，有其特殊的、深切的思想内涵：他一生奔波于宦海，到70岁尚任小吏“昆山县幕僚”；80岁还任“监税松源”，有不得已的苦衷……他结交的多为官员和文人，因此生活面比较狭窄，作品内容不够广阔。他有不少唱和之作，不论在思想上或艺术上都显得平庸；同时他的社会地位和经历，又决定了他的生活态度比较顺从，虽有愤懑和不平，都表现一种“怨而不怒”的色彩。　　张可久在散曲史上居有重要地位。元代前期，散曲家时尚自然真率，后期追求清丽雅正。张可久在这划时代转变中起了重要作用。他力求脱离散曲原有的白描的特色而入于雅正，以丰富多彩而又清丽的风格，自成元代散曲鲜花中的奇葩。《录鬼簿》把张可久列入“方今才人相知者”一类。他专攻散曲，特别致力于小令，能得乐府遗妙。　　张可久的散曲作品，当时即已集成。据隋树森《全元散曲》所辑，共存小令855首，套数9篇，占元散曲的五分之一。著有《吴盐》、《苏堤渔唱》、《小山北曲乐府》等散曲集，又有天一阁本《小山乐府》共六卷。　　张可久是元代散曲“清丽派”的代表，被誉为“词林之宗匠”。清代诗论家刘熙载推崇他为“曲家翘楚”。他的散曲主要的艺术特点是：讲究格律音韵，着力于锻字炼句，对仗工整，字句和美，融合诗词作法，籍以入于典雅。许光治说他“俪辞追乐府之工，散句撷唐宋之秀”（《江山风月情·自序》）。李开仙《小山小令序》评小山乐府，谓如瑶天笙鹤，有不食烟火气，可称之为“曲仙”。 ▲"}","https://guwen-1252396323.cos.ap-chengdu.myqcloud.com/headImage/20180914152430998.jpg"
"张养浩","元代","张养浩（1269—1329年），汉族，字希孟，号云庄，山东济南人，元代著名散曲家。诗、文兼擅，而以散曲著称。代表作有《山坡羊·潼关怀古》等。","{"生平":"　　张养浩，字希孟，号云庄，济南（今属山东）人，唐朝名相张九龄的弟弟张九皋的第23代孙。元代散曲家。少年知名，19岁被荐为东平学正，历官堂邑县尹、监察御史、翰林学士、礼部尚书、参议中书省事等官职。在任监察御史时，因批评时政而为权贵所忌，被免官。后复官至礼部尚书，参议中书省事。后因其父年迈，无人照顾，于英宗至治二年（1322年）辞官家居，此后屡召不赴。文宗天历二年（1329年），关中大旱，特拜陕西行台中丞，办理赈灾，见饥民困苦万分，难以周济，竟为之痛哭，遂“散其家之所有”“登车就道”（《元史》本传），不久便积劳成疾病卒。他的散曲多写弃官后的田园隐逸生活。有《三事 忠告》、《归田类稿》等。散曲集有《云在休居自适小 乐府》。明·朱权《太和正音谱 》谓其曲“如玉树临风”。　　张养浩居官清正，敢于犯颜直谏。在堂邑县，他关心民瘼，抑制豪强，赈灾济贫，做了不少 好事。拜监察御史之后，他绳纠贪邪，荐举廉正，弹劾不避权贵，举荐不疏仇怨，“入焉与天子争是非，出焉与大臣辨可否”（《风宪忠告》），蹈厉风发，“道之所在，死生以之”（同上）。其门人黄溍说他“力排权奸，几蹈祸而不悔”（《滨国公张文忠祠堂碑》）。武宗时，曾因议立尚书省事，与权臣意见牴牾，被构罪罢官；英宗时，又因谏在内廷张灯为鳌山事，险遭不测。怀有“致君泽民”理想的张养浩，本想干一番利国济民的事业，但统治集团中“忠直为国者少，阿容佞诈、惟己之为者多”（《元史》本传），自己犯颜撄鳞，时有性命之虞，便借故辞官归隐，“远是非，绝名利”（《普天乐·辞参议还家》），回到自己的故乡济南。享年59岁。▲","成就":"散曲家　　张养浩从政期间的诗文并不多，而归隐田园则使他成为一个著名散曲家。历经宦海风波，感受到了上层统治 集团的黑暗，其体会自然真切感人：“才上马齐声儿唱道，只这的便是送了人的根苗。直引到深坑里恰心焦。祸来也何处躲？天怨也怎生饶？把旧来时威风不见了”（《朱履曲·警世》）。当其归隐之初，如鸟儿返林、鱼儿纵渊，心情十分愉快：“离省堂，到家乡，正荷花烂开云锦香。游玩秋光，朋友相将，日日大筵张。汇波搂醉墨淋浪，历下亭金缕悠扬，大明湖播画舫，华不注倒壶觞，这几场忙杀柘枝娘！”（《寨儿令·辞参议还家连次乡会十余日，故赋此》）。他给自己隐居的别墅起了一个雅号，叫云庄，云庄内修建了一座绰然亭（也叫翠阴亭），亭后盖了一座遂闲堂。“绰然一亭尘世表，不许俗人到。四面桑麻，一带云山妙。”（《雁儿落兼清江引》）“绰然亭后遂闲堂，更比仙家日月长，高情千古羲皇上。北窗风，特地凉。客来到，尊酒淋浪。花与竹，无俗气；水和山，有异香”（《水仙子·咏遂闲堂》）。这一时期的散曲大多抒写个人心境与所见所闻，而吟咏故乡的山光水色之作，工丽清新，取得较高艺术成就。“自隐居，谢尘俗，云共烟，也欢虞。万山青绕一茆庐，恰便似画图中间里。著老夫对着无限景，怎下的又做官去”（《胡十八》）。故乡的湖光山色，优美的自然景致，使张养浩寻求到一个与污浊官场完全不同的美好世界。云庄迤南，便是景色秀丽的大明湖、趵突泉；迤东，是孤高桀立的华不注；迤西，是块然如垒的标山。在家乡，他时而在明湖游赏，箕居船头，放声高歌；时而登上华不注，领略“苍山万顷”的山野风光；时而登临汇波楼，吟诵“鸟飞云锦千层外，人在丹青画幅中”（《登汇波楼》）动人的诗句；时而漫步趵突泉畔，欣赏珠滚絮飞的泉流……足迹所至，诗、曲亦随之。在这些描写湖光山色的作品中，时时流露出对黑暗官场的厌恶；在似乎消沉的、吟诵隐逸闲适情趣的诗曲中，也常常寄寓着壮志难酬的愤慨，让人在字里行间感到一股抑郁难申的不平之气。其作品《水仙子·咏江南》入选沪教版八年级第二学期语文课本作品格调　　《太和正音谱》评张养浩的散曲如“玉树临风”，指出他的作品格调高远。他的作品文字显白流畅，感情真朴醇厚，无论抒情或是写景，都能出自真情而较少雕镂。《潼关怀古》小令，以及一些写退隐生活的作品，可以代表他的艺术风格。然而他的写景的散曲中，也有一些工丽清逸的作品，如“一江烟水照晴岚，两岸人家接画檐，芰荷丛一段秋光淡”（〔水仙子〕《咏江南》），“鹤立花边玉，莺啼树杪弦”（〔庆东原〕）等句，表明他的作品在总的艺术格调中还有所变化，散曲色调比较丰富。一心为民　　张养浩栖隐云庄，不求显达，优游于山水之间，敛迹于权贵之门，自以为远离世俗尘嚣，不与朝廷政事，然 元朝廷对这位“博学硕德，声名显赫”（艾俊《云庄休居自适小乐府引》）的儒臣，却时时想加以利用，八年之间，凡六下诏书，他均高卧不起。而当天历二年（1329年）朝廷以“关中大旱，饥民相食”，召其为陕西行台中丞前往赈灾时，他却不顾高龄体弱，随即“散其家之所有”登车就道，星夜奔赴任所。“无多惭，此心非为官。”（《西番经》）使他赴召的不是官爵，而是灾情严重激发起他为民承重的精神。赴官途中经洛阳、渑池、潼关，直达长安。一路行来，目睹灾民惨状，感历代兴废，写了数首怀古曲，意绪苍凉，流露出对本朝前景暗淡的哀叹，和对人民苦难的深切同情。其中最著名的，是散曲小令《山坡羊·潼关怀古》：“峰峦如聚，波涛如怒，山河表里潼关路。望西都，意踌躇，伤心秦汉经行处，宫阙万间都做了土。兴，百姓苦；亡，百姓苦。”到任之后，“凡所以力民者，无所不用其至”（危素《张文忠公年谱序》）。四月之内未尝家居，不遑寝处，终因劳瘁而卒。消息传开，“关中之人，哀之如失父母”（《元史》本传）。在封建时代，像张养浩这样为民尽瘁的官儿实在并不多见！元朝廷对其旌表，不过是旌忠励节，激励臣下为其效忠，而人民都以自己的眼光来区分善恶，表明自己的爱憎。张养浩所维护的那个制度虽已成为历史陈迹，而其为民尽瘁的精神，及其同情人民疾苦的作品，却可与济南山川同在，永远为人们所怀念。　　张养浩著有散曲集《云庄休居自适小乐府》，诗文集《归田类稿》。▲","家世":""}","https://guwen-1252396323.cos.ap-chengdu.myqcloud.com/headImage/20180914152437760.jpg"
"关汉卿","元代","关汉卿（约1220年──1300年），元代杂剧作家。是中国古代戏曲创作的代表人物，“元曲四大家”之首。号已斋（一作一斋）、已斋叟。汉族，解州人（今山西省运城），与马致远、郑光祖、白朴并称为“元曲四大家”。以杂剧的成就最大，一生写了60多种，今存18种，最著名的有《窦娥冤》；关汉卿也写了不少历史剧，如：《单刀会》、《单鞭夺槊》、《西蜀梦》等；散曲今在小令40多首、套数10多首。关汉卿塑造的“我却是蒸不烂、煮不熟、捶不匾、炒不爆、响珰珰一粒铜豌豆”（〈不伏老〉）的形象也广为人称，被誉“曲家圣人”。","{"妻子万氏":"　　蒙古人是第一个在中国建立政权的少数民族，它统治的一条措施就是把全国人分为四等，实行民族分化政策，汉族被列在第三等汉人和第四等南人中，地位最低。同时又按职业把全国人分为十等，知识分子的地位只比乞丐高，称“九儒十丐”。元政府对知识分子的打击使一 大批知识分子不再去求功名，专于与市井艺术相结合，便有了元杂剧的兴起，而被称为“杂剧班头”的关汉卿，其成就的取得离不开他的妻子万贞儿。　　作为我国古代戏剧的伟大奠基人，元曲四大家之首的关汉卿，所作杂剧共有六十多种，现存《窦娥冤》、《救风尘》、《拜月亭》、《单刀会》共计十五种，其中以《窦娥冤》的成就最高。《窦娥冤》是以年轻的寡妇窦娥被流氓欺压，并且很冤枉地被地方官处死的故事展开 的，按照关汉卿原来的构思，以为窦娥太可怜了，剧情一路悲悲切切地发展下去，太过于凄枪，因想安插一些“先苦后甜”的情节，以喜剧结尾。万贞儿从来是关汉卿戏曲作品的第一个读者，在看了《窦娥冤》的初稿后，说道：“自古戏曲都脱不了‘先离后合’，‘苦尽甘 来’的老套，《窦娥冤》何妨以悲剧结尾，不落前入窠臼，也许更能给人巨大的震撼力。”关汉卿听取了这一意见。便也赢得清代王国维的赞词：“关汉卿的《窦娥冤》与纪群祥的《赵氏孤儿》列入世界悲剧之中，亦无愧色。”万贞儿当时告诫丈夫：“戏曲力求通俗易懂， 不可咬文嚼字而自炫才华，更要运用活的语言，扣紧观众的心弦。”有人谈到关汉卿的戏曲时说：“以唐诗喻之，则关汉卿似白乐天；以宋词喻之，则关汉卿似柳耆卿。”但很少有人谈到万贞儿的贡献。　　万贞儿和关汉卿就住在元大都一条偏僻幽静的巷子里，共有两进院落，中间一座穿堂，后一进是个小小庭院，房屋已很破旧。院子里有两颗亭亭如盖的梧桐，几丛芭蕉，一架绿叶繁茂的葡萄，遮住半个天井，墙边有树桂子。　　这天，天已过午，万贞儿安顿了三个孩子睡午觉，便坐在楼下做针线。她把自己的一条旧黄绫裙子，改给女儿穿。秋天到了，儿女还没有夹衣。万贞儿的父亲万一颚是前朝俊逸，万贞儿出生在大户人家，却丝毫也没有千金小姐的娇气，自从和关汉卿结婚以后，一直过着贫寒 的生活，经常吃了上顿愁下顿，脱了单衣愁寒衣。她从来没有一句怨言，按照一个贤妻良母的规范，将她的心血，她的青春，献给了丈夫、儿女、家庭。　　她原来生得也是玉貌花容，十分秀美的；生活的磨折，养儿育女的辛劳，以及随着年华悄悄地逝去，便只剩下了大家闺秀的温柔、端庄、文雅的风韵。由于操持家务，她一双纤纤素手也变得粗糙了。丈夫天份极高，性情豪迈，多才多艺，但也有些放荡不羁，她从不对丈夫的 生活范围过多干涉，随意他与各色各样的人物接近，丈夫有时长时间的在外面游历，到很远的地方去，她也不干预，因为她知道只有这样，才能使丈夫吸收到更多的营养，使戏曲创作更具特色。丈夫的生活就象他自己说的：“我玩的是梁园月，饮的是东京酒，赏的是洛阳花 ，攀的是章台柳；我也会围棋、会打围、会插科、会歌舞、会吹弹、会写作、会吟诗、会双陆；你便是落了我的牙、瘤了我的腿、折了我的手、天赐我这般歹症候，尚兀自不肯休；除却是阎王亲自来唤，小鬼亲自来勾，三魂归地府，七魄丧幽冥，天哪！那期间才不向烟花路 上走！”可不久她不得不对丈大有所警觉。　　时间在不知不觉地过去，随她陪嫁的丫环喜儿渐渐地由黄毛丫头，出落得亭亭玉立了，丰腴的躯体，迸发出青春的芳香，白里透红的皮肤，荡漾着诱人的华采。她注意丈夫在这丫环端茶送水，递中打扇的时候，露出欣羡暖昧的眼神，她心中酸酸的，但她却不能做声，那 天，她检视丈夫的书房，偶尔间她发现丈夫写的一首小令，那小令写道：　　鬓鸦，脸霞，屈杀了在陪嫁；规模全似大人家，不在红娘下；巧笑迎人，娓娓回话，真如解语花；若咱得了她，倒却葡萄架。　　吃晚饭的时候，她悄悄地问丈夫，这一首小令是为谁写的，她是十分巧妙地以玩笑的口气问的，想不到这一问，丈关却乘机提出要纳喜儿为妾，终于引起了一场争吵。　　平时，关汉卿脾气爆发，万贞儿总是不声不响，用她的温顺，她的体贴，她的柔情，使风暴渐渐平息，然后再委婉地规劝几句。今天她一来觉得事情的严重；二来这两天她的心情很不好，不仅因为生活贫困，断炊待米，更主要的是来自感情上的问题，于是也毫不相让，关汉卿脾气很大，争吵渐渐地扯到别的问题上，关汉卿瞪着眼睛说：“我知道，你轻视我是个只会吟诗谱曲的无用书生，怨恨我碌碌半生，没能为你争一个夫贵妻荣。”说罢，一挥手，把一只碗碰到地上，打得粉碎，万贞儿哭着跑上楼去。　　此后好些日子里，万贞儿经历着很大的痛苦。自从那一天争吵以后，她一直受着关汉卿的冷落。开始她以为关汉卿象平时一样发过脾气，就会向她赔情，言归于好，可是这一次不但没有向她赔情；而且连楼都不上了，每天一大早出门，直到深夜才归家。　　万贞儿暗自伤心流泪，表面上丝毫不曾露出怨恨之情。一位名门千金，深明闺训，恪守“三从四德”，怎么能为一个丫环争风吃醋呢！在官宦人家，男人纳姬卖妾，寻花问柳，本是常事；何况关汉卿生性多情，过去也曾喜欢依红偎翠，沾花惹草，做过一些风流的事，每次都 能悬崖勒马。她和关汉卿是患难相共，贫贱相守的恩爱夫妻，她想丈夫一定能理解她。　　又一个黄昏，关汉卿从外面回来，关汉卿走到楼梯口，但却在楼梯前停住了脚步，他知道夫人在忍受着痛苦，可他上去对她说些什么呢？难道能装出虚情假意地样子去和她亲热，讲些甜言蜜语安慰她？这样做，是在欺骗自己和欺骗夫人。万贞儿站在楼上，听到丈夫似乎要上 楼来，她等待着，却终于没有见到丈夫的身影，她思前想后，终于写下这样四句话，叫丫环喜儿送给关汉卿。　　闻君偷看美人图，不似关羽大丈夫；　　金屋若将阿娇贮，为君喝彻醋葫芦。　　关汉卿读了这一首打油诗后，更明白妻子是斩钉截铁地反对自己纳喜儿为妾，他的心软了，他慢慢地走进妻子在楼上的卧室，答应妻子今后永不再有纳妾的想头。　　关汉卿的《救风尘》又快完稿了，还是原来的习惯，在没有全部脱稿之前，关汉卿读给万贞儿听：　　[混江龙]：我想这姻缘匹配，少一时一刻强难为。如何可意，怎地相知？怕不便脚踏着脑构成事早，怎知他手拍胸脯悔后迟！寻前程，觅下梢，恰便是黑海也似难寻觅。料的来人心不问，天理难欺。　　[油葫芦]:姻缘薄全凭我共你？谁不待拣个称意的？他每都拣来拣去百千回。待嫁一个老实的，又怕尽世儿难成对；待嫁一个聪俊的，又怕半路里轻抛弃。遮莫向狗溺处藏，遮不向牛屎里堆，忽地便吃了一个合扑地，那时节睁眼怨他谁！　　[脱布衫]：我更是的不待饶人，我为甚不敢明闻；肋底下插柴自忍，怎见你便打他一顿？　　[小梁州]：可不道一夜夫妻百夜恩，你可便息怒停填。你村时节背地里使些村，对着我合思忖：那一个双同叔打杀俏红裙？　　关汉卿边唱边说，万贞儿听着，两眼满含着泪水。 ▲","写作风格":"　　关汉卿的杂剧内容具有极高的现实性和强烈的反抗精神。　　在关汉卿生活的时代，政治黑暗腐败，社会动荡不安，阶级矛盾和民族矛盾十分突出，人民群众生活在水深火热之中。他的剧作深刻地再现了社会现实，充满着浓郁的时代气息。既有皇亲国戚、豪权势要葛彪、鲁斋郎的凶横残暴，“动不动挑人眼，剔人骨，剥人皮”的血淋淋现实，又有童养媳窦娥、婢女燕燕的悲剧遭遇，反映生活面十分广阔；既有对官场黑暗的无情揭露，又热情讴歌了人民的反抗斗争。慷慨悲歌，乐观奋争，构成关汉卿剧作的基调。在关汉卿的笔下，写得最为出色的是一些普通妇女形象，窦娥、妓女赵盼儿、杜蕊娘、少女王瑞兰、寡妇谭记儿、婢女燕燕等，各具性格特色。她们大多出身微贱，蒙受封建统治阶级的种种凌辱和迫害。关汉卿描写了她们的悲惨遭遇，刻画了她们正直、善良、聪明、机智的性格，同时又赞美了她们强烈的反抗意志，歌颂了她们敢于向黑暗势力展开搏斗、至死不屈的英勇行为，在那个特定的历史时代，奏出了鼓舞人民斗争的主旋律。关汉卿是位伟大的戏曲家，后世称关汉卿为“曲圣”。1958年，被世界和平大会理事会定为世界文化名人，在中外展开了关汉卿创作700周年纪念活动。同年6月28日晚，国内至少100种不同的戏剧形式，1500个职业剧团，同时上演关汉卿的剧本。他的剧作被译为英文、法文、德文、日文等，在世界各地广泛传播,外国人称他为“东方的莎士比亚”！经过七百多年历史的考验，关汉卿在中国戏剧史和世界文化史上的地位，已被大家所公认。他的创作遗产已成为民族艺术的精英，人类文化的瑰宝，全世界人民的共同财富。 ▲","墓":"　　在今河北省安国市关汉卿故里伍仁村东北500米处，有关氏陵墓。坟墓原长4米，宽3米，高1.5米，东南－西北向。相传村西北角为关宅遗址，俗称“关家园，面积九亩九分。另有关家渡、关家桥、普救寺等遗址，现存“蒲水威观“石匾，传为关汉卿手迹。其轶事传闻在故里世代相传，老幼引以自豪。关汉卿纪念馆设在药王庙(在今安国市南关)，全国政协副主席王任重题写馆名。展出关氏文物、历史资料和国内外研究关氏作品文章及名人题词。1958年，全国剧协主席田汉视察后，国家拨款修成砖墓。　　1986年县政府拨款重修。现为直径10米，高3米的砖基大墓，四周遍植松柏，墓前树碑，碑阳为“伟大戏剧家关汉卿之墓”。 ▲","文学地位":"　　关汉卿是中国文学史和戏剧史上一位伟大的作家，他一生创作了许多杂剧和散曲，成就卓越。他的剧作为元杂剧的繁荣与发展打下了坚实的基础，是元代杂剧的奠基人。他在生时就是戏曲界的领袖人物，《录鬼簿》中贾仲明吊词说他是“驱梨园领袖，总编修师首，捻杂剧班头”，“姓名香四大神物”。从元代周德清的《中原音韵》、明代何良俊的《四友斋丛说》到近代王国维的《宋元戏曲史》，都把他列为“元曲四大家”之首。著名的杂剧作家高文秀被称为“小汉卿”，杭州名作家沈和甫被称为“蛮子汉卿”，可见关汉卿在当时就已享有崇高的地位。　　关汉卿一生创作了60多个杂剧，从民间传说、历史资料和元代现实生活里汲取了许多素材，真实地表现了元代人民反对封建阶级压迫与民族压迫的斗争。关汉卿从不写作神仙道化与隐居乐道的题材。他的严肃的创作态度与批判现实的战斗精神对后世有巨大影响。　　关汉卿是一位杰出的戏剧艺术家，他的悲剧《窦娥冤》“列之于世界大悲剧中亦无愧色” （王国维《宋元戏曲史》），是中国古典悲剧的典范；他的喜剧轻松、风趣、幽默，是后代喜剧的楷模。他的杂剧无论在艺术构思、戏剧冲突、人物塑造、语言运用等许多方面，都为后世提供了许多宝贵的艺术经验。他的许多杂剧经过改编一直在舞台上演出，为人民所喜爱，给人以强烈的美的享受。但是，元明清三代只有少数慧眼独具的评论家能正确评价关汉卿。有的人站在封建统治阶级立场上贬低他的影响，如朱权说“观其词语，乃可上可下之才”（《太和正音谱·古今群英乐府格势》）；明代有的封建文人还肆意篡改他的作品，把《窦娥冤》改成一部“翁做高官婿状元，夫妻母子重相会”的庸俗喜剧《金锁记》，磨平原作反抗的棱角，就是一个典型的例子。　　关汉卿的作品是一个丰富多彩的艺术宝库，早在一百多年前，他的《窦娥冤》等作品已被翻译介绍到欧洲。中华人民共和国成立后，关汉卿的研究工作受到高度重视，出版了他的戏曲全集。1958年，关汉卿被世界和平理事会提名为“世界文化名人”，北京隆重举行了关汉卿戏剧活动700年纪念大会。他的作品已成为中国人民和世界人民共同的精神财富。 ▲","介绍":"","生平":"　　关于关汉卿的生平的资料相当缺乏，只能从零星的记载中窥见其大略。据元代后期戏曲家钟嗣成《录鬼簿》的记载，“关汉卿，大都人，太医院尹，号已斋叟”，“太医院尹”别本《录鬼簿》作“太医院户”。关于关汉卿的籍贯，有大都（今北京市）（《录鬼簿》）、解州（在今山西运城）（《元史类编》卷三十六）、祁州（在今河北安国市）（《祁州志》卷八）等不同说法。查《金史》或《元史》均未见“太医院尹”的官名，而“医户”却是元代户籍之一，属太医院管辖。因此，关汉卿很可能是属元代太医院的一个医生。《拜月亭》中，他有一段临床诊病的描写，宛若医人声口，可以作为助证。　　元末夏庭芝《青楼集·序》载：“我皇元初并海宇，而金之遗民若杜散人、白兰谷、关已斋辈，皆不屑仕进，乃嘲弄风月，流连光景。”杜散人即杜善夫，是由金入元的作家，白兰谷即白朴，金亡（1234）时才8岁，估计关汉卿的年代同他们接近，也是由金入元的作家，关汉卿今存〔大德歌〕10首，“大德”是元成宗的年号（1297～1307），上距金亡已70年左右。由此可以推断出关汉卿约卒于元成宗大德元年（1297）以后，他的生年，估计在1220年左右。《录鬼薄》作者钟嗣成称关汉卿为“前辈已死名公”，说“余生也晚，不得预几席之末”。《录鬼簿》成书于1330年，故将关汉卿卒年定在1300年左右，当去事实不远。　　南宋灭亡（1279）之后，关汉卿曾到过当时南方戏曲演出的中心杭州，写有〔南吕一枝花〕《杭州景》套曲（中有“大元朝新附国，亡宋家旧华夷”句）。还曾到过扬州，写曲赠朱帘秀，有“十里扬州风物妍，出落着神仙”句。　　关汉卿是一位熟悉勾栏伎艺的戏曲家，《析津志》说他“生而倜傥，博学能文，滑稽多智，蕴藉风流，为一时之冠”。明代臧晋叔《元曲选·序》说他“躬践排场，面敷粉墨。以为我家生活，偶倡优而不辞”。关汉卿在元代前期杂剧界是领袖人物，玉京书会里最著名的书会才人。据《录鬼簿》、《青楼集》、《南村辍耕录》记载，他和杂剧作家杨显之、梁进之、费君祥，散曲作家王和卿以及著名女演员朱帘秀等均有交往，和杨显之、王和卿更见亲密。 ▲","作品风格":"杂剧　　关汉卿杂剧题材和形式都广泛而多样化，有悲剧，有喜剧，有壮烈的英雄，有恋爱故事，有家庭妇女问题，有官场公案。杂剧题材大多反映现实，生活面非常广阔，真实具体，揭示了社会各方面的矛盾，对不幸者寄多深厚同情，高度结合思想性与艺术性。　　关汉卿杂剧剧本能根据主题而剪裁取舍，情节安排紧凑，布局引人入胜，主线清晰，节奏紧凑，不全采用大团圆结局的惯例。　　关汉卿杂剧塑造的人物个性鲜明，有血有肉，如窦娥等人物形象均栩栩如生，成功地塑造各种典型人物。　　关汉卿善于驾驭语言，语言风格与题材互相配合，吸收民间文学的土语方言，以及古典诗词的鲜活字词，并加以提炼，能恰如其分地反映剧中人物的身分性格，又善于烘托渲染，充分表现元剧“本色”。　　关汉卿的杂剧内容具有强烈的现实性和弥漫着昂扬的战斗精神，关汉卿生活的时代，政治黑暗腐败，社会动荡不安，他的剧作深刻地再现了社会现实，充满着浓郁的时代气息。既有对官场黑暗的无情揭露，又热情讴歌了人民的反抗斗争。慨慷悲歌，乐观奋争，构成关汉卿剧作的基调。散曲　　关汉卿散曲写男女恋情的作品最多，对妇女心理的刻划细致入微，写离愁别恨则真切动人。关汉卿散曲风格豪放，曲词泼辣风趣；语言通俗而口语化，生动自然，很能表现曲的本色。他喜用白描手法，善于写景，所用比喻，形象生动。 ▲"}","https://guwen-1252396323.cos.ap-chengdu.myqcloud.com/headImage/20180914152440477.jpg"
"徐再思","元代","徐再思引(1320年前后在世)，元代散曲作家。字德可，曾任嘉兴路吏。因喜食甘饴，故号甜斋。浙江嘉兴人。生卒年不详，与贯云石为同时代人，今存所作散曲小令约100首。作品与当时自号酸斋的贯云石齐名，称为“酸甜乐府”。后人任讷又将二人散曲合为一编，世称《酸甜乐府》，收有他的小令103首。","{"著述":"　　徐再思的散曲以悠闲生活与闺情春思，恋情、写江南自然景物、归隐等题材为主，也有一些赠答、咏物为题的作品。他虽与贯云石齐名，风格却不尽相同，贯云石以豪爽俊逸为主，徐再思却以清丽工巧见长。善于学习俗谣俚曲，擅长白描手法，抒情深细，对仗工整，风格清新秀丽。《太和正音谱》评他的作品如“桂林秋月”。　　他的写景作品以〔喜春来〕《皋亭晚泊》、〔水仙子〕《惠山泉》为佳，意境高远而奇巧，可以看出他工于炼字造句的特色。〔水仙子〕《夜雨》以“一声梧叶一声秋，一点芭蕉一点愁”来描绘凄婉的羁旅之情，细腻动人。他的写恋情作品，善于学习民间歌谣的表现手法，与贯云石的同类作品有相似之处。〔蟾宫曲〕《春情》写一害相思的女子“身似浮云，心如飞絮，气若游丝，空一缕余香在此”的情态，运用了散曲中连环句、韵字复用等形式特点，颇能尽其情致。〔沉醉东风〕《春情》又写出一女子猛然见到情人时的复杂的心理，她又想招呼，又怕被人瞧破，情态传神，人物灵动。这一部分作品清新活泼，成就较高。 ▲","介绍":"　　徐再思，字德可，浙江嘉兴人。钟嗣成曹本《录鬼簿》言其“好食甘饴，故号甜斋。有乐府行于世。其子善长颇能继其家声”。天一阁本《录鬼簿》，除包括上述内容外，还记载他做过“嘉兴路吏”，且“为人聪敏秀丽”、“交游高上文章士。习经书，看鉴史”等。这些都说明他在仕途上虽仅止于地位不高的吏职，但却是一位很有才名的文人。其生卒年月很难确定。《录鬼簿》把他列为“方今才人相知者”一类，并说他“与小山同时”。张小山生活在元末，据此推算，其生年应在一二八○年以后。他的散曲〔双调·蟾宫曲〕《钱子云赴都》有“今日阳关，明日秦淮”句，既云“赴都”，又点明“秦淮”，很可能已是明初。其卒年疑在一三五○年以后。他一生的活动足迹似乎没有离开过江浙一带。清·褚人获《坚瓠集·丁集》说他“旅寄江湖，十年不归”。他的〔双调·水仙子〕《夜雨》“枕上十年事，江南二老忧”，及〔双调·蟾宫曲〕《西湖》“十年不到湖山，齐楚秦燕，皓首苍颜”等句，均可证实他确曾在外飘泊达十年之久。其作品大量是《吴江八景》、《苕溪》、《甘露怀古》等内容。他离开家乡，在太湖一带飘泊，则是完全可以肯定的。　　现存小令一百零三首，主要内容集中在写景、相思、归隐、咏史等方面。他的写情之作深沉娟秀，如〔双调·蟾宫曲〕的《赠名姬玉莲》（“荆山一片玲珑”）及《春情》（“平生不会相思”）二首，被认为是“镂心刻骨之作，直开玉茗、粲花一派”。有些作品立意颇新，能于俗中见雅，〔双调·水仙子〕《红指甲》及《佳人钉履》等篇，近人吴梅《顾曲麈谈》卷下评曰：“钉鞋云‘金莲脱瓣’，《红指甲》云‘落花飞上’云云。语语俊，字字绝，真可压倒群英，奚止为一时之冠。”他的某些咏史之作，则常在短短的一曲中小结兴亡，有一定积极意义。明·朱权《太和正音谱》评其词“如桂林秋月”，不无是处。他在感叹人生时，总不免带着一种伤感悲凉的情绪，这大概和他一生的经历有关。其散曲集《甜斋乐府》和贯云石的《酸斋乐府》，因两人的字号相映趣，故后人将两家散曲合辑成集，名为《酸甜乐府》。但两人的生活经历及作品风格并不相同，徐比贯云石辈份晚些，成就及影响亦不如贯云石。 ▲"}",""
"贯云石","元代","贯云石(1286～1324) 元代散曲作家。字浮岑，号成斋，疏仙，酸斋。出身高昌回鹘畏吾人贵胄，祖父阿里海涯为元朝开国大将。原名小云石海涯，因父名贯只哥，即以贯为姓。自号酸斋。初因父荫袭为两淮万户府达鲁花赤，让爵于弟，北上从姚燧学。仁宗时拜翰林侍读学士、中奉大夫，知制诰同修国史。不久称疾辞官，隐于杭州一带，改名“易服”，在钱塘卖药为生，自号“芦花道人”。今人任讷将他的散曲与自号“甜斋”。","{"介绍":"　　贯云石（1286年－1324年），原名小云石海涯，元朝畏兀儿人，精通汉文，著名诗人、散文作家。　　根据蒋一葵《尧山堂外纪》的记载，贯云石的父亲名为“贯只哥”，所以他以“贯”作为他的氏，名“小云石海涯”，自号“酸斋”，当时和号“甜斋”的徐再思齐名，都以擅长乐府闻名，世称“酸甜乐府”。　　贯云石做过翰林学士，深受汉族的思想与文学的影响，爱慕江南风物，憧憬恬静闲适的生活，后辞官不做，隐居江南，改名“易服”，在钱塘卖药为生，自号“芦花道人”。他善作散曲。据传他所创的曲调，传给浙江澉浦杨氏，后称为“海盐腔”，流传至明代，为“昆腔”的先驱。　　存小令七十余首，套数八套，有专集 《酸斋乐府》，近人任讷所辑。 ▲","文武双全":"　　贯云石的伯父忽失海涯、父亲贯只哥都托庇祖荫，先后在南方担任军政要职；而贯云石幼年，一直生活在大都，受着良好而又特殊的教育。贯云石的母亲廉氏是精通汉学的维族名儒廉希闵的女儿。她的一位叔父廉希宪曾任宰相，被世祖称为“廉孟子”；另一位叔父廉希贡则是著名的书法家。贯云石自幼就常随母亲住在廉家的别墅“廉园”里修文习武。尤其是园内有两万多卷藏书，使贯云石从小就受到了丰富的汉民族文化的熏陶与严格训练，既有“善骑射、工马槊”的维吾尔气质，又能“折节读书，目五行下”，为他以后用汉文写作打下了扎实的基础。　　元成宗大德十年（1306），年方二十的贯云石承袭父爵，出任两淮万户达鲁花赤（这是一个拥有实际兵权的三品要职）。不久，又出镇永州。这位血气方刚、文武双全的青年军官，管辖着十一万户百姓，统率着七千将士。他“在军气候分明，赏罚必信”、“御军极严猛，行伍肃然”；公务之暇，则写诗作曲，投壶雅歌。他要凭着自己的才能建功立业，又愿意“自适，不为形势禁格”，然而这在当时那样的社会里，简直是不可能的。在苦闷与矛盾中，他终于作出了将官职军权让给弟弟忽都海涯的决定。　　贯云石让爵后，“与文士徜徉佳山水处”，“倡和终日，浩然忘却”，真是：“弃微名去来心快哉，一笑白云外。知音三五人，痛饮何妨碍，醉袍袖舞嫌天地窄。”——〔清江引〕　　当时，元代的散曲创作正处于由草创时期向黄金时代过渡的阶段。贯云石开始以通脱豪爽的风格闯入了散曲阵地，犹如天马入苑，在元代诗坛上引起了强烈反响。1308年，贯云石回到了文人荟萃的元大都。▲","经历":"　　公元1314年秋天，贯云石南游途中经过梁山泊。贯云石喜爱那里一个渔翁的芦花絮成的被子，渔翁要他用诗来交换。贯云石略加思索，吟出了一首七律：　　采得芦花不涴尘，翠蓑聊复藉为茵。西风刮梦秋无际，夜月生香雪满身。　　毛骨已随天地老，声名不让古今贫。青绫莫为鸳鸯妒，欸乃声中别有春。　　这首《芦花被》诗广为流传，贯云石用它换取芦花被的事也传为佳话。贯云石干脆又取了“芦花道人”的别号，并写道：“清风荷叶杯，明月芦花被，乾坤静中心似水。”宣布了自己和名利场的决绝，开始了十年浪迹江湖、专心创作的新生活。　　春去秋来。贯云石“月明采石怀李白，日落长沙吊屈原”（钱惟善《酸斋学士挽诗》），登扬州明月楼填词，到淮南鲁港驿题诗，西下洞庭览胜境，东临普陀观日出……这种壮游万里的生活，使他创作出《采石歌》、《君山行》、《观日行》等许多优秀诗篇。他在诗中讴歌祖国的大好河山，凭吊中华民族历史上的杰出人物，抒发对家乡与亲人的爱恋，也表达了愿意摒弃荣华富贵、过恬静淡泊生活的愿望。这些作品感情真挚，风格清新秀丽，使他成为元诗中“绮丽清新之派”的代表人物（顾嗣立《元诗选·萨都剌传》）。　　贯云石历览名胜，著述满家，雅名愈盛。他每到一处，“士大夫从之若云，得其片言尺牍，如获拱璧”。决心避世的贯云石进而隐姓埋名，易服晦迹，定居在钱塘（今杭州）正阳门外，靠卖回回药为生。他在凤凰山休暑，到包家山修禅；时而入天目山与中峰禅师论道，时而去城东阿里西瑛的寓所去吹奏铁笛，切磋乐律；他常与散曲家张可久一道游湖观潮，饮酒唱和，也不时地同平民百姓一起切磋技艺。他在秀丽的西子湖畔度过了一生中创作散曲最旺盛的时期。贯云石自幼性格豪爽，不拘形迹，又多才多艺，工书画，通音律，精鉴赏，既善于学习前代各家之长，又“吐辞为文，不蹈袭故常”，还能注重从民间吸取营养，这就不仅使他的散曲创作形成了“如天马脱羁”（朱权《太和正音谱》）的独特风格，也呈现出丰富多样的艺术特色。尤其是他作为一个出生在大都的维族人，一生足迹遍及大江南北，又能摒弃民族的与传统的偏见，热心兼收并蓄北方“胡夷之曲”与南方“里巷歌谣”，使他的散曲往往带有北方民歌刚健质朴的气息与南方民歌清新秀丽的风采。　　明人李开先的《词谑》记载了贯云石的一则轶事：　　一日，郡中数衣冠士游虎跑泉，饮间赋诗，以“泉”字为韵。中一人，但哦“泉、泉、泉……”，久不能就。忽一叟曳杖而至，问其故，应声曰：“泉、泉、泉，乱迸珍珠个个圆。玉斧斫开顽石髓，金钩搭出老龙涎。”众惊问曰：“公非贯酸斋乎？”曰：“然、然、然。”遂邀同饮，尽醉而去。　　这个故事久久在杭州流传，说明了贯云石与民众的交往，也说明了民间对酸斋创作风格的了解。邓文原在《贯公文集序》中说：贯“生长富贵，不为燕酣绮靡是尚，而与布衣韦带角其技，以自为乐，此诚世所不能者。”这是贯云石作为“浊世佳公子”（陈垣评语）的可贵之处，它决定了其后期作品仍然涉及到社会生活的各个方面，内容是丰富充实的。　　值得一提的是，在钱塘定居期间，贯云石又与海盐杨梓交善，向他传授“南北合调”的歌唱方法。贯云石死后三十九年（1363），姚桐寿在《乐郊私语》中有一段精彩的说明：　　云石翩翩公子，无论所制乐府、散套，骏逸为当行之冠；即歌声高引，上彻云汉。而康惠（杨梓）独得其传。……以故杨氏家僮千指，无有不善南北歌调者。由是州人往往得其家法，以能歌有名于浙右云。　　贯云石的乐府、散套和高彻云汉的歌唱，在南戏四大声腔之一“海盐腔”的形成中起了重要的发端作用。　　公元1324年，正当壮年的贯云石病逝于杭州。他的好友张小山（可久）写了一首《为酸斋解嘲》的散曲来总结这位维族作家的一生：　　君王曾赐琼林宴，三斗始朝天。文章懒入编修院。红锦笺，白苎篇，黄柑传。学会神仙，参透诗禅。厌尘嚣，绝名利，近林泉。天台洞口，地肺山前，学炼丹。同货墨，共谈玄。……　　他的另一位好友欧阳玄在为贯云石写的碑文中称赞他“武有戡定之策，文有经济之才”，“其人品之高，岂可浅近量哉！”二百年后，王世贞在《曲藻》中将贯云石列为“擅一代之长”的元曲代表作家之首。陈垣先生在《元西域人华化考》中说：　　云石之曲，不独在西域人中有声，即在汉人中亦可称绝唱也。　　是的，贯云石的作品，通过他的生活和创作所体现出来的我国各兄弟民族作家之间互相学习、亲密融洽的深厚友情，已成为中华民族宝贵的精神财富。　　①本文引语，除另注出处的外，均见《元史·小云石海涯传》及欧阳玄《贯公神道碑》。▲","作品特色":"　　贯云石出身武官家庭，自幼武艺超群，后弃武学文，接受汉族文化。善书法，自成一家。诗文亦有一定成就，尤以散曲最著。在他的为人和作品中可以看到元代各族文化互相渗透的情况，他以胄子袭位，仕途本颇顺利，却有飘然世外之志，为人疏放旷达。曾以《芦花被诗》换取渔父芦花被，一时传为文坛佳话。　　贯云石的散曲以写山林逸乐生活与男女恋情为主。作品风格基本上属豪放派，以清俊见长。风格形成与他出身西域武官家庭有关，同时也染上了江南文学清秀媚丽的色彩。他的啸傲山林的作品尤为飘逸俊放,弃微名去来。心快哉，一笑白云外〔清江引）畅幽哉，春风无处不楼台。一时怀抱俱无奈，总对天开，就渊明归去来〔殿前欢〕等；他的情词则清新警切，善于学习俗谣俚曲的长处。四更过，情未足，情未足，夜如梭。天哪！更闰一更妨什么？〔红绣鞋〕不是不修书，不是无才思，绕清江买不得天样纸 〔清江引〕等,以白描手法取胜，颇有情致。此外，他也有一些清丽端谨的作品，如《春、夏、秋、冬》〔清江引〕等。　　贯云石的散曲在当时最为俊逸当行，歌唱起来，响彻云宵。他与海盐杨梓交好，或说他曾为“海盐腔”的创造和传播作出了一定贡献。“海盐腔”流传至明代，为“昆腔”的先驱。他还是最早的散曲评论家，曾为《阳春白雪》、《小山乐府》作序，在当时散曲界十分活跃，而且很有影响。▲","拜师":"　　贯云石做了几年世袭的官爵——两淮万户府的达鲁花赤，就把官职让给他的弟弟忽都海涯了。从那以后，他投拜了当时以文风古劲宏肆而著名的散文大家姚燧为师，专门攻读汉语文学。过了几年元世祖忽必烈的孙子做了皇帝，号称仁宗。小云石海涯就给仁宗上了一份万言书，建议朝廷选贤用能，修明政治。仁宗见他很有学问，就任命他做翰林侍读学士，由于他看不惯上层统治者的罪恶污浊及其宦海生活，因之力辞不受，决意弃官归隐，从此再未出仕，浪迹钱塘江一带，以卖药度日。小云石海涯，出身于宦官贵族，他能够毅然决然的放弃了寄生生活，不和统治者同流合污，并且在一定程度上同情百姓的遭遇，主张改革政治，尽管他采取的办法是消极的，但在客观上，是有一定进步性的。作为一个封建统治阶级的官吏，当他意识到现状污浊，又无力改变现状的时候，采取弃官归隐，不仅是可以理解的，而从个人的品格来说，也是高尚的。他的反抗精神，虽然不及屈原那样强烈，但比起陶潜来，是并无逊色的。　　贯云石之所以能在文学方面能取得这样大的成就，除了他自己专心好学而外，与他的汉族老师姚燧和亲密的朋友张可久、徐再思、杨朝英等人的帮助是分不开的。贯云石自号酸斋。根据邓子晋在《太平乐府》序里记载，杨朝英文风以豪放著称，贯云石和杨朝英同游，贯云石说： “我酸，你就应该澹。”从那以后，杨朝英果然自号澹斋了。徐再思作品风格清丽，自号甜斋。因贯云石和徐再思是当时两位齐名而又相好的散曲家，所以，后人就把他们的作品编成一个集子，很风趣地叫作《酸甜乐府》了。张可久是元朝后期最著名的散曲大家，风格雅丽，文辞工巧，他与贯云石应答的作品也多。▲","直言敢谏":"　　二十二岁的贯云石成了廉园的中心人物。他的让爵，在大都传为美谈；他的诗词散曲，在诗界崭露头角。然而他自己并不满足。在廉园，他进而结识了程文海、赵孟頫、袁桷、姚燧等文坛前辈，得到他们的赏识，也认真地向他们学习。姚燧“于当世文章士少许可”，却连连称赞贯云石“古文峭厉有法”、“歌行古乐府慷慨激烈”、“才气英迈，宜居代言之选”（见邓文原《贯公文集序》），并多次在东宫太子爱育黎拔力八达（即元仁宗）面前荐举贯云石，使他“选为英宗潜邸说书秀才”。这些，不仅促进了贯云石的文学创作，也再次激发了他报效国家的热情。　　公元1313年二月，仁宗即位不久，二十七岁的贯云石就被任命为翰林侍读学士、中奉大夫、知制诰同修国史，这是一个能直接向皇帝提供政治见解、参予制订国家政令的要职。仁宗说：“翰林、集贤儒臣，联自选用，汝等毋辄拟进。人言御史台任重，朕谓国史院尤重；御史台是一时之公论，国史院实万世公论也。”（《续资治通鉴》卷198）贯云石想到自己被皇帝亲自委以重任，成了赤县神州第一个维吾尔族的翰林学士，感慨万分：“迩来自愧头尤黑，赢得人呼‘小翰林’。”（《神州寄友》）小翰林充满信心，积极参政，直言敢陈。他与翰林承旨程文海一起制订恢复科举的条令，“多所建明”；他向仁宗进自著的文白对照的《孝经直解》；又递交了万言书，条陈释边戍、教太子、立谏官等六事。然而，科举制度迟迟不能恢复，《孝经》已引不起仁宗的兴趣，万言书被仁宗空许为“往往切中时弊”，却不予采纳，反而触犯了一班反对改革的权贵。此时，姚燧已辞官家居。贯云石深感自危，也清醒了许多。这位任职刚一年的“小翰林”，毅然称疾辞归江南，结束了自己的政治生涯。他的一首〔清江引〕生动地表达了当时的心情：　　竞功名有如车下坡，惊险谁参破！昨日玉堂臣，今日遭残祸。争如我避风波走在安乐窝。　　然而，贯云石这五年的大都生活并没有白过。这期间，他创作了许多清丽婉腻的散曲，世人将它们和散曲名家徐再思（号“甜斋”）的作品并称为“酸甜乐府”；他写下了著名的《〈阳春白雪）序》，也写出了不少奇诡激烈的歌行诗。就在贯云石刚刚就职翰林学士之时，程文海为贯云石诗文集写过一个跋，指出贯在文学上造诣深湛，前程不可限量，还说：“盖功名富贵有不足易其乐者，世德之流，讵可涯哉！”程文海慧眼独具，他道出了贯云石品格上的可贵之处。贯云石仰慕屈原、李白、陶渊明，决心从政治的漩涡中冲腾出来。▲"}","https://guwen-1252396323.cos.ap-chengdu.myqcloud.com/headImage/20180914152517230.jpg"
"卢挚","元代","卢挚（1242-1314），字处道，一字莘老；号疏斋，又号蒿翁。元代涿郡（今河北省涿县）人。至元5年(1268)进士，任过廉访使、翰林学士。诗文与刘因、姚燧齐名，世称“刘卢”、“姚卢”。与白朴、马致远、珠帘秀均有交往。散曲如今仅存小令。著有《疏斋集》（已佚）《文心选诀》《文章宗旨》,传世散曲一百二十首。有的写山林逸趣，有的写诗酒生活，而较多的是“怀古”，抒发对故国的怀念。今人有《卢疏斋集辑存》，《全元散曲》录存其小令。","{"艺术风格":"　　卢挚的散曲作品以“怀古”题材为多，如《洛阳怀古》、《夷门怀古》、《吴门怀古》等等。作者登临凭吊,往往吐露对于时势兴衰的感慨,调子比较低沉。他虽然身为显宦，却有不少向往闲适的隐居生活、以及描写质朴自然的田园风光的作品，如〔双调·蟾宫曲〕《田家》，描写了盛夏农村“看荞麦开花，绿豆生芽”的景象，语言本色，意致自然。　　他的散曲风格明丽自然,贯云石说:“疏斋媚妩如仙女寻春，自然笑傲。”(《阳春白雪序》)这大致概括了卢挚作品的艺术风格，如〔沉醉东风〕《秋景》、〔湘妃怨〕《西湖》等都体现了这种特色。他的写恋情的作品蕴藉委婉而又不失明晓自然。如〔落梅风〕《别朱帘秀》，吸收了民歌的白描手法，感情深挚。▲","生平":"家门寒微　　陆贽生于唐玄宗天宝十三载（754年），相传出生在苏州嘉兴城内甜水井（今嘉兴市区斜西街东首）。陆氏自东汉末即为江南望族，陆贽出生时家门已衰落。父陆侃曾任溧阳县令，早逝，贽受母教成长。德宗内相　　大历六年（771年），陆贽中进士，又应博学鸿词得高第，授华州郑县尉，后免职回乡。寿州刺史张镒名望很高，陆贽去参见，交谈了三天，张镒认为他是奇才，请与他结为忘年交。告辞时，张镒赠钱百万，说“：请作为母亲大人一日的费用。”陆贽不肯接，只收了一串茶叶，说：“斗胆不收您赠送的厚礼。”他凭文牍判词写得出类拔萃，补任渭南县主簿（《新唐书》作渭南县尉，后迁任监察御史。唐德宗即位后，派黜陟使庾何等十一人巡视天下。陆贽游说使者，请求用“五术”察看风俗民情，“八计”考察地方官政绩，“三科”选拔才智出众的人才，“四赋”管理财政“，六德”安定疲困的人，“五要”精减官员。唐德宗为太子时就听说过陆贽的名声，此时任命他为翰林学士。　　当时藩镇跋扈，朝政紊乱，叛军陷长安，军阀朱泚僭称帝，陆贽随德宗避乱奉天，转为考功郎中。李怀光叛乱，又扈从德宗逃往梁州，转谏议大夫。长安收复后，还东京转任中书舍人。自任翰林学士后，即参赞机要，负责起草文诏，甚得朝廷倚重，号称“内相”。时当危难之际，朝政千头万绪，大量诏书均由陆贽起草，他疾笔如飞，凡所论列，无不曲尽情理。　　陆贽供职翰林院，受到德宗的亲近信任。在艰难的日子里，虽然有宰相，但是无论大事小事，德宗一定要与陆贽商量，所以当时人们把他叫做内宰相。德宗无论到哪里去，也一定要有陆贽伴随。由于梁州、洋州道路险恶难行，德宗曾经与陆贽失散。过了一夜，陆贽还没有到来，德宗担惊发愁流眼泪，征召能够找到陆贽的人，赏赐一千金。过了许久，陆贽才到，德宗非常高兴，太子以下的人们都来祝贺。然而，陆贽常常直言谏诤，有违德宗的意旨。卢杞虽被贬官，但德宗内心中还是庇护他。陆贽极力陈诉卢杞的邪恶导致了变乱，德宗虽然表面上同意，心中却很不高兴。所以，刘从一、姜公辅都从低的职位进用为宰相，陆贽得到德宗的恩宠和知遇虽然隆盛，却没有出任宰相。回到京城后，只任中书舍人。母亲韦氏仍然在江东，德宗皇帝派宦官接她回京城。不久陆贽因守母丧，解除了官职，寄住在东都洛阳。各方面赠送的礼物一概不收，只有韦皋是贫贱时的故交，事先通报，说所送的礼物是皇帝命令他收的，他才收下。贞刚律己　　德宗又命宦官把陆贽父亲的灵柩从嘉兴护送到洛阳安葬。守丧期满后，陆贽以权知兵部侍郎职务召回，又任翰林学士。陆贽入朝谢恩时，拜伏在地抽泣，德宗也感动地站起身来，改换容仪抚慰他。爱重礼遇更加优厚，天下的人认为他能当宰相。但窦参对他一向心怀不满，嫉妒他。陆贽也多次向德宗报告窦参的罪过。　　贞元七年（791年），罢翰林学士职，拜兵部侍郎，知贡举。　　贞元八年（792年），窦参被免，陆贽拜中书侍郎、同平章事，出任宰相。　　陆贽执政期间，公忠体国，励精图治，具有远见卓识。在当时社会矛盾深化，唐王朝面临崩溃的形势下，他指陈时弊，筹划大计，为朝廷出了许多善策。他对德宗忠言极谏，建议皇帝了解下情，广开言路，纳言改过，轻徭薄赋，任贤黜恶，储粮备边，消弭战争。这些建议有些为德宗采纳，化为实际政策。特别是在藩镇叛乱举国动摇的情势下，规劝德宗下诏罪己，为德宗起草了诚挚动人的诏书并颁行天下，前线将士为之感动，有的听到后痛哭，叛乱者上表谢罪。由于他善于预见，措施得宜，力挽危局，唐王朝摇摇欲坠的局面得以转危为安。陆贽秉性贞刚，严于律己，自许“上不负天子，下不负所学”，以天下为己任，敢于矫正人君的过失，揭露奸佞误国的罪恶。他认为立国要以民为本，对“富者兼地数万亩，贫者无容足之居”的尖锐对比，深为愤慨，同情人民的悲惨生活。他力劝德宗爱人节用，轻徭薄赋，反对横征暴敛，主张使“一代黔黎，跻富寿之域”。受诬被免　　陆贽为相期间，户部侍郎、判度支裴延龄以谄佞德宗信用，“天下嫉之如仇”。陆贽仗义执言，多次上书参奏裴延龄的罪行。德宗不高兴，于贞元十年（794年）罢陆贽为太子宾客。　　陆贽本来谨慎小心，一向不与宾客交往。裴延龄猜到德宗对陆贽薄情，趁机进谗言，百般污蔑他，德宗发怒，想杀掉陆贽，多亏阳城等人一同上奏章替陆贽分辩，才免死降为忠州（今重庆忠县）别驾。后来德宗又渐渐思念他，恰逢薛延任忠州刺史，传达德宗慰劳的旨意。韦皋多次上奏章请求让陆贽代领剑南节度使，德宗还记恨他，不肯授任。　　陆贽谪居僻地，仍心念黎民，因当地气候恶劣，疾疫流行，遂编录《陆氏集验方》50卷，供人们治病使用。卒于贬所　　唐顺宗即位后，下诏召还陆贽，诏书还没有到达贬所而陆贽已逝，享年五十二岁，获赠兵部尚书，谥号宣。后从祀孔庙西庑四十七位。　　康熙六十一年（公元1722年），陆贽与历代功臣四十人从祀历代帝王庙。▲"}","https://guwen-1252396323.cos.ap-chengdu.myqcloud.com/headImage/20180914152541332.jpg"
"施耐庵","元代","施耐庵，元末明初的文学家，本名彦端，汉族，今江苏兴化人。博古通今，才气横溢，举凡群经诸子，词章诗歌，天文、地理、医卜、星象等，一切技术无不精通，35岁曾中进士，后弃官归里，闭门著述，与门下弟子罗贯中一起研究《三国演义》《三遂平妖传》的创作，搜集整理关于梁山泊宋江等英雄人物的故事，最终写成“四大名著”之一的《水浒传》。施耐庵于元延祐元年（1314年）中秀才，泰定元年（1324年）中举人，至顺二年（1331年）登进士不久任浙江钱塘县尹。施耐庵故里江苏兴化新垛乡施家桥村有墓园、纪念馆，有《施氏家薄谱》存世。","{"生平":"《施氏家簿谱》等有关资料记载　　施耐庵本苏州人，据《施氏家簿谱》等有关资料记载，施耐庵，名彦端，系孔子门生七十二贤之一施之常后裔，父操舟为业，他13岁入浒墅关私塾就读，19岁中秀才，娶季氏为妻，29岁中举人，35岁与刘伯温同榜中进士，授任钱塘县事，因受不了达鲁花赤(官名)骄横专断，一年后愤而辞官归里，以授徒、著书自遣。施耐庵避战乱在兴化隐居写《水浒传》　　施耐庵因避战乱迁此隐居写《水浒传》。据民间口碑，张士诚起兵反元，在平江（苏州）称吴王，聘施耐庵为军师，后张士诚降元，施耐庵屡谏不从，因而弃官去江阴祝塘东林庵坐馆。朱元璋发兵围攻平江，战乱波及江阴，施耐庵想起先后曾任松江同知和嘉兴路同知的好友顾逖是兴化人。那里地方偏僻，四周环水，交通不便，一向有“自古昭阳 (兴化别名）好避兵”之说，于是特意差人给顾逖送去一封信，并附诗一首:　　年荒世乱走天涯，寻得阳山（指昭阳，即兴化）好住家。 　　愿辟草莱多种树，莫教李子结如瓜。（当时民谣:“李生黄瓜，民皆无家”）　　顾逖见信后，马上给施耐庵回信，欢迎他来兴化避难。信中也答诗一首:　　自江南来问津，相送一笑旧同寅。　　此间不是桃源境，何处桃源好避秦?把梁山108将刻画得淋漓尽致　　施耐庵接信后，将大弟彦明留在苏州原籍，带了续娶妻子申氏、二弟彦才和门人罗贯中，冒着烽烟，渡江北上，先在兴化顾逖家中暂住，而后由顾逖相助，在兴化以东人烟稀少的海滨白驹场购置了田地房产，在这里隐居著《水浒》，他结识了许多农夫和盐民，他们生活中的许多故事，成了他创作的素材，经过再创造，以惊人的艺术才能，将以宋江为首的梁山108将豪侠形象刻画得淋漓尽致。死后建施祠，不幸毁于抗日战火　　施耐庵死后，他的十二世孙施奠邦发起，将其在白驹镇上的故居改建为施氏宗祠。后来几经修复扩建，遂成前后三进，旁有偏殿之礼堂。第一进为门厅，内设茶坊；第二进为书坊，供艺人说《水浒》；第三进为福荫堂，供奉迁兴始祖施耐庵及其后裔的灵牌，每年春秋二季在此祭祖。施祠不幸毁于抗日战火。 ▲","介绍":""}","https://guwen-1252396323.cos.ap-chengdu.myqcloud.com/headImage/20180914152543034.jpg"
"王恽","元代","王恽，字仲谋，号秋涧，卫州路汲县（今河南卫辉市）人。元朝著名学者、诗人、政治家，一生仕宦，刚直不阿，清贫守职，好学善文。成为元世祖忽必烈、裕宗皇太子真金和成宗皇帝铁木真三代的谏臣。","{}","https://guwen-1252396323.cos.ap-chengdu.myqcloud.com/headImage/20180914152545122.jpg"
"萨都剌","元代","萨都剌（约1272—1355）元代诗人、画家、书法家。字天锡，号直斋。回族（一说蒙古族）。其先世为西域人，出生于雁门（今山西代县），泰定四年进士。授应奉翰林文字，擢南台御史，以弹劾权贵，左迁镇江录事司达鲁花赤，累迁江南行台侍御史，左迁淮西北道经历，晚年居杭州。萨都剌善绘画，精书法，尤善楷书。有虎卧龙跳之才，人称燕门才子。他的文学创作，以诗歌为主，诗词内容，以游山玩水、归隐赋闲、慕仙礼佛、酬酢应答之类为多，思想价值不高。萨都剌还留有《严陵钓台图》和《梅雀》等画，现珍藏于北京故宫博物院。","{}","https://guwen-1252396323.cos.ap-chengdu.myqcloud.com/headImage/20180914152545909.jpg"
"周德清","元代","周德清（1277－1365）元代文学家。字日湛，号挺斋，高安（今属江西高安市杨圩镇睱塘周家）人。北宋词人周邦彦的后代。工乐府，善音律。终身不仕。著有音韵学名著《中原音韵》，为我国古代有名的音韵学家。元代卓越的音韵学家与戏曲作家。《录鬼簿续篇》对他的散曲创作评价很高，然其编著的《中原音韵》在中国音韵学与戏曲史上却有非凡影响。「德清三词，不惟江南，实天下之独步也。」《全元散曲》录存其小令31首，套数3套。至正己（1365）卒，年八十九。","{}",""
"赵孟頫","元代","赵孟頫（1254—1322），字子昂，号松雪，松雪道人，又号水精宫道人、鸥波，中年曾作孟俯，汉族，吴兴（今浙江湖州）人。元代著名画家，楷书四大家（欧阳询、颜真卿、柳公权、赵孟頫）之一。赵孟頫博学多才，能诗善文，懂经济，工书法，精绘艺，擅金石，通律吕，解鉴赏。特别是书法和绘画成就最高，开创元代新画风，被称为“元人冠冕”。他也善篆、隶、真、行、草书，尤以楷、行书著称于世。","{"绘画成就":"关键人物　　明人王世贞曾说：“文人画起自东坡，至松雪敞开大门。”这句话基本上客观地道出了赵孟頫在中国绘画史上的地位。无论是研究中国绘画史，还是研究中国文人画史，赵孟頫都是一个不可绕开的关键人物。如果说，唐宋绘画的意趣在于以文学化造境。那么，赵孟頫在其间起到了桥梁作用。如果说，元以前的文人画运动主要表现为舆论上的准备，元以后的文人画运动以其成功的实践逐步取代正规画而演为画坛的主流，那末，引发这种变化的巨擘仍是赵孟頫。承前启后　　作为一位变革转型时期承前启后的大家，赵孟頫有以下几方面突出的成就为前人所不及：　　一是他提出“作画贵有古意”的口号，扭转了北宋以来古风渐湮的画坛颓势，使绘画从工艳琐细之风转向质朴自然。　　二是他提出以“云山为师”的口号，强调了画家的写实基本功与实践技巧，克服“墨戏”的陋习。　　三是他提出“书画本来同”的口号，以书法入画，使绘画的文人气质更为浓烈，韵味变化增强。　　四是他提出“不假丹青笔，何以写远愁”的口号，以画寄意，使绘画的内在功能得到深化，涵盖更为广泛。　　五是他在人物、山水、花鸟、马兽诸画科皆有成就，画艺全面，并有创新。 　　六是他的绘画兼有诗、书、印之美，相得益彰。　　七是他在南北一统、蒙古族入主中原的政治形势下，吸收南北绘画之长，复兴中原传统画艺，维持并延续了其发展。　　八是他能团结包括高克恭、康里子山等在内的少数民族美术家，共同繁荣中华文化。审美标准　　综观赵孟頫的画迹，并结合其相关论述，可以知道，赵氏通过批评“近世”、倡导“古意”，从而确立了元代绘画艺术思维的审美标准。这个标准不仅体现在绘画上，而且也广泛地渗透于诗文、书法、篆刻等领域中。　　1.提倡古意　　历史上每遇沧桑变易之际，文化颇易失范，人们总是以史为鉴，从古代的启示中去寻找医时救弊的良方，如孔子的“克己复礼”、魏晋“竹林七贤”的返朴归真、唐宋的“古文运动”等，重视传统成为中国文化的特色之一。赵孟頫提倡“古意”的出发点亦不例外，他引晋唐为法鉴，批评南宋险怪霸悍和琐细浓艳之风；不仅如此，作为一位士大夫画家，他还一反北宋以来文人画的墨戏态度，这是十分可贵的。作为价值学原则，赵孟頫既维护了文人画的人格趣味，又摈弃了文人画的游戏态度；作为形态学原则，赵孟頫既创建文人特有的表现形式，又使之无愧于正规画的功力格法，并在绘画的各种画科中进行全面的实践，从而确立了文人画在画坛上成为正规画的地位。应该说，赵孟頫使职业正规画与业余文人画这两种原本对立或并行的绘画传统得以交流融汇，从此，一个以文人画家为主角，以建构文人画图式为主题的绘画新时代，拉开了序幕。　　2.转化　　应当特别指出，赵孟頫的山水画不但将钩斫和渲淡、丹青和水墨、重墨和重笔、师古和创新，乃至高逸的士夫气息与散逸的文人气息综合于一体，使“游观山水”向“抒情山水”转化；而且使造境与写意、诗意化与书法化在绘画中得到调和与融洽，为“元季四大家”（黄公望、王蒙、倪瓒、吴镇）那种以诗意化、书法化来抒发隐逸之情的逸格文人画的出现，奠定了坚实的基础。　　上述这些理论与实践，将赵孟頫推向了开元代绘画风气宗师的地位。弟子众多　　作为一代宗师，不仅他的友人高克恭、李仲宾，妻子管道升，儿子赵雍受到他的画艺影响，而且弟子唐棣、朱德润、陈琳、商琦、王渊、姚彦卿，外孙王蒙，乃至元末黄公望、倪瓒等都在不同程度上继承发扬了赵孟頫的美学观点，使元代文人画久盛不衰，在中国绘画史上写下了绮丽奇特的篇章。他与儿子赵雍、孙子赵麟都做《人马图》，称《三世人马图》，传为佳话，三幅画都流传至美国，由大都会博物馆收藏。书画诗印　　“先画后书此一纸，咫尺之间兼二美。”赵孟頫书画诗印四绝，当时就已名传中外，以至日本、印度人士都以珍藏他的作品为贵，为当时的中外文化交流作出了贡献。　　赵孟頫的书法作品中与道教有关者有《洛神赋》、《道德经》、《玄妙观重修三门记》等。画作名品甚多，关于道教内容的有《玄真观图》、《三教图》、《轩辕问道图》、《松石老子图》、《溪山仙馆图》等。又有《玄元十子图》，画道教人物关尹子、文子等十人像，并旁书小传。该作笔墨高古，元大德九年（1305年）路道通于杭州刻版印摹，后被收入明正统《道藏》。诗文风格和婉。兼工篆刻，以“圆珠文”著称。有《松雪斋集》。元延祐六年（1319年），得请南归于家乡。曾经入松江北道堂事道，道号道渊。 ▲"}","https://guwen-1252396323.cos.ap-chengdu.myqcloud.com/headImage/20180914152550407.jpg"
"宋方壶","元代","宋方壶，生卒年不详，名子正，华亭（今上海市松江县）人。曾筑室于华亭莺湖，名之曰“方壶”，遂以为号。约生活在元末明初。工散曲，有的写入明之后。现存套数五套、小令13首。","{}",""
"虞集","元代","虞集（1272～1348）元代著名学者、诗人。字伯生，号道园，人称邵庵先生。少受家学，尝从吴澄游。成宗大德初，以荐授大都路儒学教授，李国子助教、博士。仁宗时，迁集贤修撰，除翰林待制。文宗即位，累除奎章阁侍书学士。领修《经世大典》，著有《道园学古录》、《道园遗稿》。虞集素负文名，与揭傒斯、柳贯、黄溍并称“元儒四家”；诗与揭傒斯、范梈、杨载齐名，人称“元诗四家”。","{}","https://guwen-1252396323.cos.ap-chengdu.myqcloud.com/headImage/20180914152600211.jpg"
"唐珙","元代","唐珙，字温如，元末明初诗人，会稽山阴（今浙江绍兴）人。其父南宋义士、词人唐珏在至元中与林景熙收拾宋陵遗骨，重新安葬，并植冬青为识。在乡里以诗知名，但所作传世不多。生平仅略见于《御选元诗》卷首《姓名爵里》 、《元诗选补遗》小传。","{"著述":"　　元代诗人唐珙生平无记载，仅知“珙豪于诗”。他父亲唐珏是南宋义士，曾于元僧盗掘南宋皇陵之时，偷拾诸帝遗骨并重新安葬，使得免受元僧亵渎，直至朱元璋方重修宋陵安葬。虽是元代人，唐珙也应受其父教，知侠义，亦可谓南宋遗民。　　唐珙仅有八首诗记载下来。　　《墨兰》，“瑶阶梦结翠宜男，误堕仙人紫玉簪”，可见喜欢兰草。　　《猫》，“牡丹架暖眠春昼，薄荷香浓醉晓晴”，可见喜欢猫。　　《澄碧堂》 ，“玲珑凿开云雾窗，悟作虚空大圆镜”，可见沉迷于禅宗。　　《题海岳后人烟峦晓景图》，“须臾笔砚间，淋漓走元气”，懂得画画。　　《赵文敏书洛神赋》，“宓妃夜走天吴奔，骊龙腾骧老蛟舞”，痴迷书法。　　《题龙阳县青草湖》，“醉后不知天在水，满船清梦压星河”，因何醉呢？　　《韩左军马图卷》，“太平此马惜遗弃，往往驽骀归天闲”，复国梦吗？　　《题王逸老书饮中八仙歌》，“摩娑故纸叹凋落，老眼昏花犹可认”，一生竟短。　　唐珙是没有传记的，于《全唐诗》误收后更流传为“没有片言只语的记载”。而八首诗后，已然栩栩如生。　　又“澄碧堂” ，南宋皇宫有此堂；“海岳”，北宋米芾号“海岳外史”；“文敏”系南宋赵孟頫谥号；“王逸老”是南宋书法家；而青草湖中“湘君白发”，应是学自其父词“‘斑竹’临江首重回”中之典故，追思故国也。盖追思之人也。　　南宋遗民，无谓志远，无缘仕途愁忧，兰、猫、禅、画、书，一醉，一梦，一生，然却正因如此，他不沾半点功名，竟成一境界之诗——不曾“人生”过，惟曾“人格”过。　　关羽，是“千里行”后的英雄；唐僧，是“取真经”后的圣僧。而他，是“不入世”的诗人，是“一直”着的诗人，是永恒。 ▲"}",""
"张雨","元代","张雨（1283～1350）元代诗文家，号句曲外史，道名嗣真，道号贞居子曾从虞集受学，博学多闻，善谈名理。诗文、诗文、书法、绘画，清新流丽，有晋、唐遗意。年二十弃家为道士，居茅山，尝从开元宫王真人入京，欲官之，不就。","{}","https://guwen-1252396323.cos.ap-chengdu.myqcloud.com/headImage/20180914152619475.jpg"
"刘因","元代","刘因（1249～1293） 元代著名理学家、诗人。字梦吉，号静修。初名骃，字梦骥。雄州容城（今河北容城县）人。3 岁识字，6岁能诗，10岁能文，落笔惊人。年刚20，才华出众，性不苟合。家贫教授生徒，皆有成就。因爱诸葛亮“静以修身”之语，题所居为“静修”。元世祖至元十九年(1282)应召入朝，为承德郎、右赞善大夫。不久借口母病辞官归。母死后居丧在家。至元二十八年，忽必烈再度遣使召刘因为官，他以疾辞。死后追赠翰林学士、资政大夫、上护军、追封“容城郡公”，谥“文靖”。明朝，县官乡绅为刘因建祠堂。","{}","https://guwen-1252396323.cos.ap-chengdu.myqcloud.com/headImage/20180914152621808.jpg"
"张玉娘","元代","张玉娘，字若琼，自号一贞居士，松阳人。生于宋淳祐十年（公元1250年），卒于南宋景炎元年（公元1276年），仅活到27岁。她出生在仕宦家庭，曾祖父是淳熙八年进士，祖父做过登士郎。父亲曾任过提举官。她自幼饱学，敏慧绝伦，诗词尤得风人体。后人将她与李清照、朱淑贞、吴淑姬并称宋代四大女词人。","{"文学成就":"　　《兰雪集》共有诗117首，词16阕，作品虽然不多，但很有艺术成就。她的诗体裁多样，有绝、律、四言、六言等，且长于古风。题材和风格也迥然相异，既有清丽凄婉，感人至深的爱情悲唱，又有气势磅礴、壮怀激烈的爱国咏叹。《山之高》、《拜新月》、《卜归》、《古离别》、《川上女》、《玉蝴蝶·离情》等诗词寄托着思念、忠贞、哀愁。更可贵的是，玉娘虽身在闺中，但心驰千里。关心战乱时代国家和百姓的命运，写下了“凯歌乐府”四首，《塞上曲》、《王将军墓》、《咏史·谢东山》、《塞下曲》、《从军行》等慷慨激昂的诗篇，悲壮豪迈，全无闺中女子娇弱的气质，充分表达了张玉娘的爱国精神和民族气节。难怪朱古微刻《疆村丛书》时，还以为她是一个男子，竟不知她是巾帼词人呢。　　历代的有识之士很看重张玉娘的诗词和为人。早在元代，当时最负盛名的学者，诗人虞伯生读到《山之高》三章赞曰：“有三百篇（《诗经》）之风，虽《卷耳》、《虫草》不能过也！”读到“我操冰雪洁”句时赞：“真贞女也，才女也！”当读到《暮春夜思》末句“此景谁相问，飞萤入绣床”时，拍案道：“此岂妇人所及！”；现代著名词学家唐圭璋教授在三十年代所写的《宋代女词人张玉娘——“鹦鹉冢”故事的来源》中写道：“谁也知道，宋代女词人，有李易安（李清照）、朱淑真、魏夫人、吴淑姬这一班人。可是很少人知道，宋代还有一位女词人张玉娘，足以和她们分庭抗礼呢！……她短促的身世，比李易安、朱淑贞更为悲惨。李易安是悼念伉俪，朱淑贞是哀伤所遇，而她则是有情人不能成眷属，含恨千古。……她这种贞孝的大节，不独超过寻常百姓，便是李易安，朱淑真也还逊一筹呢！”他大声疾呼：“一般文学史家，应该留出一点篇幅，叙述这已经隐埋了六百多年的女作家。”现代词学家谭正璧在其编著的《中国女性文学史》中写道：“宋代女词人以地位著名的，有魏夫人和孙夫人。以作品著作著名的，有李清照、朱淑真、吴淑姬、张玉娘被称为四大词家”。陶秋英教授在她的《中国妇女与文学》一书中有言：“玉娘的诗，绝少闺阁气，她最擅长于古风，简直没有一首不显露一幅好图画呢！而女子长于古风，也是一个特点。……她的词也很好，虽不十分多，差不多首首都好。”现代戏曲史家赵景深教授称张玉娘故事为“一出希腊式的大悲剧”。 ▲"}","https://guwen-1252396323.cos.ap-chengdu.myqcloud.com/headImage/20180914152621237.jpg"
"王庭筠","元代","王庭筠（1151～1202）金代文学家、书画家。字子端，号黄华山主、黄华老人、黄华老子，别号雪溪。金代辽东人（今营口熊岳），米芾之甥。庭筠文名早著，金大定十六年（1176）进士，历官州县，仕至翰林修撰。文词渊雅，字画精美，《中州雅府》收其词作十六首，以幽峭绵渺见长。","{}","https://guwen-1252396323.cos.ap-chengdu.myqcloud.com/headImage/20180914152631486.jpg"
"揭傒斯","元代","揭傒斯（1274～1344）元代著名文学家、书法家、史学家。字曼硕，号贞文，龙兴富州（今江西丰城杜市镇大屋场）人。家贫力学，大德年间出游湘汉。延佑初年由布衣荐授翰林国史院编修官，迁应奉翰林文字，前后三入翰林，官奎章阁授经郎、迁翰林待制，拜集贤学士，翰林侍讲学士阶中奉大夫，封豫章郡公，修辽、金、宋三史，为总裁官。《辽史》成，得寒疾卒于史馆，谥文安，著有《文安集》，为文简洁严整，为诗清婉丽密。善楷书、行、草，朝廷典册，多出其手。与虞集、杨载、范梈同为“元诗四大家”之一，又与虞集、柳贯、黄溍并称“儒林四杰。”","{}","https://guwen-1252396323.cos.ap-chengdu.myqcloud.com/headImage/20180914152635122.jpg"
"杨维桢","元代","杨维桢（1296—1370）元末明初著名诗人、文学家、书画家和戏曲家。字廉夫，号铁崖、铁笛道人，又号铁心道人、铁冠道人、铁龙道人、梅花道人等，晚年自号老铁、抱遗老人、东维子，会稽（浙江诸暨）枫桥全堂人。与陆居仁、钱惟善合称为“元末三高士”。杨维祯的诗，最富特色的是他的古乐府诗，既婉丽动人，又雄迈自然，史称“铁崖体”，极为历代文人所推崇。有称其为“一代诗宗”、“标新领异”的，也有誉其“以横绝一世之才，乘其弊而力矫之”的，当代学者杨镰更称其为“元末江南诗坛泰斗”。有《东维子文集》、《铁崖先生古乐府》行世。","{}","https://guwen-1252396323.cos.ap-chengdu.myqcloud.com/headImage/20180914152656864.jpg"
"陈孚","元代","陈孚(生卒年不详)，海南省海口市琼山区人。宋庆历间(1041～1048)，尝从郡守建阳宋贯之学。由是登第，乡人慕之，始习进士业，琼人举进士自孚始。被祀为琼州府乡贤。","{}",""
"明本","元代","明本(1263—1323)，元朝僧人。俗姓孙，号中峰，法号智觉，西天目山住持，钱塘(今杭州)人。明本从小喜欢佛事，稍通文墨就诵经不止，常伴灯诵到深夜。24岁赴天目山，受道于禅宗寺，白天劳作，夜晚孜孜不倦诵经学道，遂成高僧。仁宗曾赐号“广慧禅师”，并赐谥“普应国师”。憩止处曰幻住山房。","{}",""
"杨载","元代","杨载（1271—1323）元代中期著名诗人，与虞集、范梈、揭傒斯齐名，并称为“元诗四大家”。字仲弘，浦城（今福建浦城县）人。延祐二年进士，授承务郎，官至宁国路总管府推官。杨载文名颇大，文章以气为主，诗作含蓄，颇有新的意境。","{}","https://guwen-1252396323.cos.ap-chengdu.myqcloud.com/headImage/20180914152750029.jpg"
"揭傒斯","元代","揭傒斯（1274～1344）元代著名文学家、书法家、史学家。字曼硕，号贞文，龙兴富州（今江西丰城杜市镇大屋场）人。家贫力学，大德年间出游湘汉。延佑初年由布衣荐授翰林国史院编修官，迁应奉翰林文字，前后三入翰林，官奎章阁授经郎、迁翰林待制，拜集贤学士，翰林侍讲学士阶中奉大夫，封豫章郡公，修辽、金、宋三史，为总裁官。《辽史》成，得寒疾卒于史馆，谥文安，著有《文安集》，为文简洁严整，为诗清婉丽密。善楷书、行、草，朝廷典册，多出其手。与虞集、杨载、范梈同为“元诗四大家”之一，又与虞集、柳贯、黄溍并称“儒林四杰。”","{}","https://guwen-1252396323.cos.ap-chengdu.myqcloud.com/headImage/20180914152806231.jpg"
"王恽","元代","王恽，字仲谋，号秋涧，卫州路汲县（今河南卫辉市）人。元朝著名学者、诗人、政治家，一生仕宦，刚直不阿，清贫守职，好学善文。成为元世祖忽必烈、裕宗皇太子真金和成宗皇帝铁木真三代的谏臣。","{}","https://guwen-1252396323.cos.ap-chengdu.myqcloud.com/headImage/20180914152851465.jpg"
"冯子振","元代","冯子振，元代散曲名家，1253-1348，字海粟，自号瀛洲洲客、怪怪道人，湖南攸县人。自幼勤奋好学。元大德二年(1298)登进士及第，时年47岁，人谓“大器晚成”。朝廷重其才学，先召为集贤院学士、待制，继任承事郎，连任保宁（今四川境内）、彰德（今河南安阳）节度使。晚年归乡著述。世称其“博洽经史，于书无所不记”，且文思敏捷。下笔不能自休。一生著述颇丰，传世有《居庸赋》、《十八公赋》、《华清古乐府》、《海粟诗集》等书文，以散曲最著。","{}","https://guwen-1252396323.cos.ap-chengdu.myqcloud.com/headImage/20180914152904910.jpg"
"张弘范","元代","张弘范（1238年—1280年），字仲畴，易州定兴人，元朝初期重要将领，名将张柔第九子，曾参加过襄阳之战，后跟随元帅伯颜南下攻打南宋，是忽必烈灭宋之战的主要指挥者，曾击败南宋将领文天祥与张世杰，官居江东道宣慰使，深受元世祖忽必烈的器重。至元十七年（1280年）正月十日病死，时年四十三岁。元世祖赠予银青荣禄大夫、平章政事，予谥武烈。元武宗至大四年（1311年），加赠推忠效节翊运功臣、太师、开府仪同三司、上柱国、齐国公，改谥忠武。元仁宗延祐五年（1319年），加赠“保大功臣”，加封淮阳王，予谥献武。","{}",""
"刘敏中","元代","刘敏中(1243～1318) 元代文学家，字端甫，山东省济南市章丘市人。自幼卓异不凡,曾任中书掾、兵部主事、监察御史等职,因弹劾秉政的桑哥，辞职归乡。后又入为御史、御史都事、翰林直学士，兼国子祭洒、翰林学士承旨等，还曾宣抚辽东山北,拜河南行省参政等。刘敏中一生为官清正,以时事为忧。敢于对贵□横暴绳之以法，并上疏指陈时弊。仕世祖、成宗、武宗三朝，多为监察官，受到皇帝的嘉纳。","{}","https://guwen-1252396323.cos.ap-chengdu.myqcloud.com/headImage/20180914152932185.jpg"
"刘敏中","元代","刘敏中(1243～1318) 元代文学家，字端甫，山东省济南市章丘市人。自幼卓异不凡,曾任中书掾、兵部主事、监察御史等职,因弹劾秉政的桑哥，辞职归乡。后又入为御史、御史都事、翰林直学士，兼国子祭洒、翰林学士承旨等，还曾宣抚辽东山北,拜河南行省参政等。刘敏中一生为官清正,以时事为忧。敢于对贵□横暴绳之以法，并上疏指陈时弊。仕世祖、成宗、武宗三朝，多为监察官，受到皇帝的嘉纳。","{}","https://guwen-1252396323.cos.ap-chengdu.myqcloud.com/headImage/20180914152936445.jpg"
"宋褧","元代","宋褧（1294-1346）， 字显夫，大都宛平（今属北京市）人。泰定元年（1324）进士，授秘书监校书即，改翰林编修。后至元三年（1337）累官监察御史，出佥山南宪，改西台都事，入为翰林待制，迁国子司业，擢翰林直学士，兼经筵讲官。卒赠范阳郡侯，谥文清。著有《燕石集》。延佑中，挟其所作诗歌，从其兄本（字诚夫）入京师，受到元明善、张养浩、蔡文渊、王士熙方等学者的慰荐。至治元年（1321），兄诚夫登进士第一，后三年（1324）显夫亦擢第，出于曹元用、虞集、孛术鲁翀之门，时士论荣之。","{}","https://guwen-1252396323.cos.ap-chengdu.myqcloud.com/headImage/20180914153016608.jpg"
"施耐庵","元代","施耐庵，元末明初的文学家，本名彦端，汉族，今江苏兴化人。博古通今，才气横溢，举凡群经诸子，词章诗歌，天文、地理、医卜、星象等，一切技术无不精通，35岁曾中进士，后弃官归里，闭门著述，与门下弟子罗贯中一起研究《三国演义》《三遂平妖传》的创作，搜集整理关于梁山泊宋江等英雄人物的故事，最终写成“四大名著”之一的《水浒传》。施耐庵于元延祐元年（1314年）中秀才，泰定元年（1324年）中举人，至顺二年（1331年）登进士不久任浙江钱塘县尹。施耐庵故里江苏兴化新垛乡施家桥村有墓园、纪念馆，有《施氏家薄谱》存世。","{"生平":"《施氏家簿谱》等有关资料记载　　施耐庵本苏州人，据《施氏家簿谱》等有关资料记载，施耐庵，名彦端，系孔子门生七十二贤之一施之常后裔，父操舟为业，他13岁入浒墅关私塾就读，19岁中秀才，娶季氏为妻，29岁中举人，35岁与刘伯温同榜中进士，授任钱塘县事，因受不了达鲁花赤(官名)骄横专断，一年后愤而辞官归里，以授徒、著书自遣。施耐庵避战乱在兴化隐居写《水浒传》　　施耐庵因避战乱迁此隐居写《水浒传》。据民间口碑，张士诚起兵反元，在平江（苏州）称吴王，聘施耐庵为军师，后张士诚降元，施耐庵屡谏不从，因而弃官去江阴祝塘东林庵坐馆。朱元璋发兵围攻平江，战乱波及江阴，施耐庵想起先后曾任松江同知和嘉兴路同知的好友顾逖是兴化人。那里地方偏僻，四周环水，交通不便，一向有“自古昭阳 (兴化别名）好避兵”之说，于是特意差人给顾逖送去一封信，并附诗一首:　　年荒世乱走天涯，寻得阳山（指昭阳，即兴化）好住家。 　　愿辟草莱多种树，莫教李子结如瓜。（当时民谣:“李生黄瓜，民皆无家”）　　顾逖见信后，马上给施耐庵回信，欢迎他来兴化避难。信中也答诗一首:　　自江南来问津，相送一笑旧同寅。　　此间不是桃源境，何处桃源好避秦?把梁山108将刻画得淋漓尽致　　施耐庵接信后，将大弟彦明留在苏州原籍，带了续娶妻子申氏、二弟彦才和门人罗贯中，冒着烽烟，渡江北上，先在兴化顾逖家中暂住，而后由顾逖相助，在兴化以东人烟稀少的海滨白驹场购置了田地房产，在这里隐居著《水浒》，他结识了许多农夫和盐民，他们生活中的许多故事，成了他创作的素材，经过再创造，以惊人的艺术才能，将以宋江为首的梁山108将豪侠形象刻画得淋漓尽致。死后建施祠，不幸毁于抗日战火　　施耐庵死后，他的十二世孙施奠邦发起，将其在白驹镇上的故居改建为施氏宗祠。后来几经修复扩建，遂成前后三进，旁有偏殿之礼堂。第一进为门厅，内设茶坊；第二进为书坊，供艺人说《水浒》；第三进为福荫堂，供奉迁兴始祖施耐庵及其后裔的灵牌，每年春秋二季在此祭祖。施祠不幸毁于抗日战火。 ▲","介绍":""}","https://guwen-1252396323.cos.ap-chengdu.myqcloud.com/headImage/20180914153016755.jpg"
"关汉卿","元代","关汉卿（约1220年──1300年），元代杂剧作家。是中国古代戏曲创作的代表人物，“元曲四大家”之首。号已斋（一作一斋）、已斋叟。汉族，解州人（今山西省运城），与马致远、郑光祖、白朴并称为“元曲四大家”。以杂剧的成就最大，一生写了60多种，今存18种，最著名的有《窦娥冤》；关汉卿也写了不少历史剧，如：《单刀会》、《单鞭夺槊》、《西蜀梦》等；散曲今在小令40多首、套数10多首。关汉卿塑造的“我却是蒸不烂、煮不熟、捶不匾、炒不爆、响珰珰一粒铜豌豆”（〈不伏老〉）的形象也广为人称，被誉“曲家圣人”。","{"妻子万氏":"　　蒙古人是第一个在中国建立政权的少数民族，它统治的一条措施就是把全国人分为四等，实行民族分化政策，汉族被列在第三等汉人和第四等南人中，地位最低。同时又按职业把全国人分为十等，知识分子的地位只比乞丐高，称“九儒十丐”。元政府对知识分子的打击使一 大批知识分子不再去求功名，专于与市井艺术相结合，便有了元杂剧的兴起，而被称为“杂剧班头”的关汉卿，其成就的取得离不开他的妻子万贞儿。　　作为我国古代戏剧的伟大奠基人，元曲四大家之首的关汉卿，所作杂剧共有六十多种，现存《窦娥冤》、《救风尘》、《拜月亭》、《单刀会》共计十五种，其中以《窦娥冤》的成就最高。《窦娥冤》是以年轻的寡妇窦娥被流氓欺压，并且很冤枉地被地方官处死的故事展开 的，按照关汉卿原来的构思，以为窦娥太可怜了，剧情一路悲悲切切地发展下去，太过于凄枪，因想安插一些“先苦后甜”的情节，以喜剧结尾。万贞儿从来是关汉卿戏曲作品的第一个读者，在看了《窦娥冤》的初稿后，说道：“自古戏曲都脱不了‘先离后合’，‘苦尽甘 来’的老套，《窦娥冤》何妨以悲剧结尾，不落前入窠臼，也许更能给人巨大的震撼力。”关汉卿听取了这一意见。便也赢得清代王国维的赞词：“关汉卿的《窦娥冤》与纪群祥的《赵氏孤儿》列入世界悲剧之中，亦无愧色。”万贞儿当时告诫丈夫：“戏曲力求通俗易懂， 不可咬文嚼字而自炫才华，更要运用活的语言，扣紧观众的心弦。”有人谈到关汉卿的戏曲时说：“以唐诗喻之，则关汉卿似白乐天；以宋词喻之，则关汉卿似柳耆卿。”但很少有人谈到万贞儿的贡献。　　万贞儿和关汉卿就住在元大都一条偏僻幽静的巷子里，共有两进院落，中间一座穿堂，后一进是个小小庭院，房屋已很破旧。院子里有两颗亭亭如盖的梧桐，几丛芭蕉，一架绿叶繁茂的葡萄，遮住半个天井，墙边有树桂子。　　这天，天已过午，万贞儿安顿了三个孩子睡午觉，便坐在楼下做针线。她把自己的一条旧黄绫裙子，改给女儿穿。秋天到了，儿女还没有夹衣。万贞儿的父亲万一颚是前朝俊逸，万贞儿出生在大户人家，却丝毫也没有千金小姐的娇气，自从和关汉卿结婚以后，一直过着贫寒 的生活，经常吃了上顿愁下顿，脱了单衣愁寒衣。她从来没有一句怨言，按照一个贤妻良母的规范，将她的心血，她的青春，献给了丈夫、儿女、家庭。　　她原来生得也是玉貌花容，十分秀美的；生活的磨折，养儿育女的辛劳，以及随着年华悄悄地逝去，便只剩下了大家闺秀的温柔、端庄、文雅的风韵。由于操持家务，她一双纤纤素手也变得粗糙了。丈夫天份极高，性情豪迈，多才多艺，但也有些放荡不羁，她从不对丈夫的 生活范围过多干涉，随意他与各色各样的人物接近，丈夫有时长时间的在外面游历，到很远的地方去，她也不干预，因为她知道只有这样，才能使丈夫吸收到更多的营养，使戏曲创作更具特色。丈夫的生活就象他自己说的：“我玩的是梁园月，饮的是东京酒，赏的是洛阳花 ，攀的是章台柳；我也会围棋、会打围、会插科、会歌舞、会吹弹、会写作、会吟诗、会双陆；你便是落了我的牙、瘤了我的腿、折了我的手、天赐我这般歹症候，尚兀自不肯休；除却是阎王亲自来唤，小鬼亲自来勾，三魂归地府，七魄丧幽冥，天哪！那期间才不向烟花路 上走！”可不久她不得不对丈大有所警觉。　　时间在不知不觉地过去，随她陪嫁的丫环喜儿渐渐地由黄毛丫头，出落得亭亭玉立了，丰腴的躯体，迸发出青春的芳香，白里透红的皮肤，荡漾着诱人的华采。她注意丈夫在这丫环端茶送水，递中打扇的时候，露出欣羡暖昧的眼神，她心中酸酸的，但她却不能做声，那 天，她检视丈夫的书房，偶尔间她发现丈夫写的一首小令，那小令写道：　　鬓鸦，脸霞，屈杀了在陪嫁；规模全似大人家，不在红娘下；巧笑迎人，娓娓回话，真如解语花；若咱得了她，倒却葡萄架。　　吃晚饭的时候，她悄悄地问丈夫，这一首小令是为谁写的，她是十分巧妙地以玩笑的口气问的，想不到这一问，丈关却乘机提出要纳喜儿为妾，终于引起了一场争吵。　　平时，关汉卿脾气爆发，万贞儿总是不声不响，用她的温顺，她的体贴，她的柔情，使风暴渐渐平息，然后再委婉地规劝几句。今天她一来觉得事情的严重；二来这两天她的心情很不好，不仅因为生活贫困，断炊待米，更主要的是来自感情上的问题，于是也毫不相让，关汉卿脾气很大，争吵渐渐地扯到别的问题上，关汉卿瞪着眼睛说：“我知道，你轻视我是个只会吟诗谱曲的无用书生，怨恨我碌碌半生，没能为你争一个夫贵妻荣。”说罢，一挥手，把一只碗碰到地上，打得粉碎，万贞儿哭着跑上楼去。　　此后好些日子里，万贞儿经历着很大的痛苦。自从那一天争吵以后，她一直受着关汉卿的冷落。开始她以为关汉卿象平时一样发过脾气，就会向她赔情，言归于好，可是这一次不但没有向她赔情；而且连楼都不上了，每天一大早出门，直到深夜才归家。　　万贞儿暗自伤心流泪，表面上丝毫不曾露出怨恨之情。一位名门千金，深明闺训，恪守“三从四德”，怎么能为一个丫环争风吃醋呢！在官宦人家，男人纳姬卖妾，寻花问柳，本是常事；何况关汉卿生性多情，过去也曾喜欢依红偎翠，沾花惹草，做过一些风流的事，每次都 能悬崖勒马。她和关汉卿是患难相共，贫贱相守的恩爱夫妻，她想丈夫一定能理解她。　　又一个黄昏，关汉卿从外面回来，关汉卿走到楼梯口，但却在楼梯前停住了脚步，他知道夫人在忍受着痛苦，可他上去对她说些什么呢？难道能装出虚情假意地样子去和她亲热，讲些甜言蜜语安慰她？这样做，是在欺骗自己和欺骗夫人。万贞儿站在楼上，听到丈夫似乎要上 楼来，她等待着，却终于没有见到丈夫的身影，她思前想后，终于写下这样四句话，叫丫环喜儿送给关汉卿。　　闻君偷看美人图，不似关羽大丈夫；　　金屋若将阿娇贮，为君喝彻醋葫芦。　　关汉卿读了这一首打油诗后，更明白妻子是斩钉截铁地反对自己纳喜儿为妾，他的心软了，他慢慢地走进妻子在楼上的卧室，答应妻子今后永不再有纳妾的想头。　　关汉卿的《救风尘》又快完稿了，还是原来的习惯，在没有全部脱稿之前，关汉卿读给万贞儿听：　　[混江龙]：我想这姻缘匹配，少一时一刻强难为。如何可意，怎地相知？怕不便脚踏着脑构成事早，怎知他手拍胸脯悔后迟！寻前程，觅下梢，恰便是黑海也似难寻觅。料的来人心不问，天理难欺。　　[油葫芦]:姻缘薄全凭我共你？谁不待拣个称意的？他每都拣来拣去百千回。待嫁一个老实的，又怕尽世儿难成对；待嫁一个聪俊的，又怕半路里轻抛弃。遮莫向狗溺处藏，遮不向牛屎里堆，忽地便吃了一个合扑地，那时节睁眼怨他谁！　　[脱布衫]：我更是的不待饶人，我为甚不敢明闻；肋底下插柴自忍，怎见你便打他一顿？　　[小梁州]：可不道一夜夫妻百夜恩，你可便息怒停填。你村时节背地里使些村，对着我合思忖：那一个双同叔打杀俏红裙？　　关汉卿边唱边说，万贞儿听着，两眼满含着泪水。 ▲","写作风格":"　　关汉卿的杂剧内容具有极高的现实性和强烈的反抗精神。　　在关汉卿生活的时代，政治黑暗腐败，社会动荡不安，阶级矛盾和民族矛盾十分突出，人民群众生活在水深火热之中。他的剧作深刻地再现了社会现实，充满着浓郁的时代气息。既有皇亲国戚、豪权势要葛彪、鲁斋郎的凶横残暴，“动不动挑人眼，剔人骨，剥人皮”的血淋淋现实，又有童养媳窦娥、婢女燕燕的悲剧遭遇，反映生活面十分广阔；既有对官场黑暗的无情揭露，又热情讴歌了人民的反抗斗争。慷慨悲歌，乐观奋争，构成关汉卿剧作的基调。在关汉卿的笔下，写得最为出色的是一些普通妇女形象，窦娥、妓女赵盼儿、杜蕊娘、少女王瑞兰、寡妇谭记儿、婢女燕燕等，各具性格特色。她们大多出身微贱，蒙受封建统治阶级的种种凌辱和迫害。关汉卿描写了她们的悲惨遭遇，刻画了她们正直、善良、聪明、机智的性格，同时又赞美了她们强烈的反抗意志，歌颂了她们敢于向黑暗势力展开搏斗、至死不屈的英勇行为，在那个特定的历史时代，奏出了鼓舞人民斗争的主旋律。关汉卿是位伟大的戏曲家，后世称关汉卿为“曲圣”。1958年，被世界和平大会理事会定为世界文化名人，在中外展开了关汉卿创作700周年纪念活动。同年6月28日晚，国内至少100种不同的戏剧形式，1500个职业剧团，同时上演关汉卿的剧本。他的剧作被译为英文、法文、德文、日文等，在世界各地广泛传播,外国人称他为“东方的莎士比亚”！经过七百多年历史的考验，关汉卿在中国戏剧史和世界文化史上的地位，已被大家所公认。他的创作遗产已成为民族艺术的精英，人类文化的瑰宝，全世界人民的共同财富。 ▲","墓":"　　在今河北省安国市关汉卿故里伍仁村东北500米处，有关氏陵墓。坟墓原长4米，宽3米，高1.5米，东南－西北向。相传村西北角为关宅遗址，俗称“关家园，面积九亩九分。另有关家渡、关家桥、普救寺等遗址，现存“蒲水威观“石匾，传为关汉卿手迹。其轶事传闻在故里世代相传，老幼引以自豪。关汉卿纪念馆设在药王庙(在今安国市南关)，全国政协副主席王任重题写馆名。展出关氏文物、历史资料和国内外研究关氏作品文章及名人题词。1958年，全国剧协主席田汉视察后，国家拨款修成砖墓。　　1986年县政府拨款重修。现为直径10米，高3米的砖基大墓，四周遍植松柏，墓前树碑，碑阳为“伟大戏剧家关汉卿之墓”。 ▲","文学地位":"　　关汉卿是中国文学史和戏剧史上一位伟大的作家，他一生创作了许多杂剧和散曲，成就卓越。他的剧作为元杂剧的繁荣与发展打下了坚实的基础，是元代杂剧的奠基人。他在生时就是戏曲界的领袖人物，《录鬼簿》中贾仲明吊词说他是“驱梨园领袖，总编修师首，捻杂剧班头”，“姓名香四大神物”。从元代周德清的《中原音韵》、明代何良俊的《四友斋丛说》到近代王国维的《宋元戏曲史》，都把他列为“元曲四大家”之首。著名的杂剧作家高文秀被称为“小汉卿”，杭州名作家沈和甫被称为“蛮子汉卿”，可见关汉卿在当时就已享有崇高的地位。　　关汉卿一生创作了60多个杂剧，从民间传说、历史资料和元代现实生活里汲取了许多素材，真实地表现了元代人民反对封建阶级压迫与民族压迫的斗争。关汉卿从不写作神仙道化与隐居乐道的题材。他的严肃的创作态度与批判现实的战斗精神对后世有巨大影响。　　关汉卿是一位杰出的戏剧艺术家，他的悲剧《窦娥冤》“列之于世界大悲剧中亦无愧色” （王国维《宋元戏曲史》），是中国古典悲剧的典范；他的喜剧轻松、风趣、幽默，是后代喜剧的楷模。他的杂剧无论在艺术构思、戏剧冲突、人物塑造、语言运用等许多方面，都为后世提供了许多宝贵的艺术经验。他的许多杂剧经过改编一直在舞台上演出，为人民所喜爱，给人以强烈的美的享受。但是，元明清三代只有少数慧眼独具的评论家能正确评价关汉卿。有的人站在封建统治阶级立场上贬低他的影响，如朱权说“观其词语，乃可上可下之才”（《太和正音谱·古今群英乐府格势》）；明代有的封建文人还肆意篡改他的作品，把《窦娥冤》改成一部“翁做高官婿状元，夫妻母子重相会”的庸俗喜剧《金锁记》，磨平原作反抗的棱角，就是一个典型的例子。　　关汉卿的作品是一个丰富多彩的艺术宝库，早在一百多年前，他的《窦娥冤》等作品已被翻译介绍到欧洲。中华人民共和国成立后，关汉卿的研究工作受到高度重视，出版了他的戏曲全集。1958年，关汉卿被世界和平理事会提名为“世界文化名人”，北京隆重举行了关汉卿戏剧活动700年纪念大会。他的作品已成为中国人民和世界人民共同的精神财富。 ▲","介绍":"","生平":"　　关于关汉卿的生平的资料相当缺乏，只能从零星的记载中窥见其大略。据元代后期戏曲家钟嗣成《录鬼簿》的记载，“关汉卿，大都人，太医院尹，号已斋叟”，“太医院尹”别本《录鬼簿》作“太医院户”。关于关汉卿的籍贯，有大都（今北京市）（《录鬼簿》）、解州（在今山西运城）（《元史类编》卷三十六）、祁州（在今河北安国市）（《祁州志》卷八）等不同说法。查《金史》或《元史》均未见“太医院尹”的官名，而“医户”却是元代户籍之一，属太医院管辖。因此，关汉卿很可能是属元代太医院的一个医生。《拜月亭》中，他有一段临床诊病的描写，宛若医人声口，可以作为助证。　　元末夏庭芝《青楼集·序》载：“我皇元初并海宇，而金之遗民若杜散人、白兰谷、关已斋辈，皆不屑仕进，乃嘲弄风月，流连光景。”杜散人即杜善夫，是由金入元的作家，白兰谷即白朴，金亡（1234）时才8岁，估计关汉卿的年代同他们接近，也是由金入元的作家，关汉卿今存〔大德歌〕10首，“大德”是元成宗的年号（1297～1307），上距金亡已70年左右。由此可以推断出关汉卿约卒于元成宗大德元年（1297）以后，他的生年，估计在1220年左右。《录鬼薄》作者钟嗣成称关汉卿为“前辈已死名公”，说“余生也晚，不得预几席之末”。《录鬼簿》成书于1330年，故将关汉卿卒年定在1300年左右，当去事实不远。　　南宋灭亡（1279）之后，关汉卿曾到过当时南方戏曲演出的中心杭州，写有〔南吕一枝花〕《杭州景》套曲（中有“大元朝新附国，亡宋家旧华夷”句）。还曾到过扬州，写曲赠朱帘秀，有“十里扬州风物妍，出落着神仙”句。　　关汉卿是一位熟悉勾栏伎艺的戏曲家，《析津志》说他“生而倜傥，博学能文，滑稽多智，蕴藉风流，为一时之冠”。明代臧晋叔《元曲选·序》说他“躬践排场，面敷粉墨。以为我家生活，偶倡优而不辞”。关汉卿在元代前期杂剧界是领袖人物，玉京书会里最著名的书会才人。据《录鬼簿》、《青楼集》、《南村辍耕录》记载，他和杂剧作家杨显之、梁进之、费君祥，散曲作家王和卿以及著名女演员朱帘秀等均有交往，和杨显之、王和卿更见亲密。 ▲","作品风格":"杂剧　　关汉卿杂剧题材和形式都广泛而多样化，有悲剧，有喜剧，有壮烈的英雄，有恋爱故事，有家庭妇女问题，有官场公案。杂剧题材大多反映现实，生活面非常广阔，真实具体，揭示了社会各方面的矛盾，对不幸者寄多深厚同情，高度结合思想性与艺术性。　　关汉卿杂剧剧本能根据主题而剪裁取舍，情节安排紧凑，布局引人入胜，主线清晰，节奏紧凑，不全采用大团圆结局的惯例。　　关汉卿杂剧塑造的人物个性鲜明，有血有肉，如窦娥等人物形象均栩栩如生，成功地塑造各种典型人物。　　关汉卿善于驾驭语言，语言风格与题材互相配合，吸收民间文学的土语方言，以及古典诗词的鲜活字词，并加以提炼，能恰如其分地反映剧中人物的身分性格，又善于烘托渲染，充分表现元剧“本色”。　　关汉卿的杂剧内容具有强烈的现实性和弥漫着昂扬的战斗精神，关汉卿生活的时代，政治黑暗腐败，社会动荡不安，他的剧作深刻地再现了社会现实，充满着浓郁的时代气息。既有对官场黑暗的无情揭露，又热情讴歌了人民的反抗斗争。慨慷悲歌，乐观奋争，构成关汉卿剧作的基调。散曲　　关汉卿散曲写男女恋情的作品最多，对妇女心理的刻划细致入微，写离愁别恨则真切动人。关汉卿散曲风格豪放，曲词泼辣风趣；语言通俗而口语化，生动自然，很能表现曲的本色。他喜用白描手法，善于写景，所用比喻，形象生动。 ▲"}","https://guwen-1252396323.cos.ap-chengdu.myqcloud.com/headImage/20180914153033591.jpg"
"朱晞颜","元代","朱晞颜(1132～1200年)，字子渊、子囝，休宁(今属安徽)人，宋孝宗隆兴元年(1163年)进士，曾知靖州永平县，政绩颇好，当地为他立了生祠。隆兴元年调当阳尉。历知永平、广济县，通判阆州，知兴国军、吉州，广南西路、京西路转运判官。光宗绍熙四年，除知静江府。宁宗庆元二年除太府少卿，总领淮东军马钱粮。四年，迁权工部侍郎，俄兼实录院同修撰。五年，兼知临安府。六年卒，年六十六。著作已佚，仅《两宋名贤小集》卷二一七存《桂巖吟藁》一卷。事见《新安文献志》卷八二宋谈钥《朱公行状》。","{}",""
"黄镇成","元代","黄镇成（1287－1362）字元镇，号存存子、紫云山人、秋声子、学斋先生等。邵武（今福建邵武县）人，元代山水田园诗人，与黄清老（邵武故县人）被后人并称为“诗人二黄”。初屡荐不就，遍游楚汉齐鲁燕赵等地，后授江南儒学提举，未上任而卒。著有《秋声集》四卷、《尚书通考》十卷。","{}",""
"赵孟頫","元代","赵孟頫（1254—1322），字子昂，号松雪，松雪道人，又号水精宫道人、鸥波，中年曾作孟俯，汉族，吴兴（今浙江湖州）人。元代著名画家，楷书四大家（欧阳询、颜真卿、柳公权、赵孟頫）之一。赵孟頫博学多才，能诗善文，懂经济，工书法，精绘艺，擅金石，通律吕，解鉴赏。特别是书法和绘画成就最高，开创元代新画风，被称为“元人冠冕”。他也善篆、隶、真、行、草书，尤以楷、行书著称于世。","{"绘画成就":"关键人物　　明人王世贞曾说：“文人画起自东坡，至松雪敞开大门。”这句话基本上客观地道出了赵孟頫在中国绘画史上的地位。无论是研究中国绘画史，还是研究中国文人画史，赵孟頫都是一个不可绕开的关键人物。如果说，唐宋绘画的意趣在于以文学化造境。那么，赵孟頫在其间起到了桥梁作用。如果说，元以前的文人画运动主要表现为舆论上的准备，元以后的文人画运动以其成功的实践逐步取代正规画而演为画坛的主流，那末，引发这种变化的巨擘仍是赵孟頫。承前启后　　作为一位变革转型时期承前启后的大家，赵孟頫有以下几方面突出的成就为前人所不及：　　一是他提出“作画贵有古意”的口号，扭转了北宋以来古风渐湮的画坛颓势，使绘画从工艳琐细之风转向质朴自然。　　二是他提出以“云山为师”的口号，强调了画家的写实基本功与实践技巧，克服“墨戏”的陋习。　　三是他提出“书画本来同”的口号，以书法入画，使绘画的文人气质更为浓烈，韵味变化增强。　　四是他提出“不假丹青笔，何以写远愁”的口号，以画寄意，使绘画的内在功能得到深化，涵盖更为广泛。　　五是他在人物、山水、花鸟、马兽诸画科皆有成就，画艺全面，并有创新。 　　六是他的绘画兼有诗、书、印之美，相得益彰。　　七是他在南北一统、蒙古族入主中原的政治形势下，吸收南北绘画之长，复兴中原传统画艺，维持并延续了其发展。　　八是他能团结包括高克恭、康里子山等在内的少数民族美术家，共同繁荣中华文化。审美标准　　综观赵孟頫的画迹，并结合其相关论述，可以知道，赵氏通过批评“近世”、倡导“古意”，从而确立了元代绘画艺术思维的审美标准。这个标准不仅体现在绘画上，而且也广泛地渗透于诗文、书法、篆刻等领域中。　　1.提倡古意　　历史上每遇沧桑变易之际，文化颇易失范，人们总是以史为鉴，从古代的启示中去寻找医时救弊的良方，如孔子的“克己复礼”、魏晋“竹林七贤”的返朴归真、唐宋的“古文运动”等，重视传统成为中国文化的特色之一。赵孟頫提倡“古意”的出发点亦不例外，他引晋唐为法鉴，批评南宋险怪霸悍和琐细浓艳之风；不仅如此，作为一位士大夫画家，他还一反北宋以来文人画的墨戏态度，这是十分可贵的。作为价值学原则，赵孟頫既维护了文人画的人格趣味，又摈弃了文人画的游戏态度；作为形态学原则，赵孟頫既创建文人特有的表现形式，又使之无愧于正规画的功力格法，并在绘画的各种画科中进行全面的实践，从而确立了文人画在画坛上成为正规画的地位。应该说，赵孟頫使职业正规画与业余文人画这两种原本对立或并行的绘画传统得以交流融汇，从此，一个以文人画家为主角，以建构文人画图式为主题的绘画新时代，拉开了序幕。　　2.转化　　应当特别指出，赵孟頫的山水画不但将钩斫和渲淡、丹青和水墨、重墨和重笔、师古和创新，乃至高逸的士夫气息与散逸的文人气息综合于一体，使“游观山水”向“抒情山水”转化；而且使造境与写意、诗意化与书法化在绘画中得到调和与融洽，为“元季四大家”（黄公望、王蒙、倪瓒、吴镇）那种以诗意化、书法化来抒发隐逸之情的逸格文人画的出现，奠定了坚实的基础。　　上述这些理论与实践，将赵孟頫推向了开元代绘画风气宗师的地位。弟子众多　　作为一代宗师，不仅他的友人高克恭、李仲宾，妻子管道升，儿子赵雍受到他的画艺影响，而且弟子唐棣、朱德润、陈琳、商琦、王渊、姚彦卿，外孙王蒙，乃至元末黄公望、倪瓒等都在不同程度上继承发扬了赵孟頫的美学观点，使元代文人画久盛不衰，在中国绘画史上写下了绮丽奇特的篇章。他与儿子赵雍、孙子赵麟都做《人马图》，称《三世人马图》，传为佳话，三幅画都流传至美国，由大都会博物馆收藏。书画诗印　　“先画后书此一纸，咫尺之间兼二美。”赵孟頫书画诗印四绝，当时就已名传中外，以至日本、印度人士都以珍藏他的作品为贵，为当时的中外文化交流作出了贡献。　　赵孟頫的书法作品中与道教有关者有《洛神赋》、《道德经》、《玄妙观重修三门记》等。画作名品甚多，关于道教内容的有《玄真观图》、《三教图》、《轩辕问道图》、《松石老子图》、《溪山仙馆图》等。又有《玄元十子图》，画道教人物关尹子、文子等十人像，并旁书小传。该作笔墨高古，元大德九年（1305年）路道通于杭州刻版印摹，后被收入明正统《道藏》。诗文风格和婉。兼工篆刻，以“圆珠文”著称。有《松雪斋集》。元延祐六年（1319年），得请南归于家乡。曾经入松江北道堂事道，道号道渊。 ▲"}","https://guwen-1252396323.cos.ap-chengdu.myqcloud.com/headImage/20180914153124911.jpg"
"白朴","元代","白朴（1226—约1306） 原名恒，字仁甫，后改名朴，字太素，号兰谷。汉族，祖籍隩州（今山西河曲附近），后徙居真定（今河北正定县），晚岁寓居金陵（今南京市），终身未仕。他是元代著名的文学家、曲作家、杂剧家，与关汉卿、马致远、郑光祖合称为元曲四大家。代表作主要有《唐明皇秋夜梧桐雨》、《裴少俊墙头马上》、《董月英花月东墙记》等。","{"创作原由":"","著作":"　　在元代杂剧的创作中，白朴更具有重要的地位。历来评论元代杂剧，都称他与关汉卿、马致远、郑光祖为元杂剧四大家。据元人钟嗣成《录鬼簿》著录，白朴写过15种剧本，这15种是：《唐明皇秋夜梧桐雨》、《董秀英花月东墙记》、《唐明皇游月宫》、《韩翠颦御水流红叶》、《薛琼夕月夜银筝怨》、《汉高祖斩白蛇》、《苏小小月夜钱塘梦》、《祝英台死嫁梁山伯》、《楚庄王夜宴绝缨会》、《崔护谒浆》、《高祖归庄》、《鸳鸯间墙头马上》、《秋江风月凤凰船》、《萧翼智赚兰亭记》、《阎师道赶江江》。加上《盛世新声》著录的《李克用箭射双雕》残折，共16本。现在仅存《唐明皇秋夜梧桐雨》、《董秀英花月东墙记》、《裴少俊墙头马上》三种，以及《韩翠颦御水流红叶》、《李克用箭射双雕》的残折，均收入王文才《白朴戏曲集校注》一书中。　　题材多出历史传说，剧情多为才人韵事。现存的《唐明皇秋夜梧桐雨》，写得是唐明皇与杨贵妃的爱情故事，《鸳鸯间墙头马上》，描写的是一个“志量过人”的女性李千金冲破名教，自择配偶的故事。前者是悲剧，写得悲哀怛侧，雄浑悲壮；后者是喜剧，写得起伏跌宕，热情奔放。这两部作品，历来被认为是爱情剧中的成功之作，具有极强的艺术生命力，对后代戏曲的发展具有深远的影响。　　在我国戏曲史上，宋、金两代已有了纯粹演故事的戏曲，但没有剧本流传下来，我们无从说清楚这些戏曲的情况。元代的杂剧，在故事情节、人物塑造方面，都发展到相当娴熟的地步，为我国的戏曲艺术奠定了坚实的基础。从保留下来的剧作中，可知其情节曲折，主题突出，具有强烈的吸引力；剧中人物，无论是因享乐而坏江山的唐明皇，冰肌玉骨、一身娇娆之气的杨贵妃，还是爽朗果敢的闺秀李千金，都塑造得各具个性，栩栩如生。以至于现在戏剧舞台上的唐明皇，还可见到白朴塑造的这一形象的遗风。　　与关汉卿相比，白朴的生活圈子比较局限，因此，他不可能从社会下层提炼素材，写出像关汉卿那感天动地的《窦娥冤》。然而，他善于利用历史题材，敷演故事，因旧题，创新意，词采优美，情意深切绵长，又是关汉卿所不及的。他在文学史和戏曲史上的地位和作用，以及他的剧作的艺术成就，早已成为文学艺术上的重要研究课题。　　白朴的词作，在他生前就已编订成集，名曰《天籁集》。到明代已经残佚，字句脱误。清朝中叶，朱彝尊、洪升始为整理刊行。全集收词二百余首，除了一些应酬赠答、歌楼妓席之作外，多为伤时感怀的作品。赖有这部作品，我们才可以了解白朴的生涯。他的词作，承袭元好问长短句的格调，跌宕沉详，天然古朴。 ▲","人物生平":"　　白朴（1226—约1306），字太素，号兰谷，原名恒，字仁甫，祖籍隩州（今山西河曲一带），后迁居真定（今河北正定县），元代著名戏曲作家。与关汉卿、郑光祖、马致远称为“元曲四大家。”白朴出身官僚士大夫家庭，他的父亲白华为金宣宗三年（1215年）进士，官至枢密院判；仲父白贲为金章宗泰和间进士，曾做过县令，叔父早卒，却有诗名。白家与元好问父子为世交，过从甚密。两家子弟，常以诗文相往来，交往甚好。　　白朴出身于这样的家庭，本应优游闲适，读书问学，以便将来博取功名。然而，他的幼年却偏偏遭逢兵荒马乱，他只得同家人在惊恐惶惑中苦熬光阴。他出生后不久，金朝的南京汴梁已在蒙古军的重重包围之下，位居中枢的白华，整日为金朝的存亡而奔忙，从而无暇顾及妻儿家室。金哀宗天兴元年（1232年），蒙古军树炮攻城，哀宗决计弃城北走归德，白华只得留家人于汴京，只身随哀宗渡河而上。次年三月，汴京城破，蒙古军纵兵大掠，城内士庶残遭杀戮，财富遭到空前洗劫。战争中，白朴母子相失，幸好当时元好问也在城中，才把他和他的姐姐收留起来，在乱兵和饥荒中救了他的性命。四月底，元好问携带白朴姐弟渡河北上，流寓聊城，后寄居于冠氏（今山东冠县）县令赵天锡幕府。元好问虽也是亡国奔命之臣，生活至为艰辛，但他视白朴姊弟犹如亲生，关怀备至。白朴为瘟疫所袭，生命垂危，元好问昼夜将他抱在怀中，竟于得疫后第六日出汗而愈。白朴聪明颖悟，所以从小喜好读书，元好问对他悉心培养，教他读书问学之经，处世为人之理，使他幼年时就受到了良好的教育。　　白朴的父亲白华于金朝灭亡后投降了南宋，做了均州提鲁（八品官）。不久，白华遂北投元朝。蒙古太宗九年（1237年），白朴12岁时，白华偕金朝一些亡命大臣来到真定，依附在世守真定的蒙古将领史天泽门下。同年秋，元好问由冠氏返太原，路经真定，遂将白朴姊弟送归白华，使失散数年的父子得以团聚。父子相见，白华感到极大的快慰，他有一首《满庭芳·示列子新》词，表述当时的心情：“光禄他台，将军楼阁，十年一梦中间。短衣匹马，重见镇州山。内翰当年醉墨，纱笼支高阔依然。今何日，灯前儿女，飘荡喜生还”。他也十分感激元好问代为抚育儿女之恩，曾有诗谢之曰：“顾我真成丧家犬，赖君曾护落窠儿。”　　随着北方的安定，白朴父子也就在真定定居下来。从此，他按照父亲的要求，写作诗赋，学习科场考试的课业。他对律赋之学颇为上进，很快即以能诗善赋而知名。其时，元好问为修撰金朝历史书籍，也常出入大都，从而往来于真定，关心着他的学业，每至其家，都要指导他治学门径，曾有诗夸赞白朴说：“元白通家旧，诸郎独汝贤。”勉励他刻苦用功，成就一番事业。然而，蒙古统治者的残暴掠夺，使白朴心灵上的伤痕难以恢复，他对蒙古统治者充满了厌恶，兵荒马乱中母子相失，使他常有山川满目之叹，更感到为统治者效劳的可悲。因此，他放弃了官场名利的争逐，而以亡国遗民自适，以词赋为专门之业，用歌声宣泄自己胸中的郁积及不满。　　随着年岁的增长，社会阅历的扩大，白朴的学问更见长进。元世祖中统二年（1261年），白朴36岁。这年四月，元世祖命各路宣抚使举文学才识可以从考者，以听擢用，时以河南路宣抚使入中枢的史天泽推荐白朴出仕，被他谢绝了。他既拂逆史天泽荐辟之意，自觉不便在真定久留，便于这年弃家南游，更以此表示他遁世消沉，永绝仕宦之途的决心。然而，眷妻恋子的情肠终不能割断，他也经常为自己矛盾的心情所煎熬，感到十分痛苦。　　他先到汉口，再入九江，41岁时曾北返真定，路经汴京。此后，再度南下，往来于九江与洞庭之间，到元世祖至元十七年（1280年）在金陵定居下来。这前后，可能因为他的真定原配去世，他曾为妻丧而回到过真定，逢着这个机会，又有人建议他去朝中做官，却被他谢绝了。此后不久，他即返金陵。从此，主要在江南的杭州、扬州一带游历，直到81岁时，还重游扬州。而后，他的行踪就无从寻觅了。　　白朴放浪形骸，寄情于山水之间，但他却并不可能真正遁迹世外，对现实熟视无睹。加之，他的足迹所至，恰恰是曾经繁华一时，而今被兵火洗劫变为的荒凉境地。前后景象的对比，更激起他对蒙古统治者的怨恨。他以诗词来宣泄这种怨恨，控诉蒙古统治者的罪恶行径。　　元世祖至元十四年（1277年），白朴游至九江，再入巴陵。九江昔日的繁华，却被一扫而光，留在他眼底的是萧条冷落，他不禁无限伤感地叹息道：“纂罢不知人换世，兵余独见川流血，叹昔时歌舞岳阳楼，繁华歇”。至于金陵怀古，杭城“临平六朝禾黍、南宋池苑诸作，”处处抒发遗民的心情，“伤时纪乱，尽见于字里行间。”其感物伤情从笔下款款道出。　　白朴毕竟是封建时代的知识分子，尽管他为江山异代，田园荒芜而感伤、而悲戚，但他更多地是为自己一生九患的身世伤怀。一部《天籁集》 ，可以说处处倾诉着他对怆凉人生的感慨。他除了用词曲表达他的意志情怀外，还写下了不少杂剧，为元代杂剧的繁荣贡献了自己的才华。　　在元代杂剧的创作中，白朴更具有重要的地位。历来评论元代杂剧，都称他与关汉卿、马致远、郑光祖为元杂剧四大家。▲","文学才能":"　　白朴自幼聪慧，记忆过人，精于度曲。与关汉卿，王实甫（另一说为郑光祖），马致远等人并称元曲四大家。散曲儒雅端庄，与关汉卿同为由金入元的大戏曲家。在其作品中，著名的杂剧《梧桐雨》，内容讲述幽州节度使安禄山与杨贵妃私通，出任范阳节度使，与杨国忠不和，于是安禄山造反，明皇仓皇幸蜀。至马嵬驿时，大军不前，陈玄礼请诛杨国忠兄妹。明皇只得命贵妃自缢于佛堂中。李隆基返长安后，一日梦中相见贵妃，后为梧桐雨声惊醒，追忆往事，不胜惆怅之至。此剧在历代评价甚高，清人李调元《雨村曲话》说:“元人咏马嵬事无虑数十家，白仁甫《梧桐雨》剧为最”。王国维的《人间词话》说：“白仁甫《秋夜梧桐雨》剧，沈雄悲壮，为元曲冠冕。”另有一部作品《墙头马上》全名《裴少俊墙头马上》，是白朴最出色的作品，与五大传奇之一的《拜月亭》、王实甫的《西厢记》、郑光祖的《倩女离魂》合称为“元代四大爱情剧”。故事写唐代尚书裴行俭之子裴少俊奉父命由长安去洛阳买花，途中和李世杰女李千金隔墙以诗赠答。当晚私约后园，二人私奔到长安定居，育有一子一女。后为少俊父亲发现，强令少俊休妻回家。李千金回到洛阳，父母已亡故。少俊中进士后，正式与李千金完婚。　　白朴的词流传至今一百余首，大多以咏物与应酬为主；其作品歌词典雅，属于文采派。杂剧有16种：《绝缨会》、《赶江江》、《东墙记》、《梁山伯》、《赚兰亭》、《银筝怨》、《斩白蛇》、《梧桐雨》、《幸月宫》、《崔护谒浆》、《钱塘梦》、《高祖归庄》、《凤皇船》、《墙头马上》、《流红叶》、《箭射双雕》。散曲有《天籁集摭遗》一卷，收其小令三十七首，套曲四套。 ▲"}","https://guwen-1252396323.cos.ap-chengdu.myqcloud.com/headImage/20180914153147233.jpg"
"朱庭玉","元代","朱庭玉（ “庭”或作“廷”） ，生平、里籍均不详。","{}",""
"贯云石","元代","贯云石(1286～1324) 元代散曲作家。字浮岑，号成斋，疏仙，酸斋。出身高昌回鹘畏吾人贵胄，祖父阿里海涯为元朝开国大将。原名小云石海涯，因父名贯只哥，即以贯为姓。自号酸斋。初因父荫袭为两淮万户府达鲁花赤，让爵于弟，北上从姚燧学。仁宗时拜翰林侍读学士、中奉大夫，知制诰同修国史。不久称疾辞官，隐于杭州一带，改名“易服”，在钱塘卖药为生，自号“芦花道人”。今人任讷将他的散曲与自号“甜斋”。","{"介绍":"　　贯云石（1286年－1324年），原名小云石海涯，元朝畏兀儿人，精通汉文，著名诗人、散文作家。　　根据蒋一葵《尧山堂外纪》的记载，贯云石的父亲名为“贯只哥”，所以他以“贯”作为他的氏，名“小云石海涯”，自号“酸斋”，当时和号“甜斋”的徐再思齐名，都以擅长乐府闻名，世称“酸甜乐府”。　　贯云石做过翰林学士，深受汉族的思想与文学的影响，爱慕江南风物，憧憬恬静闲适的生活，后辞官不做，隐居江南，改名“易服”，在钱塘卖药为生，自号“芦花道人”。他善作散曲。据传他所创的曲调，传给浙江澉浦杨氏，后称为“海盐腔”，流传至明代，为“昆腔”的先驱。　　存小令七十余首，套数八套，有专集 《酸斋乐府》，近人任讷所辑。 ▲","文武双全":"　　贯云石的伯父忽失海涯、父亲贯只哥都托庇祖荫，先后在南方担任军政要职；而贯云石幼年，一直生活在大都，受着良好而又特殊的教育。贯云石的母亲廉氏是精通汉学的维族名儒廉希闵的女儿。她的一位叔父廉希宪曾任宰相，被世祖称为“廉孟子”；另一位叔父廉希贡则是著名的书法家。贯云石自幼就常随母亲住在廉家的别墅“廉园”里修文习武。尤其是园内有两万多卷藏书，使贯云石从小就受到了丰富的汉民族文化的熏陶与严格训练，既有“善骑射、工马槊”的维吾尔气质，又能“折节读书，目五行下”，为他以后用汉文写作打下了扎实的基础。　　元成宗大德十年（1306），年方二十的贯云石承袭父爵，出任两淮万户达鲁花赤（这是一个拥有实际兵权的三品要职）。不久，又出镇永州。这位血气方刚、文武双全的青年军官，管辖着十一万户百姓，统率着七千将士。他“在军气候分明，赏罚必信”、“御军极严猛，行伍肃然”；公务之暇，则写诗作曲，投壶雅歌。他要凭着自己的才能建功立业，又愿意“自适，不为形势禁格”，然而这在当时那样的社会里，简直是不可能的。在苦闷与矛盾中，他终于作出了将官职军权让给弟弟忽都海涯的决定。　　贯云石让爵后，“与文士徜徉佳山水处”，“倡和终日，浩然忘却”，真是：“弃微名去来心快哉，一笑白云外。知音三五人，痛饮何妨碍，醉袍袖舞嫌天地窄。”——〔清江引〕　　当时，元代的散曲创作正处于由草创时期向黄金时代过渡的阶段。贯云石开始以通脱豪爽的风格闯入了散曲阵地，犹如天马入苑，在元代诗坛上引起了强烈反响。1308年，贯云石回到了文人荟萃的元大都。▲","经历":"　　公元1314年秋天，贯云石南游途中经过梁山泊。贯云石喜爱那里一个渔翁的芦花絮成的被子，渔翁要他用诗来交换。贯云石略加思索，吟出了一首七律：　　采得芦花不涴尘，翠蓑聊复藉为茵。西风刮梦秋无际，夜月生香雪满身。　　毛骨已随天地老，声名不让古今贫。青绫莫为鸳鸯妒，欸乃声中别有春。　　这首《芦花被》诗广为流传，贯云石用它换取芦花被的事也传为佳话。贯云石干脆又取了“芦花道人”的别号，并写道：“清风荷叶杯，明月芦花被，乾坤静中心似水。”宣布了自己和名利场的决绝，开始了十年浪迹江湖、专心创作的新生活。　　春去秋来。贯云石“月明采石怀李白，日落长沙吊屈原”（钱惟善《酸斋学士挽诗》），登扬州明月楼填词，到淮南鲁港驿题诗，西下洞庭览胜境，东临普陀观日出……这种壮游万里的生活，使他创作出《采石歌》、《君山行》、《观日行》等许多优秀诗篇。他在诗中讴歌祖国的大好河山，凭吊中华民族历史上的杰出人物，抒发对家乡与亲人的爱恋，也表达了愿意摒弃荣华富贵、过恬静淡泊生活的愿望。这些作品感情真挚，风格清新秀丽，使他成为元诗中“绮丽清新之派”的代表人物（顾嗣立《元诗选·萨都剌传》）。　　贯云石历览名胜，著述满家，雅名愈盛。他每到一处，“士大夫从之若云，得其片言尺牍，如获拱璧”。决心避世的贯云石进而隐姓埋名，易服晦迹，定居在钱塘（今杭州）正阳门外，靠卖回回药为生。他在凤凰山休暑，到包家山修禅；时而入天目山与中峰禅师论道，时而去城东阿里西瑛的寓所去吹奏铁笛，切磋乐律；他常与散曲家张可久一道游湖观潮，饮酒唱和，也不时地同平民百姓一起切磋技艺。他在秀丽的西子湖畔度过了一生中创作散曲最旺盛的时期。贯云石自幼性格豪爽，不拘形迹，又多才多艺，工书画，通音律，精鉴赏，既善于学习前代各家之长，又“吐辞为文，不蹈袭故常”，还能注重从民间吸取营养，这就不仅使他的散曲创作形成了“如天马脱羁”（朱权《太和正音谱》）的独特风格，也呈现出丰富多样的艺术特色。尤其是他作为一个出生在大都的维族人，一生足迹遍及大江南北，又能摒弃民族的与传统的偏见，热心兼收并蓄北方“胡夷之曲”与南方“里巷歌谣”，使他的散曲往往带有北方民歌刚健质朴的气息与南方民歌清新秀丽的风采。　　明人李开先的《词谑》记载了贯云石的一则轶事：　　一日，郡中数衣冠士游虎跑泉，饮间赋诗，以“泉”字为韵。中一人，但哦“泉、泉、泉……”，久不能就。忽一叟曳杖而至，问其故，应声曰：“泉、泉、泉，乱迸珍珠个个圆。玉斧斫开顽石髓，金钩搭出老龙涎。”众惊问曰：“公非贯酸斋乎？”曰：“然、然、然。”遂邀同饮，尽醉而去。　　这个故事久久在杭州流传，说明了贯云石与民众的交往，也说明了民间对酸斋创作风格的了解。邓文原在《贯公文集序》中说：贯“生长富贵，不为燕酣绮靡是尚，而与布衣韦带角其技，以自为乐，此诚世所不能者。”这是贯云石作为“浊世佳公子”（陈垣评语）的可贵之处，它决定了其后期作品仍然涉及到社会生活的各个方面，内容是丰富充实的。　　值得一提的是，在钱塘定居期间，贯云石又与海盐杨梓交善，向他传授“南北合调”的歌唱方法。贯云石死后三十九年（1363），姚桐寿在《乐郊私语》中有一段精彩的说明：　　云石翩翩公子，无论所制乐府、散套，骏逸为当行之冠；即歌声高引，上彻云汉。而康惠（杨梓）独得其传。……以故杨氏家僮千指，无有不善南北歌调者。由是州人往往得其家法，以能歌有名于浙右云。　　贯云石的乐府、散套和高彻云汉的歌唱，在南戏四大声腔之一“海盐腔”的形成中起了重要的发端作用。　　公元1324年，正当壮年的贯云石病逝于杭州。他的好友张小山（可久）写了一首《为酸斋解嘲》的散曲来总结这位维族作家的一生：　　君王曾赐琼林宴，三斗始朝天。文章懒入编修院。红锦笺，白苎篇，黄柑传。学会神仙，参透诗禅。厌尘嚣，绝名利，近林泉。天台洞口，地肺山前，学炼丹。同货墨，共谈玄。……　　他的另一位好友欧阳玄在为贯云石写的碑文中称赞他“武有戡定之策，文有经济之才”，“其人品之高，岂可浅近量哉！”二百年后，王世贞在《曲藻》中将贯云石列为“擅一代之长”的元曲代表作家之首。陈垣先生在《元西域人华化考》中说：　　云石之曲，不独在西域人中有声，即在汉人中亦可称绝唱也。　　是的，贯云石的作品，通过他的生活和创作所体现出来的我国各兄弟民族作家之间互相学习、亲密融洽的深厚友情，已成为中华民族宝贵的精神财富。　　①本文引语，除另注出处的外，均见《元史·小云石海涯传》及欧阳玄《贯公神道碑》。▲","作品特色":"　　贯云石出身武官家庭，自幼武艺超群，后弃武学文，接受汉族文化。善书法，自成一家。诗文亦有一定成就，尤以散曲最著。在他的为人和作品中可以看到元代各族文化互相渗透的情况，他以胄子袭位，仕途本颇顺利，却有飘然世外之志，为人疏放旷达。曾以《芦花被诗》换取渔父芦花被，一时传为文坛佳话。　　贯云石的散曲以写山林逸乐生活与男女恋情为主。作品风格基本上属豪放派，以清俊见长。风格形成与他出身西域武官家庭有关，同时也染上了江南文学清秀媚丽的色彩。他的啸傲山林的作品尤为飘逸俊放,弃微名去来。心快哉，一笑白云外〔清江引）畅幽哉，春风无处不楼台。一时怀抱俱无奈，总对天开，就渊明归去来〔殿前欢〕等；他的情词则清新警切，善于学习俗谣俚曲的长处。四更过，情未足，情未足，夜如梭。天哪！更闰一更妨什么？〔红绣鞋〕不是不修书，不是无才思，绕清江买不得天样纸 〔清江引〕等,以白描手法取胜，颇有情致。此外，他也有一些清丽端谨的作品，如《春、夏、秋、冬》〔清江引〕等。　　贯云石的散曲在当时最为俊逸当行，歌唱起来，响彻云宵。他与海盐杨梓交好，或说他曾为“海盐腔”的创造和传播作出了一定贡献。“海盐腔”流传至明代，为“昆腔”的先驱。他还是最早的散曲评论家，曾为《阳春白雪》、《小山乐府》作序，在当时散曲界十分活跃，而且很有影响。▲","拜师":"　　贯云石做了几年世袭的官爵——两淮万户府的达鲁花赤，就把官职让给他的弟弟忽都海涯了。从那以后，他投拜了当时以文风古劲宏肆而著名的散文大家姚燧为师，专门攻读汉语文学。过了几年元世祖忽必烈的孙子做了皇帝，号称仁宗。小云石海涯就给仁宗上了一份万言书，建议朝廷选贤用能，修明政治。仁宗见他很有学问，就任命他做翰林侍读学士，由于他看不惯上层统治者的罪恶污浊及其宦海生活，因之力辞不受，决意弃官归隐，从此再未出仕，浪迹钱塘江一带，以卖药度日。小云石海涯，出身于宦官贵族，他能够毅然决然的放弃了寄生生活，不和统治者同流合污，并且在一定程度上同情百姓的遭遇，主张改革政治，尽管他采取的办法是消极的，但在客观上，是有一定进步性的。作为一个封建统治阶级的官吏，当他意识到现状污浊，又无力改变现状的时候，采取弃官归隐，不仅是可以理解的，而从个人的品格来说，也是高尚的。他的反抗精神，虽然不及屈原那样强烈，但比起陶潜来，是并无逊色的。　　贯云石之所以能在文学方面能取得这样大的成就，除了他自己专心好学而外，与他的汉族老师姚燧和亲密的朋友张可久、徐再思、杨朝英等人的帮助是分不开的。贯云石自号酸斋。根据邓子晋在《太平乐府》序里记载，杨朝英文风以豪放著称，贯云石和杨朝英同游，贯云石说： “我酸，你就应该澹。”从那以后，杨朝英果然自号澹斋了。徐再思作品风格清丽，自号甜斋。因贯云石和徐再思是当时两位齐名而又相好的散曲家，所以，后人就把他们的作品编成一个集子，很风趣地叫作《酸甜乐府》了。张可久是元朝后期最著名的散曲大家，风格雅丽，文辞工巧，他与贯云石应答的作品也多。▲","直言敢谏":"　　二十二岁的贯云石成了廉园的中心人物。他的让爵，在大都传为美谈；他的诗词散曲，在诗界崭露头角。然而他自己并不满足。在廉园，他进而结识了程文海、赵孟頫、袁桷、姚燧等文坛前辈，得到他们的赏识，也认真地向他们学习。姚燧“于当世文章士少许可”，却连连称赞贯云石“古文峭厉有法”、“歌行古乐府慷慨激烈”、“才气英迈，宜居代言之选”（见邓文原《贯公文集序》），并多次在东宫太子爱育黎拔力八达（即元仁宗）面前荐举贯云石，使他“选为英宗潜邸说书秀才”。这些，不仅促进了贯云石的文学创作，也再次激发了他报效国家的热情。　　公元1313年二月，仁宗即位不久，二十七岁的贯云石就被任命为翰林侍读学士、中奉大夫、知制诰同修国史，这是一个能直接向皇帝提供政治见解、参予制订国家政令的要职。仁宗说：“翰林、集贤儒臣，联自选用，汝等毋辄拟进。人言御史台任重，朕谓国史院尤重；御史台是一时之公论，国史院实万世公论也。”（《续资治通鉴》卷198）贯云石想到自己被皇帝亲自委以重任，成了赤县神州第一个维吾尔族的翰林学士，感慨万分：“迩来自愧头尤黑，赢得人呼‘小翰林’。”（《神州寄友》）小翰林充满信心，积极参政，直言敢陈。他与翰林承旨程文海一起制订恢复科举的条令，“多所建明”；他向仁宗进自著的文白对照的《孝经直解》；又递交了万言书，条陈释边戍、教太子、立谏官等六事。然而，科举制度迟迟不能恢复，《孝经》已引不起仁宗的兴趣，万言书被仁宗空许为“往往切中时弊”，却不予采纳，反而触犯了一班反对改革的权贵。此时，姚燧已辞官家居。贯云石深感自危，也清醒了许多。这位任职刚一年的“小翰林”，毅然称疾辞归江南，结束了自己的政治生涯。他的一首〔清江引〕生动地表达了当时的心情：　　竞功名有如车下坡，惊险谁参破！昨日玉堂臣，今日遭残祸。争如我避风波走在安乐窝。　　然而，贯云石这五年的大都生活并没有白过。这期间，他创作了许多清丽婉腻的散曲，世人将它们和散曲名家徐再思（号“甜斋”）的作品并称为“酸甜乐府”；他写下了著名的《〈阳春白雪）序》，也写出了不少奇诡激烈的歌行诗。就在贯云石刚刚就职翰林学士之时，程文海为贯云石诗文集写过一个跋，指出贯在文学上造诣深湛，前程不可限量，还说：“盖功名富贵有不足易其乐者，世德之流，讵可涯哉！”程文海慧眼独具，他道出了贯云石品格上的可贵之处。贯云石仰慕屈原、李白、陶渊明，决心从政治的漩涡中冲腾出来。▲"}","https://guwen-1252396323.cos.ap-chengdu.myqcloud.com/headImage/20180914153320805.jpg"
"李孝光","元代","李孝光（1285～1350），元代文学家、诗人、学者。初名同祖，字季和，号五峰，后代学者多称之“李五峰”。温州乐清（今属浙江）人。少年时博学，以文章负名当世。他作文取法古人，不趋时尚，与杨维桢并称“杨李”。早年隐居在雁荡五峰山下，四方之士，远来受学，名誉日广。至正七年（1347）应召为秘书监著作郎，至正八年擢升秘书监丞。至正十年（1350）辞职南归，途中病逝通州，享年66岁。著有《五峰集》20卷。","{}","https://guwen-1252396323.cos.ap-chengdu.myqcloud.com/headImage/20180914153329421.jpg"
"景元启","元代","景元启，元代散曲作家，约公元一三一七年前后在世（吴梅、王易、虞冀野均疑为即景元启）名、里、生卒年及生平均不详，约元仁宗延祐中前后在世。工作曲，有得胜令等小令，存太平乐府及阳春白雪中。所作散曲今存小令十五首，套数一套。","{}",""
"杨载","元代","杨载（1271—1323）元代中期著名诗人，与虞集、范梈、揭傒斯齐名，并称为“元诗四大家”。字仲弘，浦城（今福建浦城县）人。延祐二年进士，授承务郎，官至宁国路总管府推官。杨载文名颇大，文章以气为主，诗作含蓄，颇有新的意境。","{}","https://guwen-1252396323.cos.ap-chengdu.myqcloud.com/headImage/20180914153423409.jpg"
"曹之谦","元代","之谦，字益甫，云中应人。幼知力学，早擢巍科。既而与元好问同掾东曹，机务倥偬，商订文字，未尝少辍。北渡后，居平阳者三十馀年，与诸生讲学，一以伊洛为宗，众翕然从之，文风为之一变。所著古文杂诗仅三百首，曰《兑斋文集》。汲郡王恽序之曰：先生之作，其析理知言，择之精，语之详，浑涵经旨，深尚体之工；刊落陈言，及自得之趣。而又抑扬有法，丰约得所。可谓常而知变，醇而不杂者也。","{}",""
"张雨","元代","张雨（1283～1350）元代诗文家，号句曲外史，道名嗣真，道号贞居子曾从虞集受学，博学多闻，善谈名理。诗文、诗文、书法、绘画，清新流丽，有晋、唐遗意。年二十弃家为道士，居茅山，尝从开元宫王真人入京，欲官之，不就。","{}","https://guwen-1252396323.cos.ap-chengdu.myqcloud.com/headImage/20180914153441309.jpg"
"沈禧","元代","沈禧[元]（约公元一三五四年前后在世），字廷锡，吴兴人。生卒年及生平均不详，约元惠宗至正中前后在世。工词善曲，有竹窗词一卷，（今存强村丛书中）散曲八套；亦单行，名曰竹窗乐府。","{}",""
"贡奎","元代","贡奎（1269—1329），字仲章，宣城（今属安徽）人。生于元世祖至元六年，卒于文宗天历二年，年六十一岁，追封广陵郡侯，谥文靖。","{}",""
"张玉娘","元代","张玉娘，字若琼，自号一贞居士，松阳人。生于宋淳祐十年（公元1250年），卒于南宋景炎元年（公元1276年），仅活到27岁。她出生在仕宦家庭，曾祖父是淳熙八年进士，祖父做过登士郎。父亲曾任过提举官。她自幼饱学，敏慧绝伦，诗词尤得风人体。后人将她与李清照、朱淑贞、吴淑姬并称宋代四大女词人。","{"文学成就":"　　《兰雪集》共有诗117首，词16阕，作品虽然不多，但很有艺术成就。她的诗体裁多样，有绝、律、四言、六言等，且长于古风。题材和风格也迥然相异，既有清丽凄婉，感人至深的爱情悲唱，又有气势磅礴、壮怀激烈的爱国咏叹。《山之高》、《拜新月》、《卜归》、《古离别》、《川上女》、《玉蝴蝶·离情》等诗词寄托着思念、忠贞、哀愁。更可贵的是，玉娘虽身在闺中，但心驰千里。关心战乱时代国家和百姓的命运，写下了“凯歌乐府”四首，《塞上曲》、《王将军墓》、《咏史·谢东山》、《塞下曲》、《从军行》等慷慨激昂的诗篇，悲壮豪迈，全无闺中女子娇弱的气质，充分表达了张玉娘的爱国精神和民族气节。难怪朱古微刻《疆村丛书》时，还以为她是一个男子，竟不知她是巾帼词人呢。　　历代的有识之士很看重张玉娘的诗词和为人。早在元代，当时最负盛名的学者，诗人虞伯生读到《山之高》三章赞曰：“有三百篇（《诗经》）之风，虽《卷耳》、《虫草》不能过也！”读到“我操冰雪洁”句时赞：“真贞女也，才女也！”当读到《暮春夜思》末句“此景谁相问，飞萤入绣床”时，拍案道：“此岂妇人所及！”；现代著名词学家唐圭璋教授在三十年代所写的《宋代女词人张玉娘——“鹦鹉冢”故事的来源》中写道：“谁也知道，宋代女词人，有李易安（李清照）、朱淑真、魏夫人、吴淑姬这一班人。可是很少人知道，宋代还有一位女词人张玉娘，足以和她们分庭抗礼呢！……她短促的身世，比李易安、朱淑贞更为悲惨。李易安是悼念伉俪，朱淑贞是哀伤所遇，而她则是有情人不能成眷属，含恨千古。……她这种贞孝的大节，不独超过寻常百姓，便是李易安，朱淑真也还逊一筹呢！”他大声疾呼：“一般文学史家，应该留出一点篇幅，叙述这已经隐埋了六百多年的女作家。”现代词学家谭正璧在其编著的《中国女性文学史》中写道：“宋代女词人以地位著名的，有魏夫人和孙夫人。以作品著作著名的，有李清照、朱淑真、吴淑姬、张玉娘被称为四大词家”。陶秋英教授在她的《中国妇女与文学》一书中有言：“玉娘的诗，绝少闺阁气，她最擅长于古风，简直没有一首不显露一幅好图画呢！而女子长于古风，也是一个特点。……她的词也很好，虽不十分多，差不多首首都好。”现代戏曲史家赵景深教授称张玉娘故事为“一出希腊式的大悲剧”。 ▲"}","https://guwen-1252396323.cos.ap-chengdu.myqcloud.com/headImage/20180914153542556.jpg"
"李道纯","元代","李道纯 ，湖南都梁（武冈）人，宋末元初著名道士。字元素，号清庵，别号“莹蟾子”。精于内丹学。李道纯博学多才，他的内丹理论兼容并包，系统非常完整。其师王金蟾为道教丹功南宗白玉蟾之弟子。李道纯融合内丹道派南北二宗。其内丹理论以“守中”为要诀。 故后人称其为内丹学中的中派。","{}",""
"施耐庵","元代","施耐庵，元末明初的文学家，本名彦端，汉族，今江苏兴化人。博古通今，才气横溢，举凡群经诸子，词章诗歌，天文、地理、医卜、星象等，一切技术无不精通，35岁曾中进士，后弃官归里，闭门著述，与门下弟子罗贯中一起研究《三国演义》《三遂平妖传》的创作，搜集整理关于梁山泊宋江等英雄人物的故事，最终写成“四大名著”之一的《水浒传》。施耐庵于元延祐元年（1314年）中秀才，泰定元年（1324年）中举人，至顺二年（1331年）登进士不久任浙江钱塘县尹。施耐庵故里江苏兴化新垛乡施家桥村有墓园、纪念馆，有《施氏家薄谱》存世。","{"生平":"《施氏家簿谱》等有关资料记载　　施耐庵本苏州人，据《施氏家簿谱》等有关资料记载，施耐庵，名彦端，系孔子门生七十二贤之一施之常后裔，父操舟为业，他13岁入浒墅关私塾就读，19岁中秀才，娶季氏为妻，29岁中举人，35岁与刘伯温同榜中进士，授任钱塘县事，因受不了达鲁花赤(官名)骄横专断，一年后愤而辞官归里，以授徒、著书自遣。施耐庵避战乱在兴化隐居写《水浒传》　　施耐庵因避战乱迁此隐居写《水浒传》。据民间口碑，张士诚起兵反元，在平江（苏州）称吴王，聘施耐庵为军师，后张士诚降元，施耐庵屡谏不从，因而弃官去江阴祝塘东林庵坐馆。朱元璋发兵围攻平江，战乱波及江阴，施耐庵想起先后曾任松江同知和嘉兴路同知的好友顾逖是兴化人。那里地方偏僻，四周环水，交通不便，一向有“自古昭阳 (兴化别名）好避兵”之说，于是特意差人给顾逖送去一封信，并附诗一首:　　年荒世乱走天涯，寻得阳山（指昭阳，即兴化）好住家。 　　愿辟草莱多种树，莫教李子结如瓜。（当时民谣:“李生黄瓜，民皆无家”）　　顾逖见信后，马上给施耐庵回信，欢迎他来兴化避难。信中也答诗一首:　　自江南来问津，相送一笑旧同寅。　　此间不是桃源境，何处桃源好避秦?把梁山108将刻画得淋漓尽致　　施耐庵接信后，将大弟彦明留在苏州原籍，带了续娶妻子申氏、二弟彦才和门人罗贯中，冒着烽烟，渡江北上，先在兴化顾逖家中暂住，而后由顾逖相助，在兴化以东人烟稀少的海滨白驹场购置了田地房产，在这里隐居著《水浒》，他结识了许多农夫和盐民，他们生活中的许多故事，成了他创作的素材，经过再创造，以惊人的艺术才能，将以宋江为首的梁山108将豪侠形象刻画得淋漓尽致。死后建施祠，不幸毁于抗日战火　　施耐庵死后，他的十二世孙施奠邦发起，将其在白驹镇上的故居改建为施氏宗祠。后来几经修复扩建，遂成前后三进，旁有偏殿之礼堂。第一进为门厅，内设茶坊；第二进为书坊，供艺人说《水浒》；第三进为福荫堂，供奉迁兴始祖施耐庵及其后裔的灵牌，每年春秋二季在此祭祖。施祠不幸毁于抗日战火。 ▲","介绍":""}","https://guwen-1252396323.cos.ap-chengdu.myqcloud.com/headImage/20180914153656223.jpg"
"杨显之","元代","杨显之，元代戏曲作家。大都（今北京）人，生卒生不详，约与关汉卿同时，与关汉卿为莫逆之交，常在一起讨论、推敲作品。杨善于对别人的作品提出中肯的意见，因被誉为“杨补丁“。在元初杂剧作家中，他年辈较长，有威望。散曲作家王元鼎尊他为师叔，他与艺人们来往也较密切，著名演员顺时秀称他为伯父。","{}",""
"王冕","元代","元代诗人、文学家、书法家、画家王冕，字元章，号煮石山农，浙江诸暨人。出身农家。幼年丧父，在秦家放牛，每天利用放牛的时间画荷花，晚至寺院长明灯下读书，学识深邃，能诗，青团墨梅。隐居九里山，以卖画为生。画梅以胭脂作梅花骨体，或花密枝繁，别具风格，亦善写竹石。兼能刻印，用花乳石作印材，相传是他始创。著有《竹斋集》《墨梅图题诗》等。","{"生平":""}","https://guwen-1252396323.cos.ap-chengdu.myqcloud.com/headImage/20180914153752094.jpg"
"赵孟頫","元代","赵孟頫（1254—1322），字子昂，号松雪，松雪道人，又号水精宫道人、鸥波，中年曾作孟俯，汉族，吴兴（今浙江湖州）人。元代著名画家，楷书四大家（欧阳询、颜真卿、柳公权、赵孟頫）之一。赵孟頫博学多才，能诗善文，懂经济，工书法，精绘艺，擅金石，通律吕，解鉴赏。特别是书法和绘画成就最高，开创元代新画风，被称为“元人冠冕”。他也善篆、隶、真、行、草书，尤以楷、行书著称于世。","{"绘画成就":"关键人物　　明人王世贞曾说：“文人画起自东坡，至松雪敞开大门。”这句话基本上客观地道出了赵孟頫在中国绘画史上的地位。无论是研究中国绘画史，还是研究中国文人画史，赵孟頫都是一个不可绕开的关键人物。如果说，唐宋绘画的意趣在于以文学化造境。那么，赵孟頫在其间起到了桥梁作用。如果说，元以前的文人画运动主要表现为舆论上的准备，元以后的文人画运动以其成功的实践逐步取代正规画而演为画坛的主流，那末，引发这种变化的巨擘仍是赵孟頫。承前启后　　作为一位变革转型时期承前启后的大家，赵孟頫有以下几方面突出的成就为前人所不及：　　一是他提出“作画贵有古意”的口号，扭转了北宋以来古风渐湮的画坛颓势，使绘画从工艳琐细之风转向质朴自然。　　二是他提出以“云山为师”的口号，强调了画家的写实基本功与实践技巧，克服“墨戏”的陋习。　　三是他提出“书画本来同”的口号，以书法入画，使绘画的文人气质更为浓烈，韵味变化增强。　　四是他提出“不假丹青笔，何以写远愁”的口号，以画寄意，使绘画的内在功能得到深化，涵盖更为广泛。　　五是他在人物、山水、花鸟、马兽诸画科皆有成就，画艺全面，并有创新。 　　六是他的绘画兼有诗、书、印之美，相得益彰。　　七是他在南北一统、蒙古族入主中原的政治形势下，吸收南北绘画之长，复兴中原传统画艺，维持并延续了其发展。　　八是他能团结包括高克恭、康里子山等在内的少数民族美术家，共同繁荣中华文化。审美标准　　综观赵孟頫的画迹，并结合其相关论述，可以知道，赵氏通过批评“近世”、倡导“古意”，从而确立了元代绘画艺术思维的审美标准。这个标准不仅体现在绘画上，而且也广泛地渗透于诗文、书法、篆刻等领域中。　　1.提倡古意　　历史上每遇沧桑变易之际，文化颇易失范，人们总是以史为鉴，从古代的启示中去寻找医时救弊的良方，如孔子的“克己复礼”、魏晋“竹林七贤”的返朴归真、唐宋的“古文运动”等，重视传统成为中国文化的特色之一。赵孟頫提倡“古意”的出发点亦不例外，他引晋唐为法鉴，批评南宋险怪霸悍和琐细浓艳之风；不仅如此，作为一位士大夫画家，他还一反北宋以来文人画的墨戏态度，这是十分可贵的。作为价值学原则，赵孟頫既维护了文人画的人格趣味，又摈弃了文人画的游戏态度；作为形态学原则，赵孟頫既创建文人特有的表现形式，又使之无愧于正规画的功力格法，并在绘画的各种画科中进行全面的实践，从而确立了文人画在画坛上成为正规画的地位。应该说，赵孟頫使职业正规画与业余文人画这两种原本对立或并行的绘画传统得以交流融汇，从此，一个以文人画家为主角，以建构文人画图式为主题的绘画新时代，拉开了序幕。　　2.转化　　应当特别指出，赵孟頫的山水画不但将钩斫和渲淡、丹青和水墨、重墨和重笔、师古和创新，乃至高逸的士夫气息与散逸的文人气息综合于一体，使“游观山水”向“抒情山水”转化；而且使造境与写意、诗意化与书法化在绘画中得到调和与融洽，为“元季四大家”（黄公望、王蒙、倪瓒、吴镇）那种以诗意化、书法化来抒发隐逸之情的逸格文人画的出现，奠定了坚实的基础。　　上述这些理论与实践，将赵孟頫推向了开元代绘画风气宗师的地位。弟子众多　　作为一代宗师，不仅他的友人高克恭、李仲宾，妻子管道升，儿子赵雍受到他的画艺影响，而且弟子唐棣、朱德润、陈琳、商琦、王渊、姚彦卿，外孙王蒙，乃至元末黄公望、倪瓒等都在不同程度上继承发扬了赵孟頫的美学观点，使元代文人画久盛不衰，在中国绘画史上写下了绮丽奇特的篇章。他与儿子赵雍、孙子赵麟都做《人马图》，称《三世人马图》，传为佳话，三幅画都流传至美国，由大都会博物馆收藏。书画诗印　　“先画后书此一纸，咫尺之间兼二美。”赵孟頫书画诗印四绝，当时就已名传中外，以至日本、印度人士都以珍藏他的作品为贵，为当时的中外文化交流作出了贡献。　　赵孟頫的书法作品中与道教有关者有《洛神赋》、《道德经》、《玄妙观重修三门记》等。画作名品甚多，关于道教内容的有《玄真观图》、《三教图》、《轩辕问道图》、《松石老子图》、《溪山仙馆图》等。又有《玄元十子图》，画道教人物关尹子、文子等十人像，并旁书小传。该作笔墨高古，元大德九年（1305年）路道通于杭州刻版印摹，后被收入明正统《道藏》。诗文风格和婉。兼工篆刻，以“圆珠文”著称。有《松雪斋集》。元延祐六年（1319年），得请南归于家乡。曾经入松江北道堂事道，道号道渊。 ▲"}","https://guwen-1252396323.cos.ap-chengdu.myqcloud.com/headImage/20180914153808208.jpg"
"张玉娘","元代","张玉娘，字若琼，自号一贞居士，松阳人。生于宋淳祐十年（公元1250年），卒于南宋景炎元年（公元1276年），仅活到27岁。她出生在仕宦家庭，曾祖父是淳熙八年进士，祖父做过登士郎。父亲曾任过提举官。她自幼饱学，敏慧绝伦，诗词尤得风人体。后人将她与李清照、朱淑贞、吴淑姬并称宋代四大女词人。","{"文学成就":"　　《兰雪集》共有诗117首，词16阕，作品虽然不多，但很有艺术成就。她的诗体裁多样，有绝、律、四言、六言等，且长于古风。题材和风格也迥然相异，既有清丽凄婉，感人至深的爱情悲唱，又有气势磅礴、壮怀激烈的爱国咏叹。《山之高》、《拜新月》、《卜归》、《古离别》、《川上女》、《玉蝴蝶·离情》等诗词寄托着思念、忠贞、哀愁。更可贵的是，玉娘虽身在闺中，但心驰千里。关心战乱时代国家和百姓的命运，写下了“凯歌乐府”四首，《塞上曲》、《王将军墓》、《咏史·谢东山》、《塞下曲》、《从军行》等慷慨激昂的诗篇，悲壮豪迈，全无闺中女子娇弱的气质，充分表达了张玉娘的爱国精神和民族气节。难怪朱古微刻《疆村丛书》时，还以为她是一个男子，竟不知她是巾帼词人呢。　　历代的有识之士很看重张玉娘的诗词和为人。早在元代，当时最负盛名的学者，诗人虞伯生读到《山之高》三章赞曰：“有三百篇（《诗经》）之风，虽《卷耳》、《虫草》不能过也！”读到“我操冰雪洁”句时赞：“真贞女也，才女也！”当读到《暮春夜思》末句“此景谁相问，飞萤入绣床”时，拍案道：“此岂妇人所及！”；现代著名词学家唐圭璋教授在三十年代所写的《宋代女词人张玉娘——“鹦鹉冢”故事的来源》中写道：“谁也知道，宋代女词人，有李易安（李清照）、朱淑真、魏夫人、吴淑姬这一班人。可是很少人知道，宋代还有一位女词人张玉娘，足以和她们分庭抗礼呢！……她短促的身世，比李易安、朱淑贞更为悲惨。李易安是悼念伉俪，朱淑贞是哀伤所遇，而她则是有情人不能成眷属，含恨千古。……她这种贞孝的大节，不独超过寻常百姓，便是李易安，朱淑真也还逊一筹呢！”他大声疾呼：“一般文学史家，应该留出一点篇幅，叙述这已经隐埋了六百多年的女作家。”现代词学家谭正璧在其编著的《中国女性文学史》中写道：“宋代女词人以地位著名的，有魏夫人和孙夫人。以作品著作著名的，有李清照、朱淑真、吴淑姬、张玉娘被称为四大词家”。陶秋英教授在她的《中国妇女与文学》一书中有言：“玉娘的诗，绝少闺阁气，她最擅长于古风，简直没有一首不显露一幅好图画呢！而女子长于古风，也是一个特点。……她的词也很好，虽不十分多，差不多首首都好。”现代戏曲史家赵景深教授称张玉娘故事为“一出希腊式的大悲剧”。 ▲"}","https://guwen-1252396323.cos.ap-chengdu.myqcloud.com/headImage/20180914153819676.jpg"
"李齐贤","元代","李齐贤（1288—1367），字仲思，号益斋、栎翁，谥号文忠公。韩国古代“三大诗人”之一。不但是高丽时期卓越的诗人，也是韩国文学史上优秀的词作家，还是韩国古代民歌整理者、翻译家。著作有《益斋乱稿》（10卷）、《栎翁稗说》（4卷）、《益斋长短句》等。","{}","https://guwen-1252396323.cos.ap-chengdu.myqcloud.com/headImage/20180914153827733.jpg"
"任昱","元代","任昱，字则明，四明（今浙江宁波市）人。与张可久、曹明善为同时代人，少时好狎游，一生不仕。所作散曲小令在歌妓中传唱广泛。其作品《闲居》有“结庐移石动云根，不受红尘”、《隐居》有“不顺俗，不妄图，清高风度”等句，知其为足迹往来于苏、杭的一位“布衣”。","{}",""
"严忠济","元代","","",""
"叶颙","元代","","",""
"许有壬","元代","","",""
"刘鹗","元代","","",""
"郭钰","元代","","",""
"梁寅","元代","","",""
"袁桷","元代","","",""
"丁复","元代","","",""
"钱惟善","元代","","",""
"王哲","元代","","",""
"谢应芳","元代","","",""
"钟嗣成","元代","","",""
"张仲深","元代","","",""
"凌云翰","元代","","",""
"耶律楚材","元代","","",""
"杨弘道","元代","","",""
"邓文原","元代","","",""
"刘志渊","元代","","",""
"马臻","元代","","",""
"滕斌","元代","","",""
"欧阳玄","元代","","",""
"张昱","元代","","",""
"郭翼","元代","","",""
"陶宗仪","元代","","",""
"黄溍","元代","","",""
"钱宰","元代","","",""
"方行","元代","","",""
"成廷圭","元代","","",""
"陈高","元代","","",""
"刘永之","元代","","",""
"陈谟","元代","","",""
"唐桂芳","元代","","",""
"尹志平","元代","","",""
"行端","元代","","",""
"王丹桂","元代","","",""
"周霆震","元代","","",""
"程文海","元代","","",""
"郑玉","元代","","",""
"郑元祐","元代","","",""
"刘诜","元代","","",""
"于立","元代","","",""
"耶律铸","元代","","",""
"乃贤","元代","","",""
"黄玠","元代","","",""
"曹伯启","元代","","",""
"姬翼","元代","","",""
"郯韶","元代","","",""
"蓝仁","元代","","",""
"范梈","元代","","",""
"李延兴","元代","","",""
"赵善庆","元代","","",""
"郝经","元代","","",""
"朱庸","元代","","",""
"周权","元代","","",""
"尹廷高","元代","","",""
"陈镒","元代","","",""
"陈肃","元代","","",""
"曹文晦","元代","","",""
"陈旅","元代","","",""
"张野","元代","","",""
"吴当","元代","","",""
"赵汸","元代","","",""
"周巽","元代","","",""
"泰不华","元代","","",""
"陆仁","元代","","",""
"同恕","元代","","",""
"许谦","元代","","",""
"岑安卿","元代","","",""
"吴景奎","元代","","",""
"吾丘衍","元代","","",""
"吕诚","元代","","",""
"胡助","元代","","",""
"高道宽","元代","","",""
"陈樵","元代","","",""
"善住","元代","","",""
"宋＊","元代","","",""
"乌贝勒图","元代","","",""
"柳贯","元代","","",""
"陈基","元代","","",""
"丁鹤年","元代","","",""
"何中","元代","","",""
"袁易","元代","","",""
"张简","元代","","",""
"陈秀民","元代","","",""
"马钰","元代","","",""
"马祖常","元代","","",""
"房皞","元代","","",""
"胡天游","元代","","",""
"赵孟＊","元代","","",""
"胡妙端","元代","","",""
"吴全节","元代","","",""
"王逢","元代","","",""
"贡师泰","元代","","",""
"黄复圭","元代","","",""
"陈雷","元代","","",""
"黄清老","元代","","",""
"周伯琦","元代","","",""
"袁士元","元代","","",""
"瞿智","元代","","",""
"许衡","元代","","",""
"卞思义","元代","","",""
"刘麟瑞","元代","","",""
"刘庭信","元代","","",""
"廖大圭","元代","","",""
"华幼武","元代","","",""
"潘伯脩","元代","","",""
"马需庵","元代","","",""
"梵琦","元代","","",""
"卢琦","元代","","",""
"揭祐民","元代","","",""
"黄伯旸","元代","","",""
"姚燧","元代","","",""
"王佐","元代","","",""
"王吉昌","元代","","",""
"王处一","元代","","",""
"谭处端","元代","","",""
"王沂","元代","","",""
"吴讷","元代","","",""
"余阙","元代","","",""
"王懋德","元代","","",""
"马致远","元代","","",""
"白朴","元代","","",""
"王冕","元代","","",""
"张养浩","元代","","",""
"贝琼","元代","","",""
"徐再思","元代","","",""
"唐珙","元代","","",""
"朱庭玉","元代","","",""
"王庭筠","元代","","",""
"张可久","元代","","",""
"卢挚","元代","","",""
"周德清","元代","","",""
"关汉卿","元代","","",""
"施耐庵","元代","","",""
"宋方壶","元代","","",""
"揭傒斯","元代","","",""
"张雨","元代","","",""
"罗志仁","元代","","",""
"贡奎","元代","","",""
"宋濂","元代","","",""
"杨显之","元代","","",""
"冯子振","元代","","",""
"杨维桢","元代","","",""
"明本","元代","","",""
"李孝光","元代","","",""
"王恽","元代","","",""
"李齐贤","元代","","",""
"赵孟頫","元代","","",""
"蓝智","元代","","",""
"刘基","元代","","",""
"虞集","元代","","",""
"戴良","元代","","",""
"李道纯","元代","","",""
"张玉娘","元代","","",""
"徐贲","元代","","",""
"张翥","元代","","",""
"丘处机","元代","","",""
"曹之谦","元代","","",""
"沈禧","元代","","",""
"萨都剌","元代","","",""
"杨载","元代","","",""
"黄镇成","元代","","",""
"刘敏中","元代","","",""
"王祎","元代","","",""
"王翰","元代","","",""
"宋褧","元代","","",""
"元好问","元代","","",""
"张羽","元代","","",""
"贯云石","元代","","",""
"王寂","元代","","",""
"陈孚","元代","","",""
"李裕","元代","","",""
"任昱","元代","","",""
"张弘范","元代","","",""
"刘因","元代","","",""
"景元启","元代","","",""
"朱晞颜","元代","","",""
"潘纯","元代","","",""
"元婴","元代","","",""
"元文宗","元代","","",""
"吴西逸","元代","","",""
"元振","元代","","",""
"云章真人","元代","","",""
"元佐","元代","","",""
"元方","元代","","",""
"元恺","元代","","",""
"元圭","元代","","",""
"李泂","元代","","",""
"元吉","元代","","",""
"元量","元代","","",""
"元晋","元代","","",""
"元美","元代","","",""
"元顺帝","元代","","",""
"宋无","元代","","",""
"宋沂","元代","","",""
"李昌辰","元代","","",""
"黄公望","元代","","",""
"顺帝","元代","","",""
"杨椿","元代","","",""
"傅若金","元代","","",""
"顾佐","元代","","",""
"吴澄","元代","","",""
"元茂","元代","","",""
"元龙","元代","","",""
"元公","元代","","",""
"元仲","元代","","",""
"陈天锡","元代","","",""
"元之","元代","","",""
"元昭","元代","","",""
"黎伯元","元代","","",""
"元简","元代","","",""
"吴潜","元代","","",""
"三于真人","元代","","",""
"兀颜思忠","元代","","",""
"无名氏","元代","","",""
"邦哲","元代","","",""
"纸舟先生","元代","","",""
"耶律履","元代","","",""
"契玉立","元代","","",""
"觉达","元代","","",""
"珠帘秀","元代","","",""
"惟则","元代","","",""
"奥敦周卿","元代","","",""
"雅琥","元代","","",""
"卫立中","元代","","",""
"卫德辰","元代","","",""
"卫德嘉","元代","","",""
"山主","元代","","",""
"马熙","元代","","",""
"云阳子","元代","","",""
"仆散汝弼","元代","","",""
"元卿","元代","","",""
"元淮","元代","","",""
"元遗山","元代","","",""
"方澜","元代","","",""
"牛真人","元代","","",""
"王士熙","元代","","",""
"王元鼎","元代","","",""
"王礼","元代","","",""
"王旭","元代","","",""
"王伯成","元代","","",""
"王志谨","元代","","",""
"王和卿","元代","","",""
"王国器","元代","","",""
"王实甫","元代","","",""
"王玠","元代","","",""
"王结","元代","","",""
"王容溪","元代","","",""
"王铉","元代","","",""
"王鉴","元代","","",""
"王梦麟","元代","","",""
"王鼎","元代","","",""
"王蒙","元代","","",""
"王瞒","元代","","",""
"邓玉宾","元代","","",""
"长筌子","元代","","",""
"冯尊师","元代","","",""
"卢浩","元代","","",""
"史药房","元代","","",""
"叶森","元代","","",""
"叶衡","元代","","",""
"玄悟玉","元代","","",""
"田锡","元代","","",""
"白云山翁","元代","","",""
"白华","元代","","",""
"白贲","元代","","",""
"石岩","元代","","",""
"龙仁夫","元代","","",""
"乔吉","元代","","",""
"仲璋","元代","","",""
"刘云震","元代","","",""
"刘元","元代","","",""
"刘处玄","元代","","",""
"刘则梅","元代","","",""
"刘忠之","元代","","",""
"刘秉忠","元代","","",""
"刘致","元代","","",""
"刘铁冠","元代","","",""
"刘燕哥","元代","","",""
"吕思诚","元代","","",""
"吕济民","元代","","",""
"孙不二","元代","","",""
"孙周卿","元代","","",""
"孙景文","元代","","",""
"守常","元代","","",""
"安熙","元代","","",""
"朱思本","元代","","",""
"朱德润","元代","","",""
"汤弥昌","元代","","",""
"竹月道人","元代","","",""
"许有孚","元代","","",""
"许恕","元代","","",""
"许桢","元代","","",""
"邢具瞻","元代","","",""
"伯颜","元代","","",""
"何可视","元代","","",""
"何守谦","元代","","",""
"何继高","元代","","",""
"何景福","元代","","",""
"魏初","元代","","",""
"吴氏女","元代","","",""
"吴存","元代","","",""
"吴师道","元代","","",""
"吴真人","元代","","",""
"吴莱","元代","","",""
"吴镇","元代","","",""
"吴瓘","元代","","",""
"宋本","元代","","",""
"宋远","元代","","",""
"宋德方","元代","","",""
"完颜亮","元代","","",""
"完颜雍","元代","","",""
"完颜璟","元代","","",""
"张之翰","元代","","",""
"张伯淳","元代","","",""
"张鸣善","元代","","",""
"张逊","元代","","",""
"张楫","元代","","",""
"张□","元代","","",""
"李仁山","元代","","",""
"李天翼","元代","","",""
"李序","元代","","",""
"李材","元代","","",""
"李庭","元代","","",""
"李真人","元代","","",""
"李致远","元代","","",""
"李德基","元代","","",""
"杜仁杰","元代","","",""
"束从周","元代","","",""
"杨云鹏","元代","","",""
"杨立斋","元代","","",""
"杨真人","元代","","",""
"杨朝英","元代","","",""
"汪泽民","元代","","",""
"汪珍","元代","","",""
"汪斌","元代","","",""
"沈景高","元代","","",""
"苏大年","元代","","",""
"贡性之","元代","","",""
"阿里西瑛","元代","","",""
"阿里耀卿","元代","","",""
"阿鲁威","元代","","",""
"陆行直","元代","","",""
"陆承孙","元代","","",""
"陆祖允","元代","","",""
"陆留","元代","","",""
"陈参政","元代","","",""
"陈栎","元代","","",""
"陈草庵","元代","","",""
"陈益之","元代","","",""
"陈德永","元代","","",""
"周文质","元代","","",""
"周玉晨","元代","","",""
"周驰","元代","","",""
"周砥","元代","","",""
"周景","元代","","",""
"岳瑜","元代","","",""
"林辕","元代","","",""
"欧阳龙生","元代","","",""
"牧常晁","元代","","",""
"罗庆","元代","","",""
"苗善时","元代","","",""
"范真人","元代","","",""
"郑子聃","元代","","",""
"郑光祖","元代","","",""
"郑禧","元代","","",""
"郑黻","元代","","",""
"金炯","元代","","",""
"侯善渊","元代","","",""
"俞和","元代","","",""
"俞俊","元代","","",""
"姜彧","元代","","",""
"施可道","元代","","",""
"查德卿","元代","","",""
"柯九思","元代","","",""
"洪希文","元代","","",""
"洪翼","元代","","",""
"胡绍开","元代","","",""
"胡炳文","元代","","",""
"胡祗遹","元代","","",""
"赵由俊","元代","","",""
"赵若秀","元代","","",""
"赵显宏","元代","","",""
"赵禹圭","元代","","",""
"赵雍","元代","","",""
"郝大通","元代","","",""
"郝贞","元代","","",""
"徐逊","元代","","",""
"殷恕","元代","","",""
"爱山","元代","","",""
"盍志学","元代","","",""
"贾策","元代","","",""
"郭天锡","元代","","",""
"郭麟孙","元代","","",""
"钱应庚","元代","","",""
"钱霖","元代","","",""
"顾从礼","元代","","",""
"顾阿瑛","元代","","",""
"高氏","元代","","",""
"高永","元代","","",""
"高克礼","元代","","",""
"高克恭","元代","","",""
"高宪","元代","","",""
"商挺","元代","","",""
"曹方父","元代","","",""
"曹光辅","元代","","",""
"曹居一","元代","","",""
"曹明善","元代","","",""
"梁曾","元代","","",""
"梅之焕","元代","","",""
"章凯","元代","","",""
"萧烈","元代","","",""
"萧斞","元代","","",""
"麻革","元代","","",""
"黄澄","元代","","",""
"傅按察","元代","","",""
"彭炳","元代","","",""
"智久","元代","","",""
"程钜夫","元代","","",""
"舒逊","元代","","",""
"谢宗可","元代","","",""
"谢醉庵","元代","","",""
"韩性","元代","","",""
"韩奕","元代","","",""
"廉希宪","元代","","",""
"蒲道源","元代","","",""
"虞荐发","元代","","",""
"詹仲举","元代","","",""
"管道升","元代","","",""
"鲜于枢","元代","","",""
"冀国公主","元代","","",""
"燕公楠","元代","","",""
"薛兰英、蕙英","元代","","",""
"薛汉","元代","","",""
"薛昂夫","元代","","",""
"张田","元代","","",""
"顺帝太子","元代","","",""
"沈性","元代","","",""
"严恭","元代","","",""
"曹妙清","元代","","",""
"瞿士衡","元代","","",""
"马麟","元代","","",""
"沈右","元代","","",""
"曾朴","元代","","",""
"陈宜甫","元代","","",""
"杨翮","元代","","",""
"汪克宽","元代","","",""
"李质","元代","","",""
"释英","元代","","",""
"陆居仁","元代","","",""
"吕鲲","元代","","",""
"李费","元代","","",""
"沙可学","元代","","",""
"李存","元代","","",""
"钱岳","元代","","",""
"孔从善","元代","","",""
"张天英","元代","","",""
"熊梦祥","元代","","",""
"卫仁近","元代","","",""
"文质","元代","","",""
"张渥","元代","","",""
"姚文奂","元代","","",""
"李瓒","元代","","",""
"耶律季天","元代","","",""
"顾盟","元代","","",""
"王畛","元代","","",""
"吉雅谟丁","元代","","",""
"爱理沙","元代","","",""
"刘祁","元代","","",""
"元基","元代","","",""
"元忠","元代","","",""
"陈牧隐","元代","","",""
"杨宗瑞","元代","","",""
"元瀚","元代","","",""
"杨鹏","元代","","",""
"陈泰","元代","","",""
"洪焱祖","元代","","",""
"苏天爵","元代","","",""
"李士瞻","元代","","",""
"元璧","元代","","",""
"元阳","元代","","",""
"李鼎","元代","","",""
"王磐","元代","","",""
"司马九皋","元代","","",""
"徐失名","元代","","",""
"汪梅溪","元代","","",""
"陈植","元代","","",""
"袁泰","元代","","",""
"萧国宝","元代","","",""
"刘秉恕","元代","","",""
"赵奕","元代","","",""
"袁裒","元代","","",""
"杜本","元代","","",""
"赵偕","元代","","",""
"张端","元代","","",""
"杨允孚","元代","","",""
"潘音","元代","","",""
"圆至","元代","","",""
"大欣","元代","","",""
"清珙","元代","","",""
"至仁","元代","","",""
"孙蕙兰","元代","","",""
"郑允端","元代","","",""
"陈益稷","元代","","",""
"段辅","元代","","",""
"胡长孺","元代","","",""
"元桂","元代","","",""
"姚公枢","元代","","",""
"张圭","元代","","",""
"徐世隆","元代","","",""
"郭昂","元代","","",""
"孛朮鲁翀","元代","","",""
"李孟","元代","","",""
"元明善","元代","","",""
"陈思济","元代","","",""
"卢亘","元代","","",""
"李京","元代","","",""
"文矩","元代","","",""
"任士林","元代","","",""
"何失","元代","","",""
"王士点","元代","","",""
"甘立","元代","","",""
"陈柏","元代","","",""
"王祯","元代","","",""
"郭豫亨","元代","","",""
"伯颜（子中","元代","","",""
"舒远","元代","","",""
"吴海","元代","","",""
"薛玄曦","元代","","",""
"黄石翁","元代","","",""
"查居广","元代","","",""
"祖铭","元代","","",""
"栯堂","元代","","",""
"宗衍","元代","","",""
"张宇","元代","","",""
"陈赓","元代","","",""
"陈庚","元代","","",""
"杜瑛","元代","","",""
"刘将孙","元代","","",""
"王圭","元代","","",""
"王璋","元代","","",""
"王虎臣","元代","","",""
"李溥光","元代","","",""
"聂古柏","元代","","",""
"张起岩","元代","","",""
"王士元","元代","","",""
"曹元用","元代","","",""
"刘濩","元代","","",""
"项炯","元代","","",""
"李贯道","元代","","",""
"王都中","元代","","",""
"王畦","元代","","",""
"干文传","元代","","",""
"王艮","元代","","",""
"林泉生","元代","","",""
"李源道","元代","","",""
"杨敬德","元代","","",""
"陈阳至","元代","","",""
"陈阳盈","元代","","",""
"陈阳复","元代","","",""
"陈阳纯","元代","","",""
"陈阳极","元代","","",""
"钱良右","元代","","",""
"倪道原","元代","","",""
"月鲁不花","元代","","",""
"汪用敬","元代","","",""
"陈谦","元代","","",""
"宇文公谅","元代","","",""
"刘汶","元代","","",""
"刘闻","元代","","",""
"契哲笃","元代","","",""
"屠性","元代","","",""
"陈方","元代","","",""
"郑东","元代","","",""
"郑采","元代","","",""
"李元圭","元代","","",""
"陆友","元代","","",""
"彭罙","元代","","",""
"罗蒙正","元代","","",""
"俞远","元代","","",""
"郑守仁","元代","","",""
"祖柏","元代","","",""
"本诚","元代","","",""
"子贤","元代","","",""
"黎崱","元代","","",""
"元老","元代","","",""
"元干","元代","","",""
"元龟","元代","","",""
"元华","元代","","",""
"元镛","元代","","",""
"元日","元代","","",""
"元夕","元代","","",""
"商左山","元代","","",""
"李冶","元代","","",""
"崔斌","元代","","",""
"高鸣","元代","","",""
"石国英","元代","","",""
"徐琬","元代","","",""
"阎复","元代","","",""
"王思廉","元代","","",""
"王宥","元代","","",""
"信世昌","元代","","",""
"陈伯通","元代","","",""
"耶律柳溪","元代","","",""
"员炎","元代","","",""
"撖降","元代","","",""
"郑云表","元代","","",""
"方存心","元代","","",""
"叶梅峤","元代","","",""
"许古清","元代","","",""
"董恢","元代","","",""
"杜伯高","元代","","",""
"许献臣","元代","","",""
"叶林","元代","","",""
"傅定保","元代","","",""
"洪德章","元代","","",""
"赵棠","元代","","",""
"刘汝钧","元代","","",""
"翁合老","元代","","",""
"赵必范","元代","","",""
"陈君用","元代","","",""
"刘应龟","元代","","",""
"刘存行","元代","","",""
"傅宣山","元代","","",""
"柳耆","元代","","",""
"俞如山","元代","","",""
"翁自适","元代","","",""
"郭建德","元代","","",""
"骆侕宾","元代","","",""
"陈帝臣","元代","","",""
"俞野山","元代","","",""
"傅九万","元代","","",""
"章彬","元代","","",""
"熊朋来","元代","","",""
"倪南杰","元代","","",""
"黄泰亨","元代","","",""
"张瑛","元代","","",""
"俞伯奇","元代","","",""
"鲁仕能","元代","","",""
"吴釿","元代","","",""
"李应春","元代","","",""
"罗太岊","元代","","",""
"林清","元代","","",""
"陈俨","元代","","",""
"方夔","元代","","",""
"刘彦章","元代","","",""
"张观光","元代","","",""
"徐明善","元代","","",""
"艾性夫","元代","","",""
"姚式","元代","","",""
"邓榆","元代","","",""
"李淦","元代","","",""
"戴天锡","元代","","",""
"盛彪","元代","","",""
"邓椿","元代","","",""
"王克敬","元代","","",""
"谢文质海牙","元代","","",""
"范玉壶","元代","","",""
"吴元德","元代","","",""
"张菊存","元代","","",""
"汪炎昶","元代","","",""
"陈森","元代","","",""
"段天祐","元代","","",""
"赵由侪","元代","","",""
"孙辙","元代","","",""
"郭道卿","元代","","",""
"林以辨","元代","","",""
"王振鹏","元代","","",""
"吴彬","元代","","",""
"许晋孙","元代","","",""
"何贞立","元代","","",""
"赵恒","元代","","",""
"陆焕然","元代","","",""
"胡井表","元代","","",""
"应梦虎","元代","","",""
"洪震老","元代","","",""
"辛钧","元代","","",""
"陈绎曾","元代","","",""
"张翔","元代","","",""
"吕权","元代","","",""
"刘子郁","元代","","",""
"黄敏","元代","","",""
"汪子才","元代","","",""
"徐天赉","元代","","",""
"沈君清","元代","","",""
"三宝柱","元代","","",""
"李好文","元代","","",""
"夏溥","元代","","",""
"孙凤洲","元代","","",""
"傅子建","元代","","",""
"黄裳","元代","","",""
"张仲容","元代","","",""
"廖毅","元代","","",""
"李黼","元代","","",""
"胡善","元代","","",""
"朱仲明","元代","","",""
"杨得禄","元代","","",""
"汪志坚","元代","","",""
"胡元罙","元代","","",""
"程维岩","元代","","",""
"胡祥","元代","","",""
"焦文烱","元代","","",""
"斡玉伦都","元代","","",""
"杨瑀","元代","","",""
"赫德尔","元代","","",""
"何正","元代","","",""
"陈楚春","元代","","",""
"蔡廷秀","元代","","",""
"李介石","元代","","",""
"樊执敬","元代","","",""
"石抹宜孙","元代","","",""
"鲁至道","元代","","",""
"濮彦仁","元代","","",""
"朱守谅","元代","","",""
"黄德广","元代","","",""
"申屠駉","元代","","",""
"僧家奴","元代","","",""
"奥鲁赤","元代","","",""
"孔皖","元代","","",""
"吴师尹","元代","","",""
"方子京","元代","","",""
"周志远","元代","","",""
"钱云","元代","","",""
"杨谦","元代","","",""
"沈良","元代","","",""
"张监","元代","","",""
"沈廷圭","元代","","",""
"钟虞","元代","","",""
"何恒","元代","","",""
"石宇","元代","","",""
"黄仲瑶","元代","","",""
"邓资深","元代","","",""
"倪维哲","元代","","",""
"赵次进","元代","","",""
"金灏","元代","","",""
"叶广居","元代","","",""
"吴复","元代","","",""
"胡布","元代","","",""
"王士毅","元代","","",""
"朱子范","元代","","",""
"沈贵","元代","","",""
"周必达","元代","","",""
"陈德载","元代","","",""
"程从龙","元代","","",""
"韩友直","元代","","",""
"潘时雍","元代","","",""
"顾素","元代","","",""
"沈贞","元代","","",""
"韩介玉","元代","","",""
"程渠南","元代","","",""
"鲁琪琳","元代","","",""
"高志道","元代","","",""
"陈乾富","元代","","",""
"陈孔彦","元代","","",""
"陵希惠","元代","","",""
"施坦","元代","","",""
"熊不易","元代","","",""
"朱得先","元代","","",""
"师晦文","元代","","",""
"胡晋","元代","","",""
"何致中","元代","","",""
"汪士深","元代","","",""
"刘得之","元代","","",""
"梅德明","元代","","",""
"吴锳","元代","","",""
"缪思恭","元代","","",""
"唐朝","元代","","",""
"林彦华","元代","","",""
"程彦明","元代","","",""
"李子飞","元代","","",""
"丁守中","元代","","",""
"吴漳","元代","","",""
"王东","元代","","",""
"李廷臣","元代","","",""
"余寅","元代","","",""
"陆侗","元代","","",""
"赵觐","元代","","",""
"韩壁","元代","","",""
"唐奎","元代","","",""
"涂守约","元代","","",""
"康瑞","元代","","",""
"朱彬","元代","","",""
"陈枢","元代","","",""
"马贯","元代","","",""
"不花帖木儿","元代","","",""
"掌机沙","元代","","",""
"聂镛","元代","","",""
"郭庸","元代","","",""
"熊进德","元代","","",""
"韦圭","元代","","",""
"吴礼","元代","","",""
"张守中","元代","","",""
"林谏","元代","","",""
"邓定","元代","","",""
"董旭","元代","","",""
"黄文德","元代","","",""
"林世济","元代","","",""
"陈思","元代","","",""
"吴敬夫","元代","","",""
"吕玄英","元代","","",""
"周南","元代","","",""
"张翼","元代","","",""
"鲁渊","元代","","",""
"张思孝","元代","","",""
"邓雅","元代","","",""
"卞元亨","元代","","",""
"谢理","元代","","",""
"王霖","元代","","",""
"诸絅","元代","","",""
"徐昭文","元代","","",""
"郑彝","元代","","",""
"张溥","元代","","",""
"吴彻","元代","","",""
"芝麻李","元代","","",""
"西昌寇","元代","","",""
"白君举","元代","","",""
"赵复","元代","","",""
"林景熙","元代","","",""
"谢翱","元代","","",""
"郑思肖","元代","","",""
"刘应凤","元代","","",""
"高晞远","元代","","",""
"李珏","元代","","",""
"林月香","元代","","",""
"莫崙","元代","","",""
"金方所","元代","","",""
"项平父","元代","","",""
"于演","元代","","",""
"李宗冽","元代","","",""
"徐孟岳","元代","","",""
"吴仁叔","元代","","",""
"吴伯庆","元代","","",""
"杨鹏翼","元代","","",""
"张明","元代","","",""
"侯友彰","元代","","",""
"何有成","元代","","",""
"刘渊","元代","","",""
"郭正平","元代","","",""
"文若","元代","","",""
"李明中","元代","","",""
"张孟","元代","","",""
"张起","元代","","",""
"靼鞑哑","元代","","",""
"王元粹","元代","","",""
"聂碧窗","元代","","",""
"梁大柱","元代","","",""
"李道坦","元代","","",""
"王与敬","元代","","",""
"彭日隆","元代","","",""
"邹复雷","元代","","",""
"富恕","元代","","",""
"方从义","元代","","",""
"子温","元代","","",""
"有规","元代","","",""
"德丰","元代","","",""
"炳同","元代","","",""
"净权","元代","","",""
"存诚","元代","","",""
"了慧","元代","","",""
"有在","元代","","",""
"溥光","元代","","",""
"与恭","元代","","",""
"觉恩","元代","","",""
"一初","元代","","",""
"广漩","元代","","",""
"寿宁","元代","","",""
"若舟","元代","","",""
"文信","元代","","",""
"至刚","元代","","",""
"瞻","元代","","",""
"辨才","元代","","",""
"普惠","元代","","",""
"椿","元代","","",""
"良震","元代","","",""
"照","元代","","",""
"自悦","元代","","",""
"如阜","元代","","",""
"福报","元代","","",""
"宁","元代","","",""
"实","元代","","",""
"回","元代","","",""
"明","元代","","",""
"清浚","元代","","",""
"越僧","元代","","",""
"禅僧","元代","","",""
"游僧","元代","","",""
"无名僧","元代","","",""
"骆妃","元代","","",""
"程一宁","元代","","",""
"凝香儿","元代","","",""
"顺帝宫人","元代","","",""
"耶律夫人","元代","","",""
"张阿庆","元代","","",""
"管道杲","元代","","",""
"万俟蕙柔","元代","","",""
"杜氏妇","元代","","",""
"刘氏","元代","","",""
"陆蕙奴","元代","","",""
"王娇红","元代","","",""
"余氏","元代","","",""
"吴氏","元代","","",""
"韩氏","元代","","",""
"李氏","元代","","",""
"万氏","元代","","",""
"盛贞一","元代","","",""
"赵氏","元代","","",""
"陈氏","元代","","",""
"范秋蟾","元代","","",""
"贾蓬莱","元代","","",""
"赵鸾鸾","元代","","",""
"刘翠翠","元代","","",""
"旷家妇","元代","","",""
"徐綵鸾","元代","","",""
"何氏","元代","","",""
"董淑贞","元代","","",""
"元氏","元代","","",""
"妙湛","元代","","",""
"梅花尼","元代","","",""
"徐氏","元代","","",""
"罗爱卿","元代","","",""
"暨氏","元代","","",""
"阿?主","元代","","",""
"杨渊海","元代","","",""
"段宝","元代","","",""
"段僧奴","元代","","",""
"段明","元代","","",""
"陈日照","元代","","",""
"陈日烜","元代","","",""
"陈日焌","元代","","",""
"陈日煃","元代","","",""
"世子","元代","","",""
"陈遂","元代","","",""
"陈秀峻","元代","","",""
"陈元旦","元代","","",""
"陈爱山","元代","","",""
"黎括","元代","","",""
"范迈","元代","","",""
"阮忠彦","元代","","",""
"阮圣训","元代","","",""
"范五老","元代","","",""
"圆照","元代","","",""
"郑可臣","元代","","",""
"柳淑","元代","","",""
"北客","元代","","",""
"何公","元代","","",""
"无机老农","元代","","",""
"子问","元代","","",""
"田农夫","元代","","",""
"唐人机轴","元代","","",""
"忘怀老人","元代","","",""
"五云山人","元代","","",""
"老农","元代","","",""
"石姥寄客","元代","","",""
"双涧","元代","","",""
"云水","元代","","",""
"白云人","元代","","",""
"跨犊者","元代","","",""
"缺名","元代","","",""
"山野人","元代","","",""
"盘隐末子","元代","","",""
"扶杖夫","元代","","",""
"廷云","元代","","",""
"晚静","元代","","",""
"竹蓑笠翁","元代","","",""
"蓝田道人","元代","","",""
"才人","元代","","",""
"翁某","元代","","",""
"镇江郡人","元代","","",""
"康衢遗民","元代","","",""
"郊居生","元代","","",""
"白县尹","元代","","",""
"朽木居士","元代","","",""
"张某","元代","","",""
"某神童","元代","","",""
"无名子","元代","","",""
"马巫父","元代","","",""
"三茅吴真人","元代","","",""
"郑文选","元代","","",""
"张君有","元代","","",""
"王大圭","元代","","",""
"翠华仙伯","元代","","",""
"赵静斋","元代","","",""
"独乐园主","元代","","",""
"密兰沙","元代","","",""
"忠烈祠神","元代","","",""
"羽客","元代","","",""
"悬葫芦仙诗","元代","","",""
"卫芳华鬼","元代","","",""
"郑婉娥鬼","元代","","",""
"华亭二生","元代","","",""
"大涤洞天仙人","元代","","",""
"酸斋仙客","元代","","",""
"元章","元代","","",""
"元濲","元代","","",""
"罗天与","元代","","",""
"潘升","元代","","",""
"何芝凤","元代","","",""
"黄甲登","元代","","",""
"李璞","元代","","",""
"缙山辛某","元代","","",""
"王显德","元代","","",""
"赵鼎","元代","","",""
"区子美","元代","","",""
"区子复","元代","","",""
"李梅国","元代","","",""
"梁兼善","元代","","",""
"徐朝直","元代","","",""
"赵孟杰","元代","","",""
"龚焕文","元代","","",""
"吴朝进","元代","","",""
"刘应雄","元代","","",""
"吴正卿","元代","","",""
"梁全","元代","","",""
"王景贤","元代","","",""
"李震器","元代","","",""
"杨仲玉","元代","","",""
"释明颜","元代","","",""
"释大心","元代","","",""
"释月林","元代","","",""
"蒲里翰","元代","","",""
"观音奴","元代","","",""
"李仙","元代","","",""
"赵嗣焕","元代","","",""
"佚名","元代","","",""
"戴元","元代","","",""
"梁伯谦","元代","","",""
"程文表","元代","","",""
"梁士楚","元代","","",""
"陈颖庆","元代","","",""
"黄仲翁","元代","","",""
"麦澄","元代","","",""
"戴希文","元代","","",""
"戴次胄","元代","","",""
"赵光国","元代","","",""
"梁信","元代","","",""
"梁旷宗","元代","","",""
"陈野仙","元代","","",""
"陈与言","元代","","",""
"陈文瑶","元代","","",""
"张文斋","元代","","",""
"袁德裕","元代","","",""
"马桂逊","元代","","",""
"张撝","元代","","",""
"葛道人","元代","","",""
"陈大娘","元代","","",""
"梁彦明","元代","","",""
"郭贞顺","元代","","",""
"张智甫","元代","","",""
"洪必元","元代","","",""
"黄惟贤","元代","","",""
"黄益","元代","","",""
"莫肃震","元代","","",""
"张彦谦","元代","","",""
"马德龙","元代","","",""
"林宗山","元代","","",""
"蔡尽忠","元代","","",""
"施昌祚","元代","","",""
"泰圃华","元代","","",""
"黄子长","元代","","",""
"何真","元代","","",""
"张守忠","元代","","",""
"李穆","元代","","",""
"萧至善","元代","","",""
"邓仕均","元代","","",""
"冯德纯","元代","","",""
"元亮","元代","","",""
"元熙","元代","","",""
"元善","元代","","",""
"郭居敬","元代","","",""
"王介夫","元代","","",""
"李简","元代","","",""
"盛熙明","元代","","",""
"欧阳元","元代","","",""
"陆景龙","元代","","",""
"范致大","元代","","",""
"陈颢","元代","","",""
"瞿佑","元代","","",""
"徐宪","元代","","",""
"尤玘","元代","","",""
"陈显曾","元代","","",""
"陈汝霖","元代","","",""
"顾常","元代","","",""
"慧熙","元代","","",""
"陆以道","元代","","",""
"孟潼","元代","","",""
"司马亨","元代","","",""
"王仁辅","元代","","",""
"王寔","元代","","",""
"吴采","元代","","",""
"孟栻","元代","","",""
"孟棐","元代","","",""
"陶植","元代","","",""
"郑奎妻","元代","","",""
"陈继儒","元代","","",""
"龙从云","元代","","",""
"李孝先","元代","","",""
"刘跃","元代","","",""
"万松禅师","元代","","",""
"胡宽","元代","","",""
"刘叔远","元代","","",""
"盛景年","元代","","",""
"江垕","元代","","",""
"赵半间","元代","","",""
"吴炳","元代","","",""
"吴敬庭","元代","","",""
"徐天倪","元代","","",""
"白仁寿","元代","","",""
"杨子承","元代","","",""
"甘茂实","元代","","",""
"刘宗远","元代","","",""
"徐甫","元代","","",""
"王廓","元代","","",""
"万石德躬","元代","","",""
"牟献之","元代","","",""
"张子素","元代","","",""
"邓牧心","元代","","",""
"王馀庆","元代","","",""
"韩中村","元代","","",""
"周竹坡","元代","","",""
"吴汉仪","元代","","",""
"祝蕃","元代","","",""
"熊涧谷","元代","","",""
"周德可","元代","","",""
"范叔中","元代","","",""
"林霁山","元代","","",""
"于介翁","元代","","",""
"戴帅初","元代","","",""
"刘敬","元代","","",""
"赵茂元","元代","","",""
"臧鲁山","元代","","",""
"李两山","元代","","",""
"欧阳应","元代","","",""
"孙元实","元代","","",""
"孙伯善","元代","","",""
"曾敷言","元代","","",""
"邓或之","元代","","",""
"曾怀可","元代","","",""
"刘珍","元代","","",""
"李主敬","元代","","",""
"周岂","元代","","",""
"连百正","元代","","",""
"张澄","元代","","",""
"赵心远","元代","","",""
"蔡明","元代","","",""
"高思恭","元代","","",""
"周密","元代","","",""
"顾济","元代","","",""
"汪仁立","元代","","",""
"阮鲁瞻","元代","","",""
"李仲南","元代","","",""
"辛文房","元代","","",""
"张嗣行","元代","","",""
"唐玉潜","元代","","",""
"史紫薇","元代","","",""
"杜元","元代","","",""
"程益","元代","","",""
"印秋海","元代","","",""
"钱抠","元代","","",""
"梁彦中","元代","","",""
"仇仁远","元代","","",""
"施钧","元代","","",""
"金德启","元代","","",""
"赵君谟","元代","","",""
"周石原","元代","","",""
"徐秋云","元代","","",""
"普彦明","元代","","",""
"袁泮","元代","","",""
"张易","元代","","",""
"熊太古","元代","","",""
"段天佑","元代","","",""
"江中称","元代","","",""
"周到坡","元代","","",""
"梁栋","元代","","",""
"贺复孙","元代","","",""
"冯翼","元代","","",""
"孟芾","元代","","",""
"图克坦公履","元代","","",""
"孙存吾","元代","","",""
"李竹所","元代","","",""
"张础","元代","","",""
"杨元正","元代","","",""
"全晋","元代","","",""
"胡尊生","元代","","",""
"王中立","元代","","",""
"萧应元","元代","","",""
"宋道","元代","","",""
"张伯远","元代","","",""
"李隼","元代","","",""
"陈古春","元代","","",""
"欧阳伯恭","元代","","",""
"达德越士","元代","","",""
"黄诚性","元代","","",""
"张九思","元代","","",""
"李涧","元代","","",""
"谭复","元代","","",""
"张崇","元代","","",""
"程文","元代","","",""
"李鹏","元代","","",""
"杨西亭","元代","","",""
"周永言","元代","","",""
"揭汯","元代","","",""
"陈廷言","元代","","",""
"桂?","元代","","",""
"孙唐","元代","","",""
"刘玉汝","元代","","",""
"刘倩玉","元代","","",""
"施子博","元代","","",""
"阿里沙","元代","","",""
