"丁鹤年","元末明初","","",""
"张宪","元末明初","","",""
"曹睿","元末明初","","",""
"金涓","元末明初","","",""
"叶颙","元末明初","","",""
"赵汸","元末明初","","",""
"刘基","元末明初","","",""
"郭钰","元末明初","","",""
"梵琦","元末明初","","",""
"方行","元末明初","","",""
"王逢","元末明初","","",""
"王冕","元末明初","","",""
"甘复","元末明初","","",""
"刘永之","元末明初","","",""
"华幼武","元末明初","","",""
"朱希晦","元末明初","","",""
"杨维桢","元末明初","","",""
"陈秀民","元末明初","","",""
"陈基","元末明初","","",""
"陈雷","元末明初","","",""
"周棐","元末明初","","",""
"孟昉","元末明初","","",""
"倪瓒","元末明初","","",""
"唐桂芳","元末明初","","",""
"袁介","元末明初","","",""
"郭翼","元末明初","","",""
"郯韶","元末明初","","",""
"陶宗仪","元末明初","","",""
"顾瑛","元末明初","","",""
"高明","元末明初","","",""
"梁寅","元末明初","","",""
"舒頔","元末明初","","",""
"谢应芳","元末明初","","",""
"戴良","元末明初","","",""
"瞿智","元末明初","","",""
"宋濂","元末明初","","",""
"张羽","元末明初","","",""
"宋元禧","元末明初","","",""
"张妙净","元末明初","","",""
"王佐","元末明初","","",""
"陈亮","元末明初","","",""
"黄哲","元末明初","","",""
"邾经","元末明初","","",""
"申屠衡","元末明初","","",""
"钱逵","元末明初","","",""
"蓝仁","元末明初","","",""
"蓝智","元末明初","","",""
"钱宰","元末明初","","",""
"刘涣","元末明初","","",""
"王翰","元末明初","","",""
"王行","元末明初","","",""
"邵亨贞","元末明初","","",""
"王彝","元末明初","","",""
"危素","元末明初","","",""
"王祎","元末明初","","",""
"徐贲","元末明初","","",""
"张昱","元末明初","","",""
"吴志淳","元末明初","","",""
"顾观","元末明初","","",""
"郑洪","元末明初","","",""
"王立中","元末明初","","",""
"李延兴","元末明初","","",""
"徐舫","元末明初","","",""
"刘仁本","元末明初","","",""
"陈有定","元末明初","","",""
"吴克恭","元末明初","","",""
"顾晋","元末明初","","",""
"昂吉","元末明初","","",""
"顾元臣","元末明初","","",""
"李祁","元末明初","","",""
"吴惟善","元末明初","","",""
"唐元","元末明初","","",""
"余善","元末明初","","",""
"邓羽","元末明初","","",""
"法智","元末明初","","",""
"胡翰","元末明初","","",""
"陈谟","元末明初","","",""
"无愠","元末明初","","",""
"钱仲益","元末明初","","",""
