"郦道元","南北朝","郦道元（约470—527），字善长。汉族，范阳涿州（今河北涿州）人。北朝北魏地理学家、散文家。仕途坎坷，终未能尽其才。他博览奇书，幼时曾随父亲到山东访求水道，后又游历秦岭、淮河以北和长城以南广大地区，考察河道沟渠，搜集有关的风土民情、历史故事、神话传说，撰《水经注》四十卷。文笔隽永，描写生动，既是一部内容丰富多彩的地理著作，也是一部优美的山水散文汇集。可称为我国游记文学的开创者，对后世游记散文的发展影响颇大。另著《本志》十三篇及《七聘》等文，已佚。","{"人物生平":"出身官宦　　魏孝文帝延兴二年（472年）壬子，郦道元生于涿州郦亭（今河北省涿州市道元村）的一个官宦家庭。他的父亲郦范年少有为，在北魏太武帝时期，任给事东宫，后来他以优秀的战略眼光成为了一个优秀的军师，曾经做过平东将军和青州刺史。　　郦道元少年时期，因父亲郦范担任青州刺史，便跟随父母居住青州（今山东省青州市）。为官经历　　太和初年，郦道元承袭永宁侯爵位，依例降为伯这一等级。太和十七年（493年）秋季，北魏迁都洛阳，郦道元担任尚书郎。太和十八年（494年），跟随魏孝文帝出巡北方，因执法清正，被提拔为治书侍御史。御史中尉李彪认为道元执法公正严厉，自太傅掾引进为书侍御史。　　李彪被仆射李冲所弹劾，郦道元也被被免职。景明年间（500—503年），郦道元被下放为冀州镇东府长史。刺史于劲，乃是顺皇后的父亲，西征关中的时候，也没有到过此州。郦道元在那里为官三年，为政严酷，人们非常敬畏他，以至于奸人盗贼纷纷逃往他乡，冀州境内大治。后来郦道元又做了鲁阳郡太守，上表朝廷建立学校，推崇教育，教化乡民。朝廷下诏说：“鲁阳原本是南部边境的地区，没有设立过学校。现在可以在那里设立学校，使鲁阳像西汉文翁办学那样成为有文化教养的地区。”郦道元在鲁阳郡的日子，老百姓佩服他的威名，不敢违法。　　延昌年间（512—515年），郦道元为东荆州刺史，以威猛为政，就像在冀州一样。当地百姓到朝廷向皇帝告状，告他苛刻严峻，请求前任刺史寇祖礼回来复任。等到寇祖礼回来并派遣戍边士兵七十名送郦道元回京时，两人都因为犯事被罢官。　　魏孝明帝正光四年（523年），郦道元担任河南尹，治理京城洛阳。其后，奉诏前往北方各镇，整编相关的官吏，筹备军粮，作好防守边关的必要准备。孝明帝把沃野镇、怀朔镇、薄骨律、武川镇、抚冥镇、柔玄镇、怀荒镇、御夷镇诸镇都改为州，它们的郡、县、戍的名称，令准古城邑。朝廷诏令道元为持节兼黄门侍郎，急速与大都督李崇筹划应设置，裁减去留。恰逢各镇起义叛乱，裁减之事没有结果就返回了。孝昌初年，梁朝派遣将领攻打扬州刺史元法僧又在彭城反叛。诏令道元为持节、兼侍中、兼行台尚书，调度各军，依照仆射李平的先例。军队到达涡阳，战败撤退。后郦道元追逐讨伐，多有斩杀俘获。后来被授任御史中尉。　　郦道元执政平素严厉，颇遭豪强和皇族忌恨。但当地豪强却不能把郦道元怎么样，他们的声望更有损害。皇亲元微诬陷叔父元渊，郦道元力陈事实真相，元渊得以昭雪。元微因此嫉恨郦道元。　　司州牧、汝南王元悦宠幸丘念左右亲近的人，常与他们起居。到选州官的时候，多取决于丘念。丘念经常高兴且偷偷地收下元悦送给他的宅第，有时两人还一起去此宅第，道元秘密查访得知此事，逮捕了丘念并将其关进监狱。元悦上奏灵太后，请保全丘念之身，便诏令赦免丘念。郦道元（抢在命令下达之前）就把丘念处死，并用此事检举元悦的违法行为。[8] 元悦从此怀恨在心。不屈而死　　北魏孝昌三年（公元527年），孝昌三年丁未十月（527年11月），南齐皇族、北魏雍州刺史萧宝夤在长安（今陕西省西安市）发动叛乱，当时雍州刺史萧宝夤谋反的情况逐渐严重。侍中、城阳王元徽平素忌恨道元。元微、元悦便使出借刀杀人之计，通过暗示朝廷，且竭力怂恿胡太后任命郦道元为关右大使，去监视萧宝夤。宝夤顾虑到道元想要平息自己的叛乱，也认为这是朝廷要算计自己，受汝南王元悦怂恿便派遣他的行台郎中郭子恢在阴盘驿亭围住道元。亭在冈下，人们常吃冈下的井水。但道元已经被包围，掘井十多丈都没有水。水没有了，力气也就少了许多。贼寇于是跳墙而入。郦道元与他的弟弟郦道峻、郦道博，长子郦伯友、次子郦仲友被杀害。道元死前怒目呵斥贼人，大声斥责而死亡。宝夤还是派人殡殓他们父子，埋葬在长安城东。事平，灵柩回到长安城，朝廷追赠为吏部尚书、冀州刺史、安定县男。　　武泰元年（528年）春，魏军收复长安，郦道元还葬洛阳，被朝廷追封为吏部尚书、冀州刺史。三子郦孝友承袭爵位。▲","著作历程":"　　郦道元在给《水经》作注过程中，十分注重实地考察和调查研究，同时还博览了大量前人著作，查看了不少精确详细的地图。据统计，郦道元写《水经注》一共参阅了四百三十七种书籍。经过长期艰苦的努力，郦道元终于完成了他的《水经注》这一名著。《水经注》共四十卷（原书宋朝已佚五卷，今本仍作四十卷，是经后人改编而成的），三十多万字，是当时一部空前的地理学巨著。它名义上是注释《水经》，实际上是在《水经》基础上的再创作。全书记述了一千二百五十二条河流，及有关的历史遗迹、人物掌故、神话传说等，比原著增加了近千条，文字增加了二十多倍，内容比《水经》原著要丰富得多。是我国最全面、最系统的综合性地理著作。该书还记录了不少碑刻墨迹和渔歌民谣，文笔绚烂，语言清丽，具有较高的文学价值。▲","介绍":"北魏的忠良贤臣　　郦道元，字善长，魏孝文帝延兴二年壬子（472年）生于涿州郦亭（今河北省涿州市道元村），郦范的长子，在我国郦姓宗族里面排列第九十八世。少年时期，因父亲郦范担任青州刺史，跟随父母居住青州（今山东省青州市）。父亲去世后，郦道元继承爵位，被封为永宁伯，担任太傅掾。太和十七年（493年）秋季，北魏王朝迁都洛阳，郦道元担任尚书郎。十八年（494年），跟随魏孝文帝出巡北方，因执法清正，被提拔为治书侍御史。　　魏宣武帝景明二年（501年），郦道元担任冀州镇（今河北省冀州市）东府长史，采取严厉手段，打击邪恶势力。为政严酷，奸匪盗贼闻风丧胆，纷纷逃往他乡，冀州境内大治。正始元年（504年），郦道元调任颖川（今河南省许昌市）太守。永平元年（508年），又调任鲁阳（今河南省鲁山县）太守，上表请求在当地建立学府，教化乡民。蛮人服其威名，不敢为寇。延昌二年（513年），升任辅国将军、东荆州刺史，威猛为政，如在冀州。其后，蛮人向朝廷诉讼郦道元为官严厉，朝廷召郦道元返回洛阳。　　魏孝明帝正光四年（523年），郦道元担任河南尹，治理京城洛阳。其后，奉诏前往北方各镇，整编相关的官吏，筹备军粮，作好防守边关的必要准备。孝昌元年（525年），徐州刺史元法僧背叛北魏，投降南梁。郦道元奉诏率军征讨，全军在涡阳（今安徽省涡阳县）奋勇拼杀，多有斩获。返回京城后，升任御史中尉。　　皇亲元微诬陷叔父元渊，郦道元力陈事实真相，元渊得以昭雪；元微因此嫉恨郦道元。皇族元悦之亲信丘念仗势操纵州官选用大权，郦道元密访其行踪，将其捕获入狱。元悦请皇太后胡仙真说情，郦道元坚决依法处死丘念，并以此弹劾元悦。元悦从此怀恨在心。　　孝昌三年丁未十月（527年11月），南齐皇族、北魏雍州刺史萧宝夤在长安（今陕西省西安市）发动叛乱，元微、元悦使出借刀杀人之计，竭力怂恿胡太后任命郦道元为关右大使，去监视萧宝夤。萧宝夤得知情况，立即发兵包围郦道元。贼兵攻入阴盘驿亭，郦道元怒目骂贼，被叛贼杀害，终年五十六岁；其弟郦道峻、郦道博，长子郦伯友、次子郦仲友，都被叛贼杀害。萧宝夤下令收殓郦道元，殡于长安城东。武泰元年（528年）春，魏军收复长安，郦道元还葬洛阳，被朝廷追封为吏部尚书、冀州刺史。三子郦孝友承袭爵位。　　郦道元生五子：郦伯友、郦仲友、郦孝友、郦继方、郦绍方。现代全国各地的郦姓族人，都是郦道元的四子郦继方一支延续的后代。　　附郦绍至郦道元的世系传承：95、绍（濮阳太守）→ 96、嵩（天水太守）→ 97、范（北魏重臣）→ 98、道元（北魏忠臣、地理学家）→ 99、继方伟大的地理学家　　郦道元勤奋好学，广泛阅读各种奇书，立志要为西汉后期桑钦编写的地理书籍《水经》作注。他引用的文献多达480种，其中属于地理类的就有109种。经过多年辛苦，终于写成名垂青史的著作《水经注》。　　作为一位杰出的地理学家，郦道元在《水经注》的序言中对前代的著名地理著作进行了许多点评。秦朝以前，我国已有许多地理类书籍，但当时国家不统一，生产力水平不发达，人们对地理的概念还比较模糊，这些作品中普遍存在的问题就是虚构，如《山海经》、《穆天子传》、《禹贡》等。郦道元坚决反对“虚构地理学”，他在《水经注》序言中提出了自己的研究和工作方法，那就是重视野外考察的重要性。　　《水经注》一书中记载了郦道元在野外考察中取得的大量成果，这表明他为了获得真实的地理信息，到过许多地方考察，足迹踏遍长城以南、秦岭以东的中原大地，积累了大量的实践经验和地理资料。《水经》记录河流137条，而《水经注》则记录河流1252条。《水经》只有1.5万字，而《水经注》竟达30万字！　　郦道元在实地调查中原地形的同时，又广泛搜求南方的地理著作，进行对比研究，得出自己的结论。例如江南会稽郡的诸暨县，有五泄瀑布，景色壮丽，向来不为世人所知。郦道元在《水经注》里面首次记载了五泄飞瀑壮观的气势：“浙江又东，合浦阳江，江水导源乌伤县，东经诸暨县，与泄溪合。溪广数丈，中道有两高山夹溪，造云壁立，凡有五泄：下泄悬三十余丈，广十丈；中三泄不可得至，登他山远望，乃得见之，悬百余丈，水势高急，声震林外；上泄悬二百余丈，望若云垂。此是瀑布，土人号为泄也。”从此，世人方知五泄的山水景观。　　在漫长的中世纪，西方世界正处在基督教会统治的黑暗时代，全欧洲在地理学界都找不出一位杰出的学者。东方的郦道元留下了不朽的地理巨著《水经注》四十卷，不仅开创了我国古代“写实地理学”的历史，而且在世界地理学发展史上也占有重要的地位，不愧为中世纪最伟大的世界级地理学家。▲","作品一览":""}","https://guwen-1252396323.cos.ap-chengdu.myqcloud.com/headImage/20180914152419485.jpg"
"刘义庆","南北朝","刘义庆（403—444）汉族，彭城（今江苏徐州）人。字季伯，南北朝文学家。自幼才华出众，爱好文学，并广招四方文学之士，聚于门下。刘宋宗室，袭封临川王，公元444年（元嘉21年）死于建康（今南京）。除《世说新语》外，还著有志怪小说《幽明录》。","{"与《世说新语》":"　　13岁时被封为南郡公，后过继给叔父临川王刘道规，因此袭封为临川王。刘义庆自幼喜好文学、聪明过人，深得宋武帝、宋文帝的信任，备受礼遇。　　《世说新语》是一部笔记小说集，此书不仅记载了自汉魏至东晋士族阶层言谈、轶事，反映了当时士大夫们的思想、生活和清谈放诞的风气，而且其语言简练，文字生动鲜活，因此自问世以来，便受到文人的喜爱和重视，戏剧、小说如关汉卿的杂剧《玉镜台》、罗贯中的《三国演义》等也常常从中寻找素材。　　当然，因为刘义庆当时人在扬州，听说了不少当地的人物故事、民间传说，所以在《世说新语》中，也记载了一些发生在当时扬州的故事。如后世熟悉的成语“咄咄怪事”，就是源自于曾担任建武将军、扬州刺史的中军将军殷浩被废为平民后，从来不说一句抱怨的话，每天只是用手指在空中写写画画。扬州的吏民顺着他的笔划暗中观察，看出他仅仅是在写“咄咄怪事”四个字而已。大家这才知道，他是借这种方法来表示心中的不平。　　可惜的是，《世说新语》一书刚刚撰成，刘义庆就因病离开扬州，回到京城不久便英年早逝，时年仅41岁，宋文帝哀痛不已，赠其谥号为“康王”。 ▲","人物生平":"　　刘义庆（公元403—公元444），字季伯，汉族，原籍南朝宋彭城（今江苏徐州）人，文学家，世居京口，南朝宋宗室，南朝宋文学家。刘义庆自幼才华出众，爱好文学。除《世说新语》外，还著有志怪小说《幽明录》。《世说新语》是由他组织一批文人编写的。宋武帝刘裕之侄，长沙景王刘道怜之次子，其叔临川王刘道规无子，即以刘义庆为嗣，袭封临川王赠任荆州刺史等官职，在政8年，政绩颇佳。后任江州刺史。刘义庆是刘宋武帝的堂侄，在诸王中颇为出色，十分被看重。　　（一）京尹时期（15-30岁）。刘义庆15岁一路来平步青云，其中任秘书监一职，掌管国家的图书著作，有机会接触与博览皇家典籍，对《世说新语》的编撰奠定了良好的基础，17岁升任尚书左仆射（相当于以前的副宰相），位极人臣，但他的伯父刘裕首开篡杀之风，使得宗室间互相残杀。因此刘义庆也惧有不测之祸，29岁便乞求外调，解除左仆射一职。　　（二）荆州时期（30-36岁）。刘义庆担任荆州刺史，颇有功绩。荆州地广兵强，是长江上游的重镇，在此过了8年安定的生活。　　（三）江南时期（37-41岁）。刘义庆担任江州刺史与南兖州刺史，38岁开始编撰《世说新语》，与当时的文人、僧人往来频繁。后因疾还京，于41岁病逝于建康（今南京），谥号“康王”。刘义庆是个“为性简素，寡嗜欲，爱好文义”的人，称得上是文人政治家。一生虽历任要职，但政绩却乏善可陈，除了本身个性不热衷外，最重要的就是不愿意卷入刘宋皇室的权力斗争。不少文人雅士集其门下，当时名士如袁淑、陆展、何长瑜、鲍照等人都曾受到他的礼遇。相关事件 　　《世说新语》 13岁时被封为南郡公，后过继给叔父临川王刘道规，因此袭封为临川王。刘义庆自幼喜好文学、聪明过人，深得宋武帝、宋文帝的信任，备受礼遇。　　《世说新语》是一部笔记小说集，此书不仅记载了自汉魏至东晋士族阶层言谈、轶事，反映了当时士大夫们的思想、生活和清谈放诞的风气，而且其语言简练，文字生动鲜活，因此自问世以来，便受到文人的喜爱和重视，戏剧、小说如关汉卿的杂剧《玉镜台》、罗贯中的《三国演义》等也常常从中寻找素材。　　当然，因为刘义庆当时人在扬州，听说了不少当地的人物故事、民间传说，所以在《世说新语》中，也记载了一些发生在当时扬州的故事。如后世熟悉的成语“咄咄怪事”，就是源自于曾担任建武将军、扬州刺史的中军将军殷浩被废为平民后，从来不说一句抱怨的话，每天只是用手指在空中写写画画。扬州的吏民顺着他的笔划暗中观察，看出他仅仅是在写“咄咄怪事”四个字而已。大家这才知道，他是借这种方法来表示心中的不平。　　可惜的是，《世说新语》一书刚刚撰成，刘义庆就因病离开扬州，回到京城不久便英年早逝，时年仅41岁，宋文帝哀痛不已，赠其谥号为“康王”。▲","轶事典故":"　　史称刘义庆自幼聪敏过人，受到伯父刘裕的赏识。刘裕曾夸奖他说：“此我家之丰城也。”年轻时曾跟从刘裕攻打长安，回来后被任命为东晋辅国将军、北青州刺史，徙都督豫州诸军事、豫州刺史。刘宋建立后，他以临川王身份历任侍中、中书令、荆州刺史等显要职务。当时“荆州居上流之重，地广兵强，资实兵甲，居朝廷之半”。因为刘义庆被认为是宗室中最优秀的人才，所以朝廷才委派他承担如此显要之职。后又改授散骑常侍、卫将军、江州刺史、南兖州刺史、开府仪同三司等一系列重要职务。　　刘义庆生有5个儿子，均有功名：长子刘烨（一作晔），嗣封为临川王；次子刘衍，官任太子舍人；三子刘镜，官任宣城太守；四子刘颖，任前将军；五子刘倩，官任南新蔡太守。临川哀王刘烨，官至通直郎，后被太子刘邵杀害。刘烨生子刘绰，字子流，承嗣为临川王，官至步兵校尉，顺帝末年因谋反被杀，临川王国也被废除，后裔不明。 ▲"}","https://guwen-1252396323.cos.ap-chengdu.myqcloud.com/headImage/20180914152423475.jpg"
"吴均","南北朝","吴均（469年－520年），字叔庠。南朝梁史学家，文学家，时官吴兴主簿。明人辑有《吴朝清集》。","{"生平":"","文史成就":"　　《梁书·吴均传》说他“文体清拔有古气”，在当时颇有影响，自其文风清拔，而有“古”气，自称“吴均体”。其诗今存140余首，多为友人赠答、赠别之作。音韵和谐，风格清丽，属于典型的齐梁风格；但语言明畅，用典贴切，无堆砌之弊。吴均善于刻画周围景物来渲染离愁别绪。如《送柳吴兴竹亭集》“夕鱼汀下戏，幕雨檐中息。白云时去来，青峰复负侧。踯躅牛羊下，晦昧崦嵫色”，朦胧暮色中的山野景象，更衬出离别时分的凄婉气氛。又如“轻云纫远岫，细雨沐山衣”，“白日辽川暗，黄尘陇坻惊”，写景都很细致。吴均很注意向乐府民歌学习，拟作了不少乐府古诗，如《行路难》五首、《胡无人行》、《从军行》等，虽辞藻华美，但不失刚健清新的气息，有鲍照余绪。他的一些五言诗句，如“君随绿波远，我逐清风归”，“折荷缝作盖，落羽纺成丝”等，民歌风味也比较浓。吴均家世贫贱，终生不得意，他的一些作品中也往往表现出寒士的雄心和骨气，如《赠王桂阳》“松生数寸时,遂为草所没。未见笼云心，谁知负霜骨”，借松树来吐露怀才不遇的牢骚，其构思立意很像左思的“郁郁涧底松”和陶渊明的“青松在东园”。再如《梅花落》、《行路难》、《赠别新林》等诗中，也含蓄地抒写了渴望有所作为的心情。此外，如《边城将四首》，歌颂将士们“高旗入汉飞，长鞭历地写”的英雄气概；《闺怨》写征人家属相思之苦，都比较有现实内容，在当时诗歌中不多见。　　他著有《齐春秋》三十卷、《庙记》十卷、《十二州记》十二卷、《钱塘先贤传》五卷，注释范晔《后汉书》九十卷等，惜皆已亡失。还著有志怪小说集《续齐谐记》一卷。《梁书》本传说：“均文体清拔有古气，好事者或学之，谓为‘吴均体’。”其“文集二十卷”。《隋书·经籍志》著录：“梁奉朝请《吴均集》二十卷。”《旧唐书·经籍志》、《新唐书·艺文志》著录皆为二十卷。《宋史·艺文志》著录：“《吴均诗集》三卷。”可见其文集宋时已大部分散失。明代的辑本有：《吴朝请集》三卷，附录一卷，明张燮辑《七十二家集》本；《吴朝请集》一卷，明张溥辑《汉魏六朝百三名家集》本。另有《吴朝请集选》一卷，清代吴汝纶评选《汉魏六朝百三家集选》本。严可均《全梁文》卷六十辑录其文有《与施从事书》、《与朱元思书》（现被收入《人教版语文教科书》八下21课）、《与顾章书》等十三篇，逯钦立《先秦汉魏晋南北朝诗·梁诗》卷十辑录其诗有《赠王桂阳》、《山中杂诗》、《答柳恽诗》等一百四十七首，较为齐备。　　吴均善于写作书信，今存《与施从事书》、《与朱元思书》、《与顾章书》三篇，俱以写景见长。如“绝壁干天，孤峰入汉。绿嶂百重，青川万转”，“风烟俱净，天山共色，从流飘荡，任意东西”等句，皆文笔清丽，韵味隽永。 ▲"}","https://guwen-1252396323.cos.ap-chengdu.myqcloud.com/headImage/20180914152430087.jpg"
"谢灵运","南北朝","谢灵运（385年－433年），东晋陈郡阳夏（今河南太康）人，出生在会稽始宁（今浙江上虞），原为陈郡谢氏士族。东晋名将谢玄之孙，小名“客”，人称谢客。又以袭封康乐公，称谢康公、谢康乐。著名山水诗人，主要创作活动在刘宋时代，中国文学史上山水诗派的开创者。由谢灵运始，山水诗乃成中国文学史上的一大流派，最著名的是《山居赋》，也是见诸史册的第一位大旅行家。谢灵运还兼通史学，工于书法，翻译佛经，曾奉诏撰《晋书》。《隋书·经籍志》、《晋书》录有《谢灵运集》等14种。","{"生平":"山水诗鼻祖　　谢灵运是中国历史上伟大的诗人，是山水诗派创始人、第一个大量创作山水诗的诗人，诗与颜延之齐名，并称“颜谢”。其诗充满道法自然的精神，贯穿着一种清新自然恬静之韵味，一改魏晋以来晦涩的玄言诗之风。他的山水诗特点是：能把自己的感情贯注其中，但有些诗字句过于雕琢，描写冗长，用典、排偶不够自然。　　谢灵运的诗意境新奇，辞章绚丽，影响深远。李白、杜甫、王维、孟浩然、韦应物、柳宗元诸大家，都曾取法于谢灵运。　　谢灵运跟庐山东林寺的名僧慧远也有深交，尽管慧远比他大五十来岁，两人还是很投缘。慧远圆寂后，他特地写了一篇祭吊的名文《庐山慧远法师诔》，一时洛阳纸贵。　　王勃在《滕王阁序》中“邺水朱华，光照临川之笔。”这里的“临川”指的就是谢灵运。在始宁县的诗歌创作　　始宁县建置于汉顺帝永建四年(129)，废置于隋开皇九年(589)，其地为今浙江上虞南部，嵊州北部，县治曾在今嵊州三界附近。谢家在始宁有大片庄园，其范围基本上在古剡县境内。　　谢灵运在始宁实际居住时间甚短，一生中只有六年。他自幼即“送钱塘杜明师治养之，十五方还都，故名客儿。“王谢大族多为天师道信徒，灵运亦幼奉道教，后皈佛法。当时风尚“恐儿童不易成长，使拜和尚为师，或送入寺院养育。谢氏送灵运于杜治之事，疑用意相同。”谢灵运生后即寄养于钱塘，“初，钱塘杜师夜梦东南有人来人其馆，是夕，即灵运生于会稽(始宁)。旬日而父殁。其家以子孙难得，送录运于杜治养之。”　　十五岁至二十一岁(晋隆安三年至晋义熙元年，399～405)，由钱塘移京都建康乌衣巷，与王谢子弟共乌衣之游，文义相赏，度过他一段世家子弟富贵风流的生活。　　二十一岁起入仕途，历任晋、宋两代琅琊王司马参军、刘毅记室参军、秘书丞、中书侍郎、黄门侍郎、永嘉太守、秘书监、临川内史等。中间两次还乡隐居。　　始宁始终是谢灵运真正的故乡，是他一生向往和皈依之地。这里有他引为自豪的功熏卓著的祖旧之业，更有供他啸傲风月、陶然忘机的灵秀山川，还有足资养生的良田美池，丰厚产业。这是一片令他深深眷恋、时时怀念的土地。这里的人民对他也怀有同样深情，千百年来，地方志书记载其行迹和诗文，民间更广泛流传着他那脍炙人口的轶事。　　谢灵运诞生后即离乡，后来两次回乡。第一次返回故乡已经卅八岁。宋永初三年(422)五月，宋文帝刘裕卒，太子刘义符即位，是为少帝。谢灵运等受到当朝权臣徐羡之、傅亮等排挤，离京出守永嘉。同年七月，离京往永嘉途中曾枉道回始宁小住。七月廿日抵始宁，逗留数天，即折回钱塘，经富春、桐庐、七里濑，再折回南至东阳郡长山(今金华市)，然后陆行抵青田溪，再乘船至永嘉，已是八月十二日。他的行踪有本人诗作可证。这次枉道而行说明当时会稽与临海两郡之间陆路难通。这次回乡，时间很短，不能说是隐居。　　景平元年(423)秋至元嘉三年(426)秋是第二次回乡隐居，长达三年。谢灵运赴永嘉任太守仅一年，“出守既不得志，遂肆意游遨，遍历诸县，动逾旬朔，民间听讼，不复关怀。所至辄哟诗咏，以致其意焉。在郡一周，称疾去职。”去职获准，买舟北上，欣然返回始宁。《归途赋》云：“践寒暑以推换，眷桑梓以缅邈，褫簪带于穷城，返巾褐于空谷。果归期于愿言，获素于思乐。”实际上比他自己所预期的“挥手告乡曲，三载期归旋”(《过始宁墅》诗)是大大提前了。隐居期间，“修营别业，傍山带江，尽幽居之美，与隐士王弘之、孔淳之等放纵为娱，有终焉之志，作《山居赋》自注以言其事。“这期间创作诗文颇丰，今存有《会吟行》、《田南树园激流植援》、《石壁立招提精舍》、《石壁精舍还湖中作》、《南楼中望所迟客》、《石门新营所住四面迥溪石濑茂林修竹》、《述祖德诗》等诗篇。文章以阐述佛道思想为多，有《与庐陵王义真笺》、《和范先禄祗洹像赞三首》、《和从弟惠连无量寿颂》、《维摩诘经》中十譬八首，《伤己赋》、《逸民赋》、《昙隆法师徕》等”。从作品中反映，他的隐居生活安闲自适，投入颇深。入朝被诬　　刘义隆即位后，政局起了变化，谢灵运的政敌徐羡之、傅亮先后伏诛。元嘉三年(426)三月，太祖征为秘书监，“再召不起，上使光禄大夫范泰与灵运书敦奖之，乃出就职。”这才离乡北上，经丹徒，谒庐陵王墓，再进京任职，时间为元嘉三年秋。“既至，文帝(即太祖刘义隆)唯以文义见接，每侍上宴，谈赏而已……灵运意不平，多称疾不朝直……出郭游行，或一日百六七十里，经旬不归，既无表闻，又不请急，上不欲伤大臣，讽旨令自解。灵运上表陈疾，上赐假东归。元嘉五年(428)春至八年(431)春，灵运第二次回始宁隐居，也是三年。“灵运既东归，与族弟惠连、东海何长瑜、颖川荀雍、泰山羊浚之以文章赏会，共为山泽之游，时人谓之四友。''这时期主要作品有《入东道路》、《登临海峤初发强中》、《酬从弟惠连》，《登石门最高顶》、《石门岩上宿》等。这次回乡，谢与会稽太守孟顗不和直至发生冲突。“孟事佛精恳，而为灵运所轻。尝谓顗日：得道应需慧业，丈人升天当在灵运前，成佛必在灵运后。顗深恨此言。”“会稽东郭有回踵湖，灵运求决以为田，太祖令州郡履行，此湖去郭近，水物所出百姓惜之，顗坚守不与。灵运既不得回踵，又求始宁坯嶂湖为田，岩又固执。灵运谓顗非存利民，正虑决湖多害生命，言论毁伤之，与顗遂构仇隙。”于是顗一而上疏文帝(即太祖)，谓灵运有“异志”，一面如临大敌，发兵自防。灵运获知，急驰京都，上表文帝自辩。文帝知其被诬，不加罪，也没让他回始宁。灵运暂住京中，元嘉八年(431)冬被派往临川任内史。从此，灵运再也没有回过故乡。扩建始宁庄园　　始宁庄园为谢家几代经营所成。今上虞上浦乡东山有谢安(玄从叔)故居及墓葬，山顶有国庆院、谢公调马路、白云明月二堂。谢玄、谢瑍在始宁有故宅及墅。今嵊州东北江东乡、幸福乡之间有车骑山。“晋车骑将军谢玄为会稽内史，尝于此山立楼居止，后人因以为名。据郦道元《水经注》载：“崤山东北太康湖，晋车骑将军谢玄旧居所在。右滨长江，左傍连山，平陵修通，澄湖远镜，于江曲起楼，楼侧悉是桐梓，森耸可爱，居民号为桐亭楼。楼两而临江，尽升眺之趣。舟人渔子，泛滥满焉。湖中筑路，东出趋山，路甚平直。山有三精舍，高甍凌云，垂檐带空，俯眺平林，烟杳在下。江有琵琶圻，临江有石床，名钓鱼台。”　　始宁庄园基本格局早已形成：自北而南沿曹娥江傍山依水而进，占有大片田园山泽。谢灵运在继承祖业基础上又扩大了始宁庄园，增加了不少建筑物。《山居赋》及谢本人的诗篇中对此有具体描述。但由于千年来地貌变迁，江流移动，加上当时地名指称不明确。今天要完全搞清楚庄园范围和建筑布局已很困难。现根据顾绍柏先生研究心得和实地考察作一简介：　　始宁庄园范围大体上北起今上虞上浦东山，当时又名旧山、北山，南达嵊县崤浦仙岩一带，南北绵延约40里，中有曹娥江剡溪(当时也称浦阳江)流贯，两岸河谷地带有一片积水沼泽区，中间分布着汀洲小丘。系太康湖堙废后形成，当时又名大小巫湖。嵊山在江东，嚼山在江西，两山相距不远，当时又泛称南山盖与北山相时而言。庄园东西距离宽狭不一，约10～20里。谢灵运归隐期问新增加建筑物主要以下数处：　　始宁别业：即谢灵运别墅，在谢安故居东山之西一里，即西庄。景平二年(424)，灵运回乡隐居时，修营别业，尽幽居之美，纵山水之乐，屏尘世之忧，即指此。 石壁精舍：在石壁山，为东山之一峰，立精舍接待四方过往僧人，昙隆、法流二法师来东山即居此。谢作有《石壁立招提精舍诗》。　　田南园林：在东山旧居以南，确址难考，有诗《田南树园激流植援》，写庄园向南发展，其事当在筑石壁精舍后，建南山新居前。南山新居：在今嵊州城区西北崞山，石门山一带，系灵运新增卜居之地。诗中多次提到“石门新居…南楼”应包含在南山新居范围内。　　经营始宁庄园主要在第一次回乡隐居期问。他确实是想认真做一辈子隐士的。谢经历二十年左右坎坷的仕途生活后，年近四十回乡隐居，前尘影事，颇似噩梦。他是带着失败的伤痕从政治斗争的漩涡中走出来的，加上他的本性和当时的文化氛围，使他深悟“准丘园是归宿，唯隐中有乐趣15的道理；始宁也确实可算是他理想的安身之命之处。这个时期他踏遍了始宁的山山水水，结交的是隐者、道士、僧人；“见柱下之经，睹濠上之篇”，更坚定他皈依佛道、超脱尘世、远离政治的人生信念。谢的退隐确与“身在江湖，心存魏阙”者不同。他所增加的筑构大都较简陋，”云初经略，躬自履行，备诸苦辛也。罄其浅短，无假于龟筮，贫者既不以丽为美，所以即安茅茨而已。是以谢效郭而殊城傍。然清虚寂寞，实是得道之所也。这与谢玄在车骑山筑桐亭楼气魄就很不一样了。行踪遗址　　谢灵运回归会稽东土隐居，寄情于山水，同时在曹娥江上游剡溪一带求田问舍，其行踪大体上由北向南延伸。第二次回故隐居期间(428～431)有向四明，天姥进发的意向，这期间他的诗文中直接写剡中山水的不多。地方志中却记载了不少他的行踪遗址。　　《剡录》卷一载嵊县二十七乡。“康乐乡有游谢、宿剡、竹山、康乐、感化里。游谢乡有康乐、明登、宿星、暝投、吹台里。”康乐，游谢二乡相当今三界镇和仙岩镇地域，乡里地名均与谢灵运游踪有关。　　《剡录》卷四“古奇迹”载：“山下有谢康乐石床，康乐尝垂钓于此。县北十五里有谢岩弹石，灵运游此，四顾放弹丸，落处为祠，有大石如弹丸。”王十朋《 山赋》曰：“灵运弹飞岩嶂，慕此堪栖”又有谢公宿处，李白诗：“谢公宿处今尚在，绿水荡漾青猿啼。”又有谢岩，亦谢所至。又有强口村，在县北廿里，世传王谢诸人，雪后泛舟至此，徘徊不能去。日：“虽寒，强饮一口。”　　《成化新昌县志》卷八“坊巷”中载：“康乐坊，在县东三百余步，今名忠信坊。昔灵运尝寓于此，时人重之，为建此坊。郡志云：新昌之康乐，盖古迹犹著云。”　　《代化新昌县志》卷十六“寓贤”中又载“康乐公爱剡中山水，肆意遨游，尝至新昌，居游最之，时人重之。为建康乐坊。东山寺有谢灵运像……”　　可见新、嵊二县地志中记述谢行踪甚多，但事实均难稽考，本人诗文可证只有“暝宿剡中”一处。当然谢在剡隐居数年，投宿必非一处；这里系特指游天姥山时途中所宿之处。《登临峤初发强中作》：“……旦发清溪阴，暝投剡中宿，时登天姥岑……“笔者认为，灵运游天姥所投宿地点以新昌忠信坊为是。《剡录》有游谢、宿剡、暝投等古地名，但实际所指不明确也不统一，且不合游天姥线路距离。今新昌县城有忠信坊这一地名，在城关东西主街中段，今电信大楼和百货公司一带。根据《登临海峤》诗意辨析17“旦发清溪阴”即从今嵊州仙岩镇强口出发，到“暝投剡中宿”约一天路程，系溯剡溪而上。强口到新昌县城约60里，合一天路程。“明登天姥岑”即再有一天路程可达天姥，而新昌县城抵天姥山区也是60里左右。可见投宿于忠信坊是合理的。其时，新昌尚未建县，属剡中地域，地旷人稀，今县城也不过小小村落而已。“康乐…忠信”之类地名当是唐宋以后才有的。清代邑人陈宁燮箸《沃洲古迹》一书说道：“今以三里之城得天时，十室之邑有忠信……本自人居寥寥，有客宿宿者哉?缅夫两火一刀，虽蜚遁之迹箸，千岩万壑，尚幽攀而路穷。谢公……想其步石牛之镇，距木鹤之峰(即天姥山)，岩峭岭稠，犹数十里。茅茨槿援得四五家，遇田父之好客，修丈人之古风，因止宿焉。袭封康乐公　　行前取《万载县志》一观，内称：“在吴之头楚之尾，山高水清，禾谷丰硕。地势隐然，负山带江。山水清隩（音，yù，本义为河岸弯曲的地方），风气厚密……万，岩邑也，其山山聿山卒而嵯峨，其水萦纡而绿波。域内奇观，必曰山水。万载地虽僻处，而层峰叠嶂，锦浪纹波，胜致幽景，亦足供高士名流游览栖隐。且灵气所钟，代有哲人。”可见万载不仅是五谷丰腴之乡，且是环境清幽生态极好的人杰地灵之地。三国东吴大帝黄武年间（222～229年），万载开始单独设县，当时叫阳乐县，县治设如今该县的罗城镇。西晋武帝太康元年（280年），阳乐县改名为康乐县，由此与谢氏家族发生了紧密的联系。382年，前秦皇帝苻坚统一了中国北方，次年率九十余万军队南下灭东晋。秦军前锋为二十五万人，由苻坚之弟苻融率领，很快攻下寿阳（今安徽寿县）。东晋以谢安（谢玄叔父）之弟谢石为征讨大都督，以谢玄（谢灵运之祖父）为前锋都督，在淝水一役中，以少胜多，击败了不可一世的苻融军，立下赫赫战功。谢玄因此而加都督徐、兖、青、冀、幽等州，封康乐（今万载）公，食邑二千户。谢玄生有两个儿子，长子谢瑍，幼子谢琼（或谢混）。谢瑍天性迟钝，26岁便夭亡了，但却生了四个儿子，依次为谢公仁、谢公孝、谢公信、谢公义。谢公义，字灵运，为谢瑍幼子，生于晋孝武帝太元十年（公元385年），长得灵秀漂亮，聪明好学，谢玄视之若掌上明珠，曾感叹说：“我生了谢瑍，他很笨，但他却生出了灵运这样聪明的儿子！”谢灵运4岁时，祖父病重，临死前谆谆嘱咐家人一定要把灵运带好，培养成才。公元393年，谢灵运八岁时袭承康乐公，世称谢康乐，仍然食邑二千户。由于谢灵运食封康乐，在万载县的影响可谓深远，成为历代妇孺皆知的人物。该县谢姓百姓对他更是有口皆碑，言必谈谢公康乐侯，并以此为荣耀。不仅如此，该县历代文人雅士及至县衙都十分敬重谢灵运，据县志记载，元至正七年（1347年），由僧人片云募款，邑人龙王向在该县东北十里名丁田的地方建了一座桥，就以康乐侯灵运名，叫康乐桥。此桥为康乐县（今万载县）最大的一座石桥，四墩五孔，全长98米，是万载到宜丰、铜鼓的必经之桥。如今还稳稳当当地横跨在蜀江之上。另有一条河名为康乐水，在邑东北三十里，《环宇记》云：“谢康乐尝游此，因名。源出谢山，东流出西江桥、黄田桥、锦江桥、万岁桥，至丘江会龙河水绕于上高。”　　为纪念康乐公谢灵运，该县在明代前就建有三处康乐祠，其一在县东的小水双江桥侧；其二在康乐桥左，元至正年间建，由欧阳元书额：康乐祠。其三在该县东北四里的杉树亭，人称相公庙。清邑副贡何艮曾题《谢康乐庙》五言诗一首：“先生六朝秀，敛迹谢宠禄。发韵寄烟萝，超兴自林麓。凿险搜洞壑，缒幽穷水陆。逸翰纷云委，寻旨交绮属。荒祠托岩阿，遗像祀山足。虚愰暗尘生，古座苍苔伏。容范虽代去，徽猷动心曲。视瞻荐萍藻，高风彻流俗。”为使文事昌盛，激励后人好好读书，求取功名，尤其像康乐公谢灵运那样有文采，清代万载县还建有两座谢灵运读书堂，其一在县北四里，地名叫山峡的地方，台上石砚至今犹存；其二在县东北二里，地名叫厂塘的地方，此遗址后改建为公祠。弃市广州　　谢灵运自恃门第高贵，又才华横溢，恃才傲物，自以为在政坛上应受到格外的器重，殊不料反遭朝廷排挤，被调离京城建康（今南京）。所以在郡心情烦闷，不理政务，一味纵情山水。平日写写诗文，以宣泄胸中块垒。一年后，称疾辞官。　　宋文帝元嘉三年（426年），文帝为巩固其统治，对世家大族采取笼络政策，由于谢灵运名气大，被征召为秘书监，还被指定撰修晋史。但时隔不久，谢灵运就看出皇帝对他表面上尊重，实际上“惟以文义接见”，只是要他充当一名文学侍从罢了，并无政治上加以任用的意思。不久，谢灵运再辞官归始宁，与朋友往来吟咏，或率领数百随从出入于深山幽谷，探奇觅胜。　　元嘉八年（431年），文帝以之为临川内史，赐秩中二千石。在郡游放，与任永嘉太守时同样不理政务，为有司所纠。司徒遣使随州从事郑望生拘捕之，谢反而将郑扣押，并兴兵叛逸，并赋诗一首：“韩亡子房奋，秦帝鲁连耻。本自江海人，忠义感君子。”以张良、鲁仲连自比，暗示要像他们那样为被灭亡的故国复仇雪耻。文帝爱其才，欲免官而已；彭城王谓不宜恕，但宜宥及后嗣，可降死一等，徙付广州。其后，有人犯赵钦，招供有人欲于三江口将谢劫走，有司又奏依法收治，太祖诏于广州行弃市刑。临死作诗曰：“龚胜无余生，李业有终尽。嵇公理既迫，霍生命亦殒。凄凄凌霜叶，网网冲风菌。邂逅竟几何，修短非所愍。送心自觉前，斯痛久已忍。恨我君子志，不获巖上泯。”诗所称龚胜、李业，犹前诗子房、鲁连之意也。时元嘉十年，年四十九。　　一代文豪犹如一颗流星，在历史的天空划过一道短暂而耀眼的光芒，倏然而逝。谢氏族谱现身茭湖　　古邑万载，已有1700多年的建县历史。从古至今，历史文化名人对万载影响最大的当属康乐公谢灵运。县史志办副主任胡学正在茭湖乡为招商引资印刷的一本摄影画册，看到一幅《灵运公传》的照片，经打听，这些照片均出自县财政局局长卢仕星之手，卢局长告诉他，《灵运公传》拍自茭湖乡谢溪村南源谢家族谱。他们委托县旅游局局长黄成寿请茭湖的易新球乡长把谢氏族谱借来。几经曲折，2004年6月的一天，两册布满虫眼，弥漫着历史烟尘的《万载南源谢氏族谱》终于摆上了的案头。所得两册族谱为卷二和末卷，均为1912年版。卷二计169页，是康乐（堂）谢氏分派世系图，记载了康乐谢氏始祖谢裒之长子谢奕支下繁衍生息的情况。世系图表明，谢奕为谢灵运之曾祖父，谢灵运是谢氏康乐堂第四世孙。至清光绪三十一年（1905年），康乐堂谢氏已发展绵延至五十世。经细心研读，谢氏族谱并没有强拉硬拽的痕迹。如从始祖谢裒往下代代延续，俱有字、号和生殁日期，归葬地点也记载得相当清楚，一环扣一环，无懈可击。如谢灵运之祖父谢元（即谢玄），是这样记载的：“奕公之子元，字明珠，一字幼度，小字羯。东晋建元元年癸卯十月十六日丑生。自少多颖悟，与从兄朗俱为安公所器重。安公常戒约子侄因曰：‘子弟亦何豫人事，而必欲使其佳？’诸人莫有言者。公答曰：‘譬如芝兰玉树，正欲其生于庭阶耳！’安公悦。兴宁元年癸亥征为篆。乙亥诏监北军，庚辰为冠军将军。建勋淝水，封康乐公，赠车骑将军。宁康十二年丁亥为会稽内史。戊子十三年钅监书康乐公谢元卒，谥献武。葬乌衣巷屋后凤形。子二瑍、琼。”　　关于谢灵运的记载是这样的：“瑍公幼子公义，字灵运。少好学，灵心秀质，吐吸山川，与颜延之齐名，文章为江左第一。刘宋乙丑官任秘书监，癸酉为临川内史。袭封康乐侯。东坡云：南台二谢无人继。即指公与朓也。晋宁康甲申六月十八辰生。宋元嘉庚寅四月初三子卒。葬北关外厂塘莲花形卯山酉向。合邑塑像崇祀，丁田建祠，永享香火。配夫人高氏，晋宁康甲申八月初二寅生，宋元嘉辛卯九月初一午殁。葬槽头石马下虎形巽山乾向。子一凤。”其中“厂塘”位于万载县城郊外。“槽头”则在万载茭湖乡境内。　　如此等等，不一而足。似此等记述详尽，自不容置疑。康乐谢氏族谱历经八修，首修于明嘉靖年间，二修于明崇祯年间，三修于清乾隆乙亥年（1755年），四修于清道光癸末年（1823年），五修于咸丰辛酉年（1861年），六修于民国元年（1912年），七修于民国三十二年（1943年），八修于1996年。万载康乐堂谢氏族谱结构紧密，述说详备。　　族谱中已透露出一个重要的信息：谢灵运归葬于万载县北关外厂塘莲花形，方位是卯山酉向。且建有祠庙，塑像崇祀。核之以当地的村书记，证实该村确实有莲花形这个地方。我们一行在平坦的万（载）芳（溪）公路上急驰，在离县城2公里的地方，向右拐进了一条小道，这里林木葱郁，修竹万竿，环境宜人。在谢氏后裔谢细牙的引导下，我们穿过竹林，有屋舍五六栋，平展展的稻田，齐整整的菜园，三三两两的农人在田地里劳作，清亮的渠水哗哗流淌。走过弯弯曲曲的田埂小道，爬上一个山头，谢细牙不无自豪地说：“瞧，这就是我们谢家的祖先灵运公墓！”果然，在这小山顶上，傲然挺立着一块麻石墓碑，坟堆不高，无衬砌，墓碑亦无缺损，方位与族谱所载吻合。细瞧墓碑，只见上面刻着：“合族嗣孙某某立，始祖谢公讳灵运字公义之墓。光绪七年春月重修。”我们按捺住怦怦直跳的心，左右观览且拍个不停。此地几座山头，山形浑圆，呈莲花状组合。墓旁翠竹掩映，墓前有“谢康乐庙”遗址，当地人称“相公庙”。　　一代文豪谢灵运虽然竟葬于荒冢之中，但他的名字在中国文学的殿堂之上熠熠生辉，他的诗歌千百年来滋润了多少学子，至今还令万众景仰。谢灵运实墓全国只万载一处。　　谢灵运一生纵情山水，多在浙东一带游历。其死后葬于何处从无确说，是否就是万载县一处呢？大量史料，均无记载。网上对“谢灵运墓”有三种说法，一说“谢灵运死后，他的次子扶柩回到永嘉（今浙江），建墓于温州城里。”一说在江西高安，云“当地文物资料显示，南北朝（宋）山水诗画的开创者谢灵运曾受贬于建成县（今高安）为官，一生以创作山水诗画著称于世，后积劳成疾逝于建成县，葬于城南门。谢灵运墓地面的遗物早已被废，不过地下墓葬保存完好。”还有一说是清雍正《浙江通志》标点本上载有“宋临川内史谢灵运墓。” 而浙江省地方志办，以及温州、上虞、绍兴、高安等市、县有关部门认为：该地均无实墓，只是将有关史料记载移于网上而已。至此，可以初步断言，在全国范围内，谢灵运实墓仅万载一处。▲","文学成就":"　　谢灵运出身名门，兼负才华，但仕途坎坷。为了摆脱自己的政治烦恼，谢灵运常常放浪山水，探奇览胜。谢灵运的诗歌大部分描绘了他所到之处，如永嘉、会稽、彭蠡等地的自然景物，山水名胜。其中有不少自然清新的佳句，如写春天“池塘生春草，园柳变鸣禽”（《登池上楼》）；写秋色“野旷沙岸净，天高秋月明”（《初去郡》）；写冬景“明月照积雪，朔风劲且哀”（《岁暮》）等等。从不同角度刻画自然景物，给人以美的享受。　　谢灵运的诗歌虽不乏名句，他的诗文大都是一半写景，一半谈玄，仍带有玄言诗的尾巴。但尽管如此，谢灵运以他的创作极大地丰富和开拓了诗的境界，使山水的描写从玄言诗中独立了出来，从而扭转了东晋以来的玄言诗风，确立了山水诗的地位。从此山水诗成为中国诗歌发展史上的一个流派。　　谢灵运善于用富艳精工的语言记叙游赏经历、描绘自然景物，多有形象鲜明、意境优美的佳句，对唐代的诗歌发展有一定的影响。唐朝大诗人李白对谢灵运颇为推崇，曾有“吾人咏歌，独惭康乐“之句。▲","创作风格":"","著述":"　　《隋书·经籍志》所录谢灵运著作36卷，已佚，除《晋书》而外，尚有《谢灵运集》等14种。《谢灵运集》19卷（梁20卷，录 1卷），已佚。北宋以后就已散佚。明代李献吉等从《文选》、《乐府诗集》及类书中辑出谢灵运的作品，由焦竑刊刻为《谢康乐集》。　　诗歌代表作如《登池上楼》等。　　谢灵运除诗歌外还有赋10余篇，其中《山居赋》、《岭表赋》、《江妃赋》等比较有名，景物刻划颇具匠心，但成就远不及诗歌。谢灵运早年信奉佛道，曾注释过《金刚槃若经》，润饰过《大般涅经》，有《辩宗论》为其阐释顿悟的哲学名篇。谢灵运还于元嘉间奉诏撰《晋书》，明代张溥辑有《谢康公集》2卷，收入《汉魏六朝百三家集》。近人黄节也作有《谢康乐诗注》等。▲"}","https://guwen-1252396323.cos.ap-chengdu.myqcloud.com/headImage/20180914152433359.jpg"
"陶弘景","南北朝","陶弘景，南朝梁时丹阳秣陵（今江苏南京）人。著名的医药家、炼丹家、文学家，人称“山中宰相”。作品有《本草经集注》、《集金丹黄白方》、《二牛图》等。","{"生平":"　　陶弘景(456年～536年)，字通明，号华阳隐居，丹阳秣陵（现江苏南京）人。　　生于江东名门。祖陶隆，于南朝宋时侍从孝武帝征战有功，封晋安侯。父陶贞宝，深解药术，博涉子史，官至江夏孝昌相。有《陶隐居集》，中国南朝齐、梁时期的道教思想家、医药家、炼丹家、文学家，帮助修订《本草集注》。卒谥贞白先生。南朝南齐南梁时期的道教茅山派代表人物之一。因看透了混浊的人世，“虽在朱门，闭影不交外物，唯以批阅为务。”（《南史》）后隐居句曲山，可是“国家每有吉凶征讨大事，无不前以咨询，月中常有数信，时人谓为‘山中宰相’”。　　自幼聪明异常，十岁读葛洪《神仙传》，便立志养生，十五岁著《寻山志》。二十岁被引为诸王侍读，后拜左卫殿中将军。三十六岁梁代齐而立，隐居句曲山（茅山）华阳洞。梁武帝早年便与陶弘景认识，称帝之后，想让其出山为官，辅佐朝政。陶于是画了一张画，两头牛，一个自在地吃草，一个带着金笼头，被拿着鞭子的人牵着鼻子。梁武帝一见，便知其意，虽不为官，但书信不断，常以朝廷大事与他商讨，人称“山中宰相”。（492年，陶弘景36岁，他的好友萧衍取得了帝位，他便隐居于曲山。梁武帝萧衍深知陶弘景的才能，几次想请他出仕，都被他拒绝了。后来，梁武帝无法，只好时常将国家大事写成信件，派人送到曲山请教陶弘景，陶弘景看在多年好友的份上，也时常写信给梁武帝，指点政策。于是，朝廷与曲山间音信不断，陶弘景虽身在方外，却俨然成为了朝廷决策人物，当时人们都称他为“山中宰相”。） 他的思想结合老庄哲学和葛洪的神仙道教，杂有儒家和佛教观点。工草隶行书尤妙。对历算、地理、医药等都有一定研究。曾整理古代的《神农本草经》，并增收魏晋间名医所用新药，成《本草经集注》七卷，共载药物730种，并首创沿用至今的药物分类方法，以玉石、草木、虫、兽、果、菜、米实分类，对本草学的发展有一定的影响（原书已佚，现在敦煌发现残本）其内容为历代本草书籍收载，得以流传。　　著有《真诰》、《真灵位业图》、《陶氏效验方》、《补阙肘後百一方》、《陶隐居本草》、《药总诀》、《二牛图》等等。他的文章《答谢中书书》（又名《山川之美》）被选入人教版初二上册语文教科书，也被选入上海教育出版社的六年级的语文教科书中。▲","人物轶事：辞官归隐":"　　弘景博学多识，读书逾万卷，于六经诸子史传无所不通。17岁时便与江学文、褚炫、刘俊等为宋朝外明四友。齐高祖作相时，引为诸王侍读，除奉朝请，朝仪大事多取决于他。然他虽身在朱门，却独居一室，闭影不交外物，唯以披阅(读书)为务，昼夜研读缮写符图经集，于养生服食诸道，渐至通幽探微。如此积年累月，渐觉彻悟，遂萌隐居修行之志。于齐永明十年壬申决意出行归隐。起初他并未上表齐武帝辞行，不告而别，挂朝服于神武门鹿市，径出东亭而行。而后告诉随行左右“勿令人知”，乃去和好友王晏话别。王晏深知其志，对他说：“皇上治事甚严，不准许臣属作离奇之事，你这样不辞而别，恐有忤旨，若皇上怪罪下来，反而达不到你的目的。”　　弘景默思良久，答曰：“我本意欲遂夙愿而已，非为名利，你所说的确有道理，应向皇上直言为是。”于是弘景上表陈诚，以表自己解官归隐之意。表中大意是，我听说无论尧帝之时，还是汉朝都有养生的风气。我为官已久，哪能留恋荣华富贵，所学也不是为了利禄。因此常想回归大自然，过田园生活，领略自然之美。我这就要离开宫庭了，临行之际，不胜眷恋，只好上表以明我心。齐武帝看了弘景的解官表，深为感动，不但下诏批准了弘景的要求，而且给予赏赐，赐帛十疋，烛二十梃。又别勑：朕月给上茯苓五斤，白蜜二斗以供服饵。对他的养生修道之事给予大力支持。　　于是弘景出行入山，临行公卿相送于征虏亭，供帐甚盛，车马克道，人们都说是宋齐以来所未有之盛事，朝野均荣。弘景一行来到勾容的勾曲山停了下来，便于山中建馆。弘景说此山是金坛洞容，周围百五十里，名华阳之天，汉时三茅司命之府，故名茅山。弘景于此山建馆隐居，自号华阳隐居。故人称他为陶隐居。自此，弘景开始了他的长达四十余年的隐居修行生活。弘景归隐之后，有沈约为当时的东阳郡守，因为敬佩他的志向与节操，多次写信请他出来做官，他都婉言谢绝。　　梁武帝萧衍早年与弘景交往甚密。及武帝即位，其初国号未定，弘景引诸谶记，皆成“梁”字，上书武帝，告之“梁”是运符。武帝遂立国号为梁。后来武帝欲聘弘景入朝为官，亲手写诏召之，并赐以鹿皮巾，后屡加礼聘，弘景终是不应，并画双牛图与武帝，其图上一牛散放水草之间，一牛著金络头，有人执绳以杖驱之。武帝见图笑曰：“此人无所求，欲效曳尾龟，岂有可致之理耶！”遂不复提聘官之事。然国家遇有大事，无不前往咨询，帝与弘景之间，书信不绝，月常数信。帝每得其书，烧香虔受，恭敬之状，无以复加。故时人谓之“山中宰相”。▲","成就":"总述　　陶弘景在医药﹑炼丹﹑天文历算﹑地理﹑兵学﹑铸剑﹑经学﹑文学艺术﹑道教仪典等方面都有深入的研究﹐而以对于药物学的贡献为最大﹐这又和炼丹有关。化学方面　　陶弘景对化学的贡献之一是记载了硝酸钾的火焰分析法:“先时有人得一种物﹐其色理与朴硝大同小异﹐朏朏如握雪不冰。强烧之﹐紫青烟起﹐仍成灰﹐不停沸﹐如朴硝﹐云是真消石也。”所谓“紫青烟起”是钾盐所特有的性质。陶弘景这一记载﹐是世界化学史上钾盐鉴定的最早记录。炼丹方面　　陶弘景曾长期从事炼丹实验。梁武帝送给他黄金﹑朱砂﹑曾青﹑雄黄等原料﹐让他炼丹。他在炼丹过程中掌握了许多化学知识﹐例如﹕汞可与某些金属形成汞齐﹐汞齐可以镀物。指出水银“能消化金﹑银成泥﹐人以镀物是也”。胡粉(碱式碳酸铅)和黄丹(四氧化三铅)不是天然产物﹐而是由铅制得。指出﹕胡粉是“化铅所作”﹔黄丹是“熬铅所作”。 据《太平府志》载，陶弘景“上表辞归，筑馆句曲，号华阳隐居，营别室于横山（今安徽省当涂县新市镇境内），作读书处”。梁武帝萧衍即位后，屡请不出，国家每有吉凶征讨大事，无不前往以咨询，人称“山中宰相“。他撰写了大量重要的道教著作，并对天文地理、养生、炼丹等诸方面也有所著述。作品七八十种，尚有《真诰》、《本草集注》、《导引养生图》、《天文星算》、《华阳陶隐居集》等著作及部分诗文存世。　　道教另外的一个修炼方法是外丹术，外丹术就是用炉鼎烧炼矿物类药物，企图炼制出令人长生不死之仙丹的一种实验活动，属早期道教中影响最大的、用以追求成仙的方法。较早的炼丹活动是企图得到黄金之类的性质稳定、不易朽坏之物，并希望通过服食之而达长生不朽。后来道教认为，“道”生万物有着特定的程序（如道生一、一生二、二生三），人们只要能够在丹炉中浓缩地再现这个过程，依“道”之造化规律来运用“火候”烧炼药物，令这些药物逆宇宙生成之程序而返回它们从“道”生来时的状态，然后服食之，便可令人长生不死，是即所谓“夺天地造化之功，盗四时生成之物”。　　道教在探索过程中发现了一些性质不稳而比较容易发生变化的物质（如水银和铅粉等），却不能真正认识这些物质在一定条件下所呈现的化学反应，而是以为一种物质在特定条件下变化为另一种物质，象征着它从宇宙生化程序的一个阶段返回了另一个阶段，并以为其经过多次“还炼”之后即可回复至“道”的状态，而人若服用了这种经过还炼的丹药（如“九转还丹”）之后，即可随之回复至“道”的境界，永存不灭。六朝时期，道教多以为服食外丹乃是成仙的唯一途径，如晋代葛洪说：“不得金丹，但服草木之药及修小术者，可以延年迟死耳，不得仙也”。唐末五代以后，外丹术由于所成丹药多具有毒性而常常令服用者中毒身亡，故开始逐渐衰落而终被内丹术取代。文学方面　　陶弘景一生著书很多，约二百二十三篇。其中关于医药学的有《本草经集注》七卷，《补阙肘後百一方》三卷，《梦书》一卷，《效验施用药方》五卷，《服食草木杂药法》一卷，《断谷秘方》一卷，《消除三尺要法》一卷，《服气导引》一卷，《养性延命录》二卷，《人间却灾患法》一卷，《集药诀》一卷等。其中绝大多数均已散失 。《答谢中书书》▲","后世影响":"　　陶弘景的一生颇具传奇色彩，他推崇葛洪的著作，其经历也和葛洪有异曲同工之妙。《本草经集注》在中国医药学发展过程中写下了重要的一页，诸多创新与发展是勤劳聪敏、博学广识的先贤在中医药学方面的重大贡献，也成了我们学习、借鉴和研究的珍贵资料。陶弘景整理医籍，十分尊重原作，决不乱涂乱改，也不信口雌黄，即使有补充，也把自己的说法和原书的说法区分开来。如把搜集到的三百六十五种药加入《神农本草经》，他就用“黑”字写，有的就用“红”字写。所以，后人有“本草赤字”，　　“本草黑字”之称。赤字是本经正文，黑字是后来加入的。他开创的这种做法，后来的注释家就争相学习。陶弘景整理医籍，细心、严谨、周密、实用，是我们今天整理中医古籍的一面镜子，不愧为一代名医，流传千古　　陶弘景一生爱松，尤其喜欢听松涛。他闻松涛声如闻仙乐，有时仅一人进深山，专去山野谷壑听松涛，人们因而称他为“仙人”。陶弘景继承老庄哲理和葛洪的仙学思想，揉合进佛教观念，主张道、儒、释三教合流，并进一步整理道教经书，对道教颇有贡献。　　陶弘景一生执迷道教的“神仙之术”，固不足取，然而陶弘景知识渊博，精通天文历法、山川地理、医术药物、棋琴书画乃至阴阳五行，在药物、治炼、天文、地理、生物、数学等古代科技多个方面都有一定贡献。　　陶弘景为寻仙访药，常漫游于名山大川中。行至山幽水静的美景之处，陶弘景便坐卧其间，吟诗作赋，作有许多优美诗文。南朝时，散文有了长足的发展，内容上出现了叙事、言情或寄情山水的文章，形式上则出现追求对偶、排比、用典，讲究辞藻华丽和声律求工的骈文。▲","评价":"　　陶氏为世医出身，祖父及父亲皆习医术，且有武功。他自幼聪慧，约十岁时即读葛洪《神仙传》，深受影响，三十六岁辞官隐居句容茅山，并遍历诸有名大山，访求仙药。当时，他深受梁武帝萧衍的信任，虽则他时梁武帝多次赠官不受，但梁武帝有关国家大事都要向他谘询，所以时人对他有“山中宰相”的称号。陶氏思想是释、道、儒三家融于一体的代表人物。　　就医学而言，是我国本草学发展史上贡献最大的早期人物之一。在他生活的年代，本草著作有10余家之多，但无统一标准，特别古本草由失效年代欠远，内容散乱，草石不分，虫兽无辨，临床运用颇为不便，他担负起“苞综诸经，研括烦省”的重任，将当时所有的本草著作分别整理成《神农本草经》及《名医别录》，并进而把两者合而为一，加上个人在这方面的心得体会，著成《本草经集注》，共收药物730种。成为我国本草学发展史上的一块里程碑。　　该书的主要特点是开创了使我国本草学成为一门包罗万象的博物学。他还创立了一些具有独创性的发明，例如创立按药物治疗性质分类的“诸病通用药”分类法，在体例上，又开创本草著作分总论、分论叙述的先河，在当时历史条件下，他又应用朱书、墨书的方法来区别《本经》和《别录》的原文的方法等等。他在我国本草学发展史上有着不可磨灭的功绩。　　陶弘景具有科学的探索精神。在当时的条件下，他敢于提出新的本草分类法，而不囿于原来那种三品分类法。他本人原来是个道教徒，但他却能从实际出发，打破三品分类法，足以证明他在科学道路上实事求是的态度。他有着“一事不知，深以为耻”的探索精神，这又是他在科学上得以有所成就的动力。如他多次亲验细腰蜂（即嬴）的蜂窠，终于得出正确的结论，认为《诗经》的说法“斯为谬矣，选诗者未审，而夫子何为因其僻也？圣人有缺,多皆类此。”直率地批评古圣人的谬误。▲"}","https://guwen-1252396323.cos.ap-chengdu.myqcloud.com/headImage/20180914152435174.jpg"
"谢朓","南北朝","谢朓（464~499年），字玄晖。汉族，陈郡阳夏（今河南太康县）人。南朝齐时著名的山水诗人，出身世家大族。谢朓与谢灵运同族，世称“小谢”。初任竟陵王萧子良功曹、文学，为“竟陵八友”之一。后官宣城太守，终尚书吏部郎，又称谢宣城、谢吏部。东昏侯永元初，遭始安王萧遥光诬陷，下狱死。曾与沈约等共创“永明体”。今存诗二百余首，多描写自然景物，间亦直抒怀抱，诗风清新秀丽，圆美流转，善于发端，时有佳句；又平仄协调，对偶工整，开启唐代律绝之先河。","{"生平":"世家传承　　谢朓家世既贵，少又好学，为南齐藩王所重。初为太尉豫章王萧嶷行参军，迁随王萧子隆东中郎府，转王俭卫军东阁祭酒，后为随王镇西功曹，转文学。永明九年（491年），随王为荆州刺史，“亲府州事”，谢朓也跟着到了荆州，“以文才尤被赏爱”。后调还京都，任新安王中军记室，兼尚书殿中郎，又为骠骑谘议，领记室，掌霸府文笔，又掌中书诏诰。建武二年（495年）出为宣城太守。建武四年（497年），谢朓被任命为齐明帝萧鸾天生残废的长子萧宝义的镇北谘议、兼南东海太守。少学成名　　谢朓青年时代即以文学知名，《南齐书》本传称其“少好学，有美名，文章清丽”，谢朓诗歌创作的主要成就是发展了山水诗。谢朓善草、隶书，长于五言诗，好奖掖人才。因功升任　　岳父王敬则被迫谋反，第五子王幼隆派人到南东海治所与谢朓密谈。谢朓扣住来人，径自告发。王敬则被族灭，谢朓因功升任尚书吏部郎。王敬则之女常怀刀想向谢朓报仇，谢朓不敢与她相见。为吏部郎，沈昭略对他说：“卿人地之美，无忝此职。但恨今日刑于寡妻。”（一说，讲此话的人是范缜）　　这时萧鸾已身染沉疴，而北魏军队常渡江骚扰，南北兵刃数次相接。东昏侯永元元年（499年），始安王萧遥光谋夺帝位，谢朓不预其谋，反遭诬陷，下狱而死。谢朓临败叹道：“我不杀王公，王公由我而死。”辞官谢世　　当时，谢朓的岳父王敬则任会稽太守。因为他是齐武帝的心腹猛将，开国大臣，所以萧鸾对他很不放心，加重兵以监视。王敬则怖惧万状，深感大祸临头。他的第五个儿子王幼隆派人到南东海治所与谢朓密谈。谢朓深怕自己被卷入，扣住来人，径自告发。王敬则被族灭后，谢朓因功升任尚书吏部郎。　　然而谢朓还是没有逃脱政治浊浪的裹挟。同年初秋，萧鸾死去，他的儿子、荒淫无度的东昏侯萧宝卷登位。第二年，在始安王萧遥光，贵戚江祏、江祀、刘沨等合谋的又一起夺位阴谋中，因为谢朓拒绝了他们奉立萧遥光为帝的要求，终于受诬而死，时年三十六岁。　　对于谢朓的死，前人颇有议论。今天看来，他的死能反映出齐代乱世的时代特点；谢朓的自我矛盾和畏祸心理，也是当时士大夫阶级的通病，我们不宜对他过于苛求。我们不妨假设：以谢朓这样逸兴壮飞的才情，如果他能再活上三十六岁的话，我们将多读到多少“清水出芙蓉”般的诗篇！　　谢公宅：谢公宅位于当涂青山，为南朝宣城太守谢脁故宅。环宅皆流泉奇石，摩崖石刻。谢脁诗、书、文俱佳，尤擅五言山水诗，有山水诗祖之称，李白对其推崇备至，曾明确表示死后要与谢脁结为“异代芳邻”，留下了文坛千古佳话。　　马鞍山市博物馆谢朓雕塑，雕塑家唐亚明根据谢朓诗境创作的谢朓像。▲","相关评价":"　　谢朓的诗当然也不无缺点。譬如它们往往不能做到全篇尽善尽美；与篇首相比，结尾显得比较平踬。因而它们只能是向盛唐诗歌发展过程中的“中间”作品。然而正因为如此，它们在文学史上就愈有较高的研究价值。　　唐代著名诗人李白，在《宣州谢朓楼饯别校书叔云》中吟道：“蓬莱文章建安骨，中间小谢又清发。俱怀逸兴壮思飞，可上九天揽明月。”这是对谢朓诗歌的最恰当的评价。李白自己一生追求的便是像谢朓诗歌所体现的“清水出芙蓉，天然去雕饰”的清新自然的艺术风格。此外谢朓的诗歌，对盛唐“诗佛”王维、“诗圣”杜甫的影响也是显而易见的。这一切都充分说明了谢朓在我国诗歌艺术的发展史上，有着特殊的贡献。▲"}","https://guwen-1252396323.cos.ap-chengdu.myqcloud.com/headImage/20180914152451053.jpg"
"鲍照","南北朝","鲍照（约415年～466年）南朝宋文学家，与颜延之、谢灵运合称“元嘉三大家”。字明远，汉族，祖籍东海（治所在今山东郯城西南，辖区包括今江苏涟水，久居建康（今南京）。家世贫贱，临海王刘子顼镇荆州时，任前军参军。刘子顼作乱，照为乱兵所杀。他长于乐府诗，其七言诗对唐代诗歌的发展起了很重要的作用。有《鲍参军集》。","{"文学成就":"　　鲍照创作以诗为主，今存204首。《拟行路难》18首，表现了为国建功立业的愿望、对门阀社会的不满、怀才不遇的痛苦、报国无门的忿懑和理想幻灭的悲哀，真实地反映了当时贫寒士人的生活状况。少部分诗描写了边塞战争和征戍生活，为唐代边塞诗的萌芽。　　艺术风格俊逸豪放，奇矫凌厉，直接继承了建安传统，对后世李白、岑参、高适、杜甫有较大影响。艺术形式上，大力学习和写作乐府诗，存80余首，有三言、五言、七言和杂言等多种形式。五言诗讲究骈俪，圆稳流利，内容丰富，感情饱满。七言诗变逐句用韵为隔句押韵，并可自由换韵，拓广了七言诗的创作道路。他的乐府诗突破了传统乐府格律而极富创造，思想深沉含蓄，意境清新幽邃，语言容量大，节奏变化多，辞藻华美流畅，抒情淋漓尽致，并具有民歌特色。沈德潜曰：“明远乐府，如五丁凿山，开人世所未有。后太白往往效之”（《古诗源》卷十一）。《芜城赋》借广陵在汉代的繁荣和今时的荒凉来抒发怀古之幽情，被视为六朝抒情小赋代表作之一。散文基本上属于骈文。《登大雷岸与妹书》，抒情议论融合，文气跌宕，辞藻绚丽，兼有骈散之长。　　鲍照的集子有南齐永明年间虞炎奉文惠太子萧长懋之命所编10卷。现存鲍照集以《四部丛刊》影印明毛斧季校本《鲍氏集》为较早。明代张溥《汉魏六朝百三家集》本《鲍参军集》最为流行。鲍照集的注释，始于清末的钱振伦，他的注本没有来得及刊行。近人黄节在钱注基础上作了补注，称《鲍参军诗注》，今人钱仲联作《鲍参军集注》，附有《鲍照年表》。他的《登大雷岸与妹书》和《梦还乡》赞美了家乡的山水。今人丁福林、丛玲玲于2012年4月1号出版了《鲍照集校注》。 ▲","生平":"　　鲍照的青少年时代，大约是在京口（今江苏镇江）一带度过的。元嘉期间（424—453年）被宋文帝刘义隆聘为国侍郎。孝武帝即位后，为大学博士兼中书舍人，出任魏陵（今南京市）令，转永嘉（今温州市）令，后任朐海王刘于顼的前军参军、迁军刑狱参军，人称鲍参军。宋文帝元嘉十六年（439年），鲍照26岁，据史载，曾谒见临川王刘义庆,毛遂自荐，但没有得到重视。他不死心，准备献诗言志。有人劝阻他说：“郎位尚卑，不可轻忤大王。”鲍照大怒：“千载上有英才异士沉没而不可闻者，岂可数哉！大丈夫岂可遂蕴智能，使兰艾不辨，终日碌碌与燕雀相随乎？”之后，他终得赏识，获封临川国侍郎。　　元嘉二十一年（444年），刘义庆病逝，他也随之失职，在家闲居了一段时间。后来，又做过一个时期始兴王刘浚的侍郎。　　宋孝武帝刘骏起兵平定刘劭之乱后，他任海虞令，迁太学博士兼中书舍人，出为秣陵令，转永嘉令。孝武帝大明五年（461年），做了临海王刘子顼的幕僚，次年，子顼任荆州刺史，他随同前往江陵，为前军参军，刑狱参军等职，掌书记之任。孝武帝死后，太始二年（466年），江州（今九江市）刺史刘子勋称帝，刘子顼响应，后刘于勋败，刘子顼被赐死，鲍照在荆州被乱军杀害。文帝十一子刘彧杀前废帝刘子业自立，是为明帝。子顼响应了晋安王刘子勋反对刘彧的斗争。子勋战败，子顼被赐死，鲍照亦为乱兵所害，时为泰始二年。　　鲍照有一妹鲍令晖，也善文学。 ▲"}","https://guwen-1252396323.cos.ap-chengdu.myqcloud.com/headImage/20180914152451868.jpg"
"江淹","南北朝","江淹（444—505），字文通，南朝著名文学家、散文家，历仕三朝，宋州济阳考城（今河南省商丘市民权县）人。江淹少时孤贫好学，六岁能诗，十三岁丧父。二十岁左右在新安王刘子鸾幕下任职，开始其政治生涯，历仕南朝宋、齐、梁三代。江淹在仕途上早年不甚得志。泰始二年（466年），江淹转入建平王刘景素幕，江淹受广陵令郭彦文案牵连，被诬受贿入狱，在狱中上书陈情获释。刘景素密谋叛乱，江淹曾多次谏劝，刘景素不纳，贬江淹为建安吴兴县令。宋顺帝升明元年（477年），齐高帝萧道成执政，把江淹自吴兴召回，并任为尚书驾部郎、骠骑参军事，大受重用。","{"成语典故":"梦笔生花　　江淹在被权贵贬黜到浦城当县令时，相传有一天，他漫步浦城郊外，歇宿在一小山上。睡梦中，见神人授他一支闪着五彩的神笔，自此文思如涌，成了一代文章魁首，当时人称为“梦笔生花”。江郎才尽　　中年以后，江淹官运亨通，官运的高峰却造就了他创作上的低潮，富贵安逸的环境，使他才思减退，到齐武帝永明后期，他就很少有传世之作，故有“江郎才尽”之说。据《诗品》，传说他有一天晚上梦见一个人，自称是郭璞（晋代文学家），他对江淹说道：“我有一支五色彩笔留在你处已多年，请归还给我吧！”江淹从怀中取出，还给了那人。其后他写的文章就日见失色。时人谓之才尽，于是便有“江郎才尽”一说。《南史》中除了记载以上故事外，还记载了一个类似的“索锦”的故事，发生在张协与江淹之间。文通残锦　　比喻剩下不多的才华。典出《南史·江淹传》。南朝梁江淹，字文通，年轻时就很有才华。传说他晚年梦见晋张协对他说：“前以一匹锦相寄，今可见还。”江淹把几尺残锦奉还，张大怒说：“那得割截都尽。”江淹的文才从此大不如前。 ▲","文学贡献":"　　江淹突出的文学成就表现在他的辞赋方面，他是南朝辞赋大家，与鲍照并称。南朝辞赋发展到“江、鲍”，达到了一个高峰。江淹的《恨赋》、《别赋》与鲍照的《芜城赋》、《舞鹤赋》可说是南朝辞赋的佳作。　　江淹又是南朝骈文大家，是南朝骈文中最有成就的作家之一，与鲍照、刘峻、徐陵齐名。最为知名的当数他在狱中写给建平王刘景素的《诣建平王书》，文章辞气激扬，不卑不亢，真情实感流注于字里行间。刘景素看了江淹的这篇上书后，深受感动，立即释放了他。另外，江淹的《报袁叔明书》、《与交友论隐书》等，均为当时名篇。 江淹的诗作成就虽不及他的辞赋和骈文，但也不乏优秀之作，其特点是意趣深远，在齐梁诸家中尤为突出。善于拟古是江淹诗歌方面的突出特色，面貌酷似，几可乱真。　　南朝文学批评家钟嵘在《诗品》中就说江淹“善于摹拟”。江淹努力学习古人的作品，确使他摆脱了一些绮丽之风，写出了不少在流丽中带有峭拔苍劲之气的诗篇。在江淹诗歌中，有一部分为乐府歌辞。江淹的乐府歌辞在南朝中虽不能技压群雄，也算得是上乘之作。 ▲","仕宦轶事":"　　宋顺帝升明初年，萧道成（后为齐高帝）辅政时，荆州刺史沈攸之忠于宋，举兵反对萧道成。萧道成询问江淹，江淹向他陈说萧道成必胜而沈攸之必败的五条原因。第二年沈攸之果然战败自杀身亡，江淹也因此而甚得齐高帝赏识。齐东昏侯永元年间，崔慧景造反，率叛军围困京城建康，城内士族官僚纷纷投身于叛军门下，只有江淹称病不往。崔慧景很快兵败，众皆服江淹有远见。后来萧衍带兵至新林（今江苏省南京市西南），士族官僚对他并没有看好，人人安之若素，而江淹却脱去官服，投奔萧衍。后萧衍称帝，江淹得到重用。　　江淹为官清正，不避权贵，直言敢谏。宋后废帝刘昱即位“多失德”，刘景素又偏听偏信左右之言，政局岌岌可危。江淹从容直谏，刘景素怒而不纳，江淹赠诗十五首以讽谏。江淹任御史中丞时，弹劾中书令谢朏、司徒左长史王缋、护军长史庾仲远。也曾奏前益州刺史刘悛、梁州刺史阴智伯有脏物宝货成千上万，并拘捕了他们，交朝廷治罪。其他被检劾论治的违法官员更是不胜枚举。齐明帝曾当面称赞江淹：“从宋代以来，不曾有严明的御史中丞，君今天可说近代独一无二了。”▲"}","https://guwen-1252396323.cos.ap-chengdu.myqcloud.com/headImage/20180914152458030.jpg"
"庾信","南北朝","庾信（513—581）字子山，小字兰成，北周时期人。南阳新野（今属河南）人。他以聪颖的资质，在梁这个南朝文学的全盛时代积累了很高的文学素养，又来到北方，以其沉痛的生活经历丰富了创作的内容，并多少接受了北方文化的某些因素，从而形成自己的独特面貌。","{"介绍":"","文学成就":"早期　　庾信早期的赋，现存有《春赋》、《对烛赋》、《荡子赋》等七篇，有些已残缺。这些赋均属宫体文学范畴，内容不外是女子的美貌或相思别离，篇幅短小，语言华艳，注重音节之美。其中《春赋》最具体表性。此篇写春光之美及妇女游春景象，色泽极为艳丽。赋的开头和结尾多用七言诗句，有较强的音乐效果。如结尾一段：三日曲水向河津，日晚河边多解神。树下流杯客，沙头渡水人。镂薄窄衫袖，穿珠帖领巾。百丈山头日欲斜，三晡未醉莫还家。池中水影悬胜镜，屋里衣香不如花。 和《舞媚娘》一样，也是歌咏对人生中短暂的欢乐时光的留恋。这种诗赋结合乃至诗赋难分的倾向也为后人所继承，如初唐王勃、骆宾王及稍后的刘希夷等都有类似的作品。总的说来，庾信早年的诗赋，在语言技巧上已有相当的成就，但反映的生活面过于狭窄，缺乏壮阔的激情。后期　　庾信后期的创作，虽谓“老成”，但早年那一种风格，并没有抛弃。他同北朝显贵唱和的诗，依然是雍容华贵，且多艳情成分。另有《题画屏风》二十五首，也以精巧见长。题画诗在此之前极为少见，故这一组诗在题材的开拓上有值得注意的地方。诗的特点，是善于运用山水诗的手法，把画面的内容同想象结合，既不脱离画面，又富于自然的生趣。这启发了后代常在画上配诗以扩充欣赏内涵的风气。不过，在庾信后期创作中，最受重视的，是与前一种风格很不相同的自抒胸怀与怀念故国之作。庾信的性格，既非果敢决毅，又不善于自我解脱，亡国之哀、羁旅之愁、道德上的自责，时刻纠绕于心，却又不能找到任何出路，往往只是在无可慰解中强自慰解，结果却是愈陷愈深。所谓“情纠纷而繁会，意杂集以无端”（陈祚明《采菽堂古诗选》），使得诗中的情绪显得沉重无比。《拟咏怀》二十七首，就是这一类诗的代表。俎豆非所习，帷幄复无谋。不言班定远，应为万里侯。燕客思辽水，秦人望陇头。倡家遭强聘，质子值仍留。自怜才智尽，空伤年鬓秋。（《拟咏怀》之三）。杜甫曾经评价道，“庾信平生最萧瑟，暮年诗赋动江关”（出自《咏怀古迹》第一首），最能说明庾信晚年的风格。　　庾信后期的赋，也有很大变化。最著名的作品，是《哀江南赋》。赋前有序，是一篇能独立成章的骈文，交代作赋的缘由，概括全篇大意，语言精丽，意绪苍凉，本身就是一篇杰作。　　庾信只是一位有才华的文学家，却被命运放在了错误的位置上，并且必须承担这种“错位”带来的痛苦。这就是此诗的内涵。 ▲","生平":"成长经历　　庾信（513—581）字子山，小字兰成，南阳新野（今属河南）人。庾信少负才名，博览群书。十五岁入宫为太子萧统伴读，十九岁任抄撰博士，后任梁湘东国常侍等职，陪同太子萧纲(梁简文帝)等写作一些绮艳的诗歌。梁武帝末，侯景叛乱，庾信时为建康令，率兵御敌，战败。建康失陷，他被迫逃亡江陵，投奔梁元帝萧绎。元帝承圣三年(554年)他奉命出使西魏，抵达长安不久，西魏攻克江陵，杀萧绎。他被留在长安，官至骠骑大将军开府仪同三司，故又称“庾开府”。庾信被强留于长安，永别江南，内心很是痛苦，再加上流离颠沛的生活，使他在出使西魏以前和以后的思想、创作上发生了深刻的变化。庾信出使西魏以前的作品存者不多，一般没有摆脱“宫体诗”的影响，迄今被传诵的诗赋，大抵是到北方后所作，这些作品从思想内容到艺术风格都和早年有所不同。他的诗歌代表作有《拟咏怀》27首，虽属模拟阮籍，实则全是感叹自己的身世。他的乐府歌行，常常使用比兴手法自悲身世，如《怨歌行》、《杨柳歌》等。庾信到北方以后的诗歌苍劲沉郁，和他经历战乱及对北方景物有较深的感受有关，佳作有《郊行值雪》、《望野》、《燕歌行》、《同卢记室从军》。他的一些小诗写得亲切动人，很少用典，如《寄王琳》、《寄徐陵》、《和侃法师三绝》、《重别周尚书二首》等，都很著名。 庾信在辞赋方面的成就并不亚于诗歌，他的抒情小赋如《枯树赋》、《竹杖赋》、《小园赋》和《伤心赋》等，都是传诵的名作，著名的《哀江南赋》是其代表作。庾信又是南北朝骈文大家，他的文风以讲究对仗和几乎处处用典为特征，其文章多为应用文，但常有抒情性和文学意味。今本《庾子山集》以《四部丛刊》影印明代屠隆本为最早。《增订四库简明目录标注》讲到明有汪刊本，共十二卷；还有朱曰藩刊本，仅六卷，有诗无文。此外还有明代张溥所刻《汉魏六朝百三家集》本，称《庾开府集》。庾信集较早的注释本是清代吴兆宜所注十卷本，稍后有倪璠注本十六卷。文学创作　　大体说来，庾信的文学创作，以他四十二岁时出使西魏为界，可以分为两个时期。前期在梁，作品多为宫体性质，轻艳流荡，富于辞采之美。羁留北朝后，诗赋大量抒发了自己怀念故国乡土的情绪，以及对身世的感伤，风格也转变为苍劲、悲凉。所以杜甫说：“庾信文章老更成，凌云健笔意纵横。”（《戏为六绝句》）　　庾信在梁时所作大多毁于战乱，留存很少，且基本上都是唱和之作。其中《奉和泛江》、《奉和山池》等，多写景之句。后一首中“荷风惊浴鸟，桥影聚行鱼。日落含山气，云归带雨余”，观察、描绘都很细致，与萧纲的诗十分相近。具有宫体气息的六言诗《舞媚娘》大概也作于南朝：朝来户前照镜，含笑盈盈自看。眉心浓黛直点，额角轻黄细安。只疑落花谩去，复道春风不还。少年唯有欢乐，饮酒那得留残！诗中写爱美的少女对青春的怜惜，虽包涵着伤感的情绪，却还是活泼而有生气的。 ▲"}","https://guwen-1252396323.cos.ap-chengdu.myqcloud.com/headImage/20180914152504064.jpg"
"范晔","南北朝","范晔（公元398年—公元445年），字蔚宗，南朝宋史学家，顺阳（今河南淅川南）人。官至左卫将军，太子詹事。宋文帝元嘉九年（432年），范晔因为“左迁宣城太守，不得志，乃删众家《后汉书》为一家之作”，开始撰写《后汉书》，至元嘉二十二年（445年）以谋反罪被杀止，写成了十纪，八十列传。原计划作的十志，未及完成。今本《后汉书》中的八志三十卷，是南朝梁刘昭从司马彪的《续汉书》中抽出来补进去的。其中《杨震暮夜却金》已编入小学教材，《强项令》选入中学教材。","{"人物生平":"早年经历　　范晔出生于士族家庭（顺阳范氏家族），曾祖范汪仕东晋，官至安北将军，撰有《尚书大事》《范东阳方》等，进爵武兴县侯，传至伯父范弘之；祖父范宁历任临淮太守、豫章太守，为东晋经学大家，著有《春秋榖梁传集解》；父范泰仕晋为中书侍郎，后得刘裕信任，屡被升迁，亦有《古今善言》二十四卷。　　范晔虽出名门，但由于是妾生的庶子，地位并不高。据传范晔为母亲入厕时所生，因额头被砖磕破，遂得小名“砖”。范晔出生后，因伯父无子，就被过继给范弘之，因而得袭爵位，封武兴县五等侯。　　范晔自幼酷爱读书，幼年即博览家中藏书，善文，能作隶书，并通晓音律。义熙十年（414年），州郡征召为主簿，被范晔拒绝。元熙二年（420年），刘裕代晋称帝，范晔应招出仕，任彭城王刘义康门下冠军将军，后迁为秘书丞，因父丧离职。元嘉七年（430年），范晔服丧期满，担任征南大将军檀道济的司马、兼新蔡太守。时北魏鲜卑军队围攻青州，檀道济奉命出师解围，范晔随军北伐，升任尚书部郎。著史立说　　元嘉九年（432年）冬，彭城王刘义康母亲王太妃去世。下葬当晚，刘义康召集同僚旧友料理丧事，聚会于东府。时范晔的弟弟范广渊为司徒府祭酒，范晔就和王深、王广于范广渊处饮酒，开北窗欣赏挽歌为乐。刘义康大怒，降范晔为宣城太守。　　范晔因被贬职，郁郁不得志，就在任内整理各家关于后汉的史籍，开始从事后汉史的编纂工作，企图以此排解痛苦。通过研究史事，范晔打开了眼界，凭着个人对历史问题的理解和一腔热情，范晔终于写出了他的历史名作《后汉书》。《后汉书》为文简明周详，叙事生动，书成后遂取代了以前各家的后汉史。孤高疏狂　　元嘉十五年（438年），范晔任满，调任长沙王刘义欣镇军长史，加封宁朔将军。次年，嫡母（父范泰正室）去世，按礼数范晔应立即赴丧，但范晔以患病为由，过了好久才动身，并携带妓妾同往。御史中丞刘损上表检举范晔一系列的违礼行为，宋文帝欣赏范晔的才华，并未将他治罪。　　元嘉十七年（440年），服丧期满，范晔投靠兴王刘浚，任后军长史、南下邳太守；刘浚任扬州刺史后，不问政事，一应事务全部委托范晔。因此范晔仕途畅达，不久升为左卫将军、太子詹事。　　范晔具有多方面的才能，除学识渊博、善于为文外，还精通音乐，长于书法。但范晔为人傲岸不羁，不肯曲意逢迎。他的琵琶弹得很好，并能创作新曲。宋文帝很想听听，屡次加以暗示，范晔故作不知，始终不肯为皇帝弹奏。一次文帝宴请大臣，对范晔说：“我想唱歌，请你为我弹琴。”范晔只得奉旨弹奏，文帝歌一唱完，范晔马上停止弹奏，不肯多弹一曲。　　范晔虽然不曲意逢迎皇帝，对同僚却以诚相待。时沈演之为右卫将军，与范晔（左卫将军）对掌禁旅，同参机密。每次朝见皇帝时，范晔若先到，必等沈演之到来一起进去，而沈演之入朝向来没有等范晔的习惯。范晔为人不藏心机，遂作《和香方》，对他们进行讥讪。根据同僚的特点，范晔把庾炳之比作是“多忌”的麝香、沈演之比作“昏钝”的“枣膏”等等，而范晔则以“沈实易和”自喻。《和香方》一出，范晔更为同僚所不容。召祸之由　　元嘉十七年（440年），因彭城王刘义康长期执政，威权日重，宋文帝猜忌心起，遂以“合党连群，阴谋潜计”的罪名解除了刘义康的宰辅职务，贬为江州刺史。孔熙先因刘义康有恩于其父，便联络朝臣，密谋反叛，更立刘义康为帝。　　范晔掌握禁军，有盛名，又多年在刘义康的部下为官，所以在网罗党羽时候，成了孔熙先首先留意的对象。孔熙先首先结交范晔的外甥谢综，谢综为报答孔熙先，就把他引荐给了范晔。孔熙先认识范晔后，倾全力伺候范晔，并拉拢范晔赌博，故意输钱。范晔贪心钱财，又欣赏孔熙先的才干，于是二人关系越来越好。孔熙先见时机成熟，就尝试怂恿范晔参与谋反，被范晔拒绝。孔熙先又用朝廷拒绝联姻一事相激，刘义康也为宣城之贬向范晔频致歉意，范晔终于参加进来，决心反叛朝廷。叛乱始末　　孔熙先精通天文，就派尼姑法静南下论道，宣扬江州将出天子（即江州刺史刘义康）；为增加谋反成功率，孔熙先又命僧人法略改名孙景玄，到臧质军中任宁远参军 ，并联络许耀（法静的妹夫，时任台城队长，在宫中值班），以为内应。孔熙先又勾结大将军府史仲承祖，仲承祖便将谋反计划告诉了丹阳尹徐湛之。　　徐湛之告诉范晔，臧质非常赞成他们的行动，必定会邀请萧思话一同举事，不用担心兵力不够，只须坐等良辰到来。于是他们互相设置官职：徐湛之为抚军将军、扬州刺史，范晔为中军将军、南徐州刺史，孔熙先为右卫将军等，凡是他们一贯讨厌或不附从刘义康的，又另抄一本，以便将这些人处死。　　孔熙先见事情进展顺利，命其弟孔休先草拟檄文，并要求范晔起草政变宣言。于是，范晔以刘义康的名义作书给徐湛之，勉励各部“同心协力，族灭奸党，争为创业元勋，再创宋朝”。　　元嘉二十二年（445年）九月，征北将军衡阳王刘义季、右将军南平王刘铄外出边镇就任，范晔等人便约定在这天举事，但由于没有约好，政变未能如期举行。身死事哀　　元嘉二十二年（445年）十一月，徐湛之上疏文帝，告密范晔是政变的主谋，并呈报参与政变的名单和相关书信证据，文帝随即诏书“马上逮捕，依法穷诘”。当夜，文帝遣人秘密收捕谢综、孔熙先，又诏朝臣会聚东阁，质问范晔为何谋反。范晔在仓猝之际非常恐惧，慌忙否认。文帝告知其谢综、徐湛之、孔熙先等都已供认，又摆出书信证物，范晔遂承认谋反事实，表示“有负于国、罪行深重，愿被处死。”　　第二天，范晔被送入狱，询问徐湛之关押何处，才得知告密者正是徐湛之。于是，范晔称病请求更换狱所，得以和谢综等人成为隔壁。范晔告诉他们告密者是徐湛之，并作诗感叹：“在生已可知，来缘画无识。好丑共一丘，何足异枉直。”范晔入狱后，以为自己会被即刻处死，不料因文帝追查案情，二十多天未见结果，范晔以为尚有生存希望。孔熙先讥讽范晔怕死，范晔感喟地说：“可惜！满腹经纶，葬身此地。”　　十二月，范晔被押赴刑场，时年四十八岁。其子范蔼、范遥、范叔委等皆被株连，唯有孙子范鲁连幸免于难。▲"}","https://guwen-1252396323.cos.ap-chengdu.myqcloud.com/headImage/20180914152518801.jpg"
"何逊","南北朝","南朝梁诗人，字仲言，东海郯(今山东省苍山县长城镇)人，何承天曾孙，宋员外郎何翼孙，齐太尉中军参军何询子。八岁能诗，弱冠州举秀才，官至尚书水部郎。诗与阴铿齐名，世号阴何。文与刘孝绰齐名，世称何刘。其诗善於写景，工于炼字。为杜甫所推许，有集八卷，今失传，明人辑有何水部集一卷。后人称“何记室“或“何水部“。","{"写作特色":"　　何逊的诗作，擅长抒写离情别绪及描绘景物。其特点之一，是通过对客观事物的描写衬托出作者的主观感受，往往寓目即书，不大用典故，像历来评论家所称道的“夜雨滴空阶，晓灯暗离室“(《临行与故游夜别》)；“露湿寒塘草，月映清淮流“（《与胡兴安夜别》）等句，都能做到情景交融，在写景中体现惜别和惆怅的心情。看似信手拈来，毫不费力，但情真意切，读后令人难忘。又如“薄云岩际出，初月波中上“（《入西塞示南府同僚》），“游鱼乱水叶，轻燕逐风花“（《赠王左丞》）等句，善于用流畅的语言细致贴切地描摹自然景物,对仗工整而不觉其平板,对杜甫有明显的影响。他还有一些写景诗如《下方山》、《还渡五洲》、《日夕出富阳浦口和朗公》、《慈姥矶》等，也有许多传诵人口的佳句。这些佳句,意境虽近于谢□,但笔力则稍嫌平弱。钟嵘评谢□诗“末篇多踬“，“此意锐而才弱也“（《诗品》），这个缺点在何逊作品中似更明显。何逊的诗在当时曾与刘孝绰齐名，称为“何刘“。颜之推的《颜氏家训·文章篇》认为何诗虽有“清巧“的长处,但多“苦辛“、“饶贫寒气“,不及刘孝绰。其实何逊的诗之所以多“苦辛“之词，乃是他的遭遇坎坷所致，其诗作多不平之鸣，并非无病呻吟。　　何逊的诗受“永明体“的影响，很讲究声律，某些作品比沈约等人更接近成熟的近体诗。日本僧人遍照金刚《文镜秘府论》在论诗的声律时，曾举他的《伤徐主簿》三首为例；宋代洪迈的《万首唐人绝句》还把他的《送司马长沙》误作唐人五绝选入。　　何逊除诗以外,还有少量辞赋和骈文传世。他的《穷乌赋》似是残存的片段，并非全文。他的骈文中辞藻较好的是《为衡山侯与妇书》，但又并无显著的特色，远不如他的诗。　　《何逊集》据《梁书·何逊传》说是他死后由同时人王僧孺所编定,共8卷。《隋书·经籍志》所著录的是7 卷。此书最晚到五代时已残缺。宋代黄伯思《东观余论》载《何逊集》有后晋天福本2卷,有诗无文。今所见刻本以明代正德张□刊本为早。继有薛应□刊本、张燮刊本和张溥《汉魏六朝百三家集》本。中华书局有排印本《何逊集》。 ▲","生平":"　　何逊，南朝齐、梁文学家。字仲言，东海郯(今山东省苍山县长城镇)人，侨居丹徒。曾祖承天，宋御史中丞，曾考定《元嘉历》。逊八岁能诗，二十岁左右举秀才，同时诗人范云览其试策，大加称赞，就此结为忘年交。诗为沈约所赏。逊出身贫寒，仕途很不得意。天监中，为奉朝请，迁中卫建安王萧伟水曹行参军，随任江州(今江西九江)。后还建康(今南京)，一度得武帝赏识，旋为所弃，出为安西安成王萧秀参军、兼尚书水部郎，除仁威庐陵王萧续记室，复随府江州，卒于任所。后人因称“何记室”或“何水部”。其诗文与同时刘孝绰齐名，世称“何刘”。又以诗与阴铿颇相似，世号“阴何”。北齐颜之推《颜氏家训·文章篇》认为何诗虽有“清巧”之长，但多“苦辛”、“饶贫寒气”，不及刘孝绰。其实何诗所以多“苦辛”之词，乃是其坎壈遭际所致，诗作多不平之鸣，并非无病呻吟。今存诗一百一十余首，多为赠答及纪行之作，擅长抒写离情别绪及描绘景物，其特点在于通过对客观事物的描写衬托出作者的主观感受，往往寓目即书，不喜用典故，写景抒情极为精妙，格调清新婉转，如向称名句的“夜雨滴空阶，晓灯暗离室”(《从镇江州与游故别》)、“露湿寒塘草，月映清淮流”(《与胡兴安夜别》)、“江暗雨欲来，浪白风初起”(《相送》)等，情景交融，在写景中体现惜别和惆怅的心情，看似信手拈来，但情真意切，读后令人难忘。又如“薄云岩际出，初月波中上”(《入西塞示南府同僚》)、“游鱼乱水叶，轻燕逐风花”(《赠王左丞》)等句，善于用流畅的语言细致贴切地描摹自然景物，对仗工整而不觉其平板，对杜甫有明显影响。他还有一些写景诗如《下方山》、《还渡五洲》、《日夕出富阳浦口和朗公》、《慈姥矶》等，亦多脍炙人口的佳句。诗句意境颇近于谢朓，饶有风致，为南朝山水诗派代表之作，惜笔力稍嫌平弱。钟嵘《诗品》评谢朓诗“末篇多踬”、“此意锐而才弱也”，这一缺点在何逊作品中似更明显。逊诗受“永明体”影响，其新体诗工于炼字，音韵和谐，已初具唐律规模，是六朝诗与唐律间的过渡体裁。日僧遍照金刚《文镜秘府论》在论诗歌声律时，曾举其《伤徐主簿》三首为例；宋洪迈《万首唐人绝句》曾将其《送司马长沙》误作唐人五绝选入。唐杜甫为诗曾化用他的一些佳句，并说“颇学阴何苦用心”。清沈德潜称其“情辞宛转，浅语俱深”(《古诗源》)。何逊尚有少量辞赋和骈文传世。其《穷乌赋》似为残存片段，并非全文。辞藻较好者是《为衡山侯与妇书》，但并无显著特色，成就远不如诗。何逊身后由同时人王僧孺编定集八卷，《隋书·经籍志》著录为七卷。此书最晚至五代时已残缺。宋代黄伯思《东观余论》载《何逊集》有后晋天福本二卷，有诗无文。今所见刻本以明正德间刊本为早，继有薛应旂刊本、张燮刊本和张溥《汉魏六朝百三名家集》本。现有中华书局排印本《何逊集》。▲"}","https://guwen-1252396323.cos.ap-chengdu.myqcloud.com/headImage/20180914152521231.jpg"
"沈约","南北朝","沈约（441~513年），字休文，汉族，吴兴武康（今浙江湖州德清）人，南朝史学家、文学家。出身于门阀士族家庭，历史上有所谓“江东之豪，莫强周、沈”的说法，家族社会地位显赫。祖父沈林子，宋征虏将军。父亲沈璞，宋淮南太守，于元嘉末年被诛。沈约孤贫流离，笃志好学，博通群籍，擅长诗文。历仕宋、齐、梁三朝。在宋仕记室参军、尚书度支郎。著有《晋书》、《宋书》、《齐纪》、《高祖纪》、《迩言》、《谥例》、《宋文章志》，并撰《四声谱》。作品除《宋书》外，多已亡佚。","{"轶事典故":"沈约瘦腰　　沈约从少年时代起就很用功读书，白天读的书，夜间一定要温习。他母亲担心他的身体支持不了这样刻苦的学习，常常减少他的灯油，早早撤去供他取暖的火。青年时期的沈约，已经“博通群籍”，写得一手好文章，并且对史学产生了浓厚的兴趣。他从二十几岁的时候起，用了整整二十年时间，终于写成一部晋史。可惜，这部晋史没有能够流传下来。　　沈约暮年，身体消瘦。著名词人李煜词中有“沈腰潘鬓消磨”一句，指的便是沈约。后来，明代诗人夏完淳也有“酒杯千古思陶令，腰带三围恨沈郎”之诗句，这个细腰男子指的也即沈约。沈约孤贫笃志好学　　（沈约）孤贫，笃志好学，昼夜不释卷。母恐其以劳生疾，常遣减油灭火。而昼之所读，夜辄诵之，遂博通群籍，善属文。济阳蔡兴宗闻其才而善之，及为郢州，引为安西外兵参军，兼记室。兴宗常谓其诸子曰：“沈记室人伦师表，宜善师之。”　　（家境）孤苦贫寒，志向坚定而且热爱学习，日日夜夜不知疲倦。他的母亲担心他因为太劳累而生出疾病，时常让他少添灯油（熄灯）。而（沈约）白天所诵读过的文章，晚上就能够背诵，于是精通众多典籍，能够写出很好的文章。济阳蔡兴宗听说了他的才能很赏识他。蔡兴宗时为郢州刺史，引荐沈约为安西外兵参军，兼任记室（官名）。蔡兴宗曾经对他的几个儿子说：“沈约的为人堪称师表，你们应该好好地向他学习。”▲","史学成就":"　　在沈约之前，已经有人开始撰写南朝刘宋皇朝时期的历史了。最早撰写刘宋国史的是何承天。他在宋文帝时以著作郎身份，起草了宋史的纪、传和《天文》、《律历》、《五行》等志，其中人物列传只写到宋武帝时期的一些功臣。后来，又有山谦之、苏宝生等相继续作宋史，但都中途而废。宋孝武帝大明六年（462年），徐爰负责修撰宋史。他在前人撰述的基础上，写成国史六十五卷，上起东晋末年，下迄大明时期。所有这些，都为沈约撰《宋书》提供了文献资料。沈约接受撰写宋史的任务，是在南齐永明五年（487年）的春天。他用了不到一年的时间，即在第二年二月，就首先撰成《宋书》纪、传七十卷。起于东晋安帝义熙之初，终于宋顺帝升明三年（479年），记东晋末年及刘宋一代史事。这是沈约撰写《宋书》的第一个阶段。第二个阶段，是《宋书》八志三十卷的撰成。从《宋书》志避梁武帝父亲和梁武帝本人的讳来看，它的撰成，很可能是在梁武帝时期。沈约撰《宋书》的经过大致如此。　　《宋书》在反映时代特点方面是很突出的。比如《宋书》的传，与以前正史相比，就有几个值得注意的特点。第一，创立家传的形式。以前史书列传所记人物，一般不附记传主后人之传，而《宋书》则改变此例，开以子、孙之传附父、祖之传的先声。故《宋书》所记人物，多为门阀地主，而且把门阀士族所重视的家传也引入正史了。如《宋书》卷四十二《刘穆之传》，后面就附有“长子虑之”、“虑之子邕”、“穆之中子式之”、“式之子瑀、“穆之少子贞之”、“穆之女婿蔡佑”等人的传；卷七十七《沈庆之传》，后面附有“子文叔”、“庆之弟劭之”、“庆之见子僧荣”、“僧荣子怀明”、“庆之从弟法系”等传。这种家传式的列传，在《宋书》里是不少的。这是魏晋南北朝时期门阀地主居于统治地位，社会风气崇尚门第、家族史和谱系之学在史学上的反映。第二，创《索虏传》以记北魏史事，正如北齐人魏收撰《魏书》以《岛夷传》记南朝史事一样。这是南北分裂的政治局面在史学上的一种特殊的反映。第三，在类传中增立《孝义传》，提倡“孝行”、“孝廉”。这是魏晋统治者鼓吹“以孝治天下”的遗风。　　《宋书》的志，也很有特色。一是八志多从三国讲起，有的更追述到东汉，表明作者极重视典章制度的沿革流变。这是中国史学的一个优良的传统。八志之首有一篇《志序》，概述志的源流和《宋书》志的缘起，也讲到志的撰述之不易，所谓“渊流浩漫，非孤学所尽；足蹇途遥，岂短策能运”。梁朝江淹说过：“修史之难，无出于志。”他的这句话被后来的史家一再引用，说明中国古代史学家在这个问题上都有一种共同的感受。《宋书》的《志序》是一篇不可不读的好文章。二是《宋书》的《礼志》和《乐志》分别占了五卷和四卷，几乎占了整个志的篇幅的三分之一，这在以前的正史中也是不曾有的。东晋南朝门阀士族十分讲究礼法。《宋书·王弘传》记王弘说：“弘明敏有思致，既以民望所宗，造次必存礼法，凡动止施为，及书翰仪体，后人皆依仿之，谓为‘王太保家法’。”有的史书还说；“弘每日对千客，可不犯一人讳。”真不愧是门阀土族讲究“礼法”的楷模。《宋书》重视礼志、乐志，洽是这种社会风气的反映。三是《宋书·州郡志》详尽地记述了东晋以来北方人口南迁及侨置郡县的具体情况，是一篇反映人口变动和区域建置变动的重要文献。《州郡志》序说；“地理参差，其详难举，实由名号骤易，境土屡分，或一郡一县，割成四五，四五之中，亟有离合，千回百改，巧历不算，寻校推求，未易精悉。”当时社会的动荡于此可见一斑。四是创立《符瑞志》，从远古到刘宋，历举许多神怪荒诞之事，宣扬“有受命之符，天人之应”。因而它的糟粕就更多一些。不过，它也讲到一些自然现象，如果用今天的科学眼光来看待的话，也不是完全没有价值的。在沈约同时和沈约以后，还有一些人撰写过刘宋皇朝时期的历史，但都失传了。因此，《宋书》的价值就越发显得重要了。　　除《宋书》外，沈约还著有《晋书》一百一十卷，《齐纪》二十卷，《高祖纪》十四卷。　　但是，沈约在南朝的刘宋、萧齐和萧梁都曾任重官，所以在为齐武帝撰《宋书》时，曾经因为武帝曾在宋朝皇帝任官职而避讳了很多从宋孝武帝到宋明帝时期的史实。民国史学家蔡东藩曾认为《宋书》讳莫如深。 ▲","文学成就":"诗文　　沈约诗文兼备。当时的许多重要诏诰都是出自于他的手笔，在齐梁间的文坛上负有重望。《南史》称：“谢玄晖善为诗，任彦升工于笔，约兼而有之，然不能过也。”钟嵘《诗品》将沈约的诗作定为中品，评道： “梁左光禄沈约。观休文众制，五言最优。详其文体，察其馀论，固知宪章鲍明远也。所以不闲于经纶，而长于清怨。永明相王爱文，王元长等皆宗附之。约于时谢朓未遒，江淹才尽，范云名级故微，故约称独步。虽文不至其工丽，亦一时之选也。见重闾里，诵咏成音。嵘谓约所著既多，今翦除淫杂，收其精要，允为中品之第矣。故当词密於范，意浅於江也。”　　在“永明体”诗人中，沈约占有重要地位。钟嵘以“长于清怨”概括沈约诗歌的风格。这种特征主要表现在他的山水诗和离别哀伤诗之中。　　与同时代的“二谢”等人相比，沈约的山水诗并不算多，但也同样具有清新之气，不过其中又往往透露出一种哀怨感伤的情调。如《登玄畅楼》诗：“危峰带北阜，高顶出南岑。中有陵风榭，回望川之阴。岸险每增减，湍平互浅深。水流本三派，台高乃四临。上有离群客，客有慕归心。落晖映长浦，焕景烛中浔。云生岭乍黑，日下溪半阴。信美非吾土，何事不抽簪？”写景清新而又自然流畅，尤其是对于景物变化的捕捉与描摹，使得诗歌境界具有一种动态之势。诗人以登高临眺之所见来烘托“离群客”的孤独形象，从而将眼前之景同“归心”融为一处。又如其《秋晨羁怨望海思归》诗：“分空临澥雾，披远望沧流。八桂暖如画，三桑眇若浮。烟极希丹水，月远望青丘。”全诗境界阔大高远，给读者展示出天水一色、烟波浩淼的海天景色。结合诗题来看，海天的空旷辽远，正反衬出“羁怨”之情与“思归”之念。此类诗歌在齐梁山水诗中，亦不失为上乘之作。此外，像“日映青丘岛，尘起邯郸陆。江移林岸微，岩深烟岫复”（《循役朱方道路》）；“山嶂远重叠，竹树近蒙笼。开襟濯寒水，解带临清风”（《游沈道士馆》）；“长枝萌紫叶，清源泛绿苔。山光浮水至，春色犯寒来”（《泛永康江》）等描写山水的诗句，皆令人耳目一新。　　沈约的离别诗也同样有“清怨”的特点，如最为后人所称道的《别范安成》：“生平少年日，分手易前期。及尔同衰暮，非复别离时。勿言一樽酒，明日难重持。梦中不识路，何以慰相思？”将少年时的分别同如今暮年时的分别相对比，已经蕴含了深沉浓郁的感伤之情；末二句又用战国时张敏和高惠的典故（见《文选》李善注引《韩非子》），更加重了黯然离别的色彩。全诗语言浅显平易，但情感表达得真挚、深沉而又委婉，在艺术技巧上具有独创性。沈德潜评此诗：“一片真气流出，句句转，字字厚，去‘十九首’不远。”（《古诗源》卷十二）沈约的悼亡怀旧之诗，“清怨” 的色彩更加突出，如《悼亡诗》：“去秋三五月，今秋还照梁。今春兰蕙草，来春复吐芳。悲哉人道异，一谢永销亡。帘屏既毁撤，帷席更施张。游尘掩虚座，孤帐覆空床。万事无不尽，徒令存者伤。”诗的前半以大自然的永恒来反衬人生易逝、一去不返的悲哀；后半将悲伤的情感同凄凉的环境融为一处，情状交现，悲怆靡加。除离别哀伤之作外，沈约的抒怀之作如《登高望春》、《古意》、《伤春》、《秋夜》以及乐府诗《临高台》、《有所思》、《夜夜曲》等，在沈约集中皆为上乘之作，而且也都具有“清怨” 的风格特征。四声八病说　　南朝齐永明年间，周颐著《四声切韵》，提出平上去入四声。沈约与谢朓、王融、范云等人一起，将四声的区辨同传统的诗赋音韵知识相结合，规定了一套五言诗创作时应避免的声律上的毛病，就是后人所记之“八病”。即平头、上尾、蜂腰、鹤膝、大韵、小韵、旁钮、正钮等八种声病，“八病”具体为何，说法不一。“四声八病”说为后来产生近体诗奠定了基础。 ▲","藏书故事":"","介绍":"　　沈约孤贫流离，笃志好学，博通群籍，擅长诗文。在沈约的少年时代，他白天读的书，夜间一定要温习。母亲担心他的身体支持不了这样刻苦的学习，常常减少他的灯油，早早撤去供他取暖的火。青年时期的沈约，已经“博通群籍”，写得一手好文章。　　历仕宋、齐、梁三朝。在宋仕记室参军、尚书度支郎。在齐仕著作郎、尚书左丞、骠骑司马将军，为文惠太子萧长懋太子家令，“特被亲遇，每直入见，影斜方出”。竟陵王萧子良开西邸，招文学之士，沈约为“竟陵八友”之一，与谢朓交好。齐梁禅代之际，他帮助梁武帝萧衍谋划并夺取南齐，建立梁朝。曾为武帝连夜草就即位诏书。萧衍认为成就自己帝业的，是沈约和范云两个人。萧衍封他建昌县侯，官至尚书左仆射，后迁尚书令，领太子少傅。晚年与梁武帝产生嫌隙。十二年（513年），忧惧而卒，时年七十三。诏赠本官，赐钱五万，布百匹。有司谥请谥沈约为“文”，梁武帝道：“怀情不尽曰隐。”故改谥为“隐”。好学，聚书至二万卷。　　著有《晋书》一百一十卷，《宋书》一百卷，《齐纪》二十卷，《高祖纪》十四卷，《迩言》十卷，《谥例》十卷，《宋文章志》三十卷，文集一百卷，并撰《四声谱》。作品除《宋书》外，多已亡佚。明人由张溥在《汉魏六朝百三名家集》中辑有《沈隐侯集》。 ▲"}","https://guwen-1252396323.cos.ap-chengdu.myqcloud.com/headImage/20180914152525447.jpg"
"陆凯","南北朝","陆凯（？―约504年），字智君，陆俟之孙，北魏代（今张家口涿鹿县山涧口村）人，鲜卑族。是南北朝人。《魏书》有传。","{"生平":"　　陆凯出身名门，祖父陆俟官拜征西大将军，父兄也都为朝廷命官。他15岁时就官拜给事黄门侍郎，为皇帝亲近侍从。陆凯忠厚又刚正不阿，身居要职数十年。后来，又出任正平太守七年，被称为良吏。　　陆凯与南朝著名史学家、文学家、《后汉书》作者范晔友好，常以书信来往。当时南朝北朝处于敌对状态，但是陆凯与范晔暗地里不断通信，互相诉说对时世的看法和感愤。陆凯于北魏景明二年（501年），把一支梅花装在信袋里，暗暗捎给江南好友范晔。范晔拆开信一看，里面赫然放着一支梅花，并有诗一首：　　折梅逢驿使，寄与陇头人。　　江南无所有，聊赠一枝春。　　范晔被陆凯这种一身清白、忠心爱国、盼望祖国早日统一的精神所感动，潸然泪下。这件事传出以后，被南北两方文人称赞不已。后人以“一枝春”作为梅花的代称，也常用作咏梅和别后相思的典故，并成为词牌名。　　陆凯的哥哥陆琇官拜司部典书，后来因为咸阳王元禧事件受到株连，冤死在狱中。陆凯悲愤至极，不畏强暴势力，到处为哥哥申诉鸣冤。正始元年（504年），朝廷给陆琇昭雪、追复爵位。陆凯宿愿得偿，十分高兴，摆置酒席款待四方好友，席间表诉自己心愿已遂，不再有所牵挂。不久，陆凯病故，谥号慧。 ▲"}","https://guwen-1252396323.cos.ap-chengdu.myqcloud.com/headImage/20180914152546066.jpg"
"萧衍","南北朝","梁高祖武皇帝萧衍（464年－549年），字叔达，小字练儿。南兰陵郡武进县东城里（今江苏省丹阳市访仙镇）人。南北朝时期梁朝政权的建立者。萧衍是兰陵萧氏的世家子弟，为汉朝相国萧何的二十五世孙。父亲萧顺之是齐高帝的族弟，封临湘县侯，官至丹阳尹知事，母张尚柔。他原来是南齐的官员，南齐中兴二年（502年），齐和帝被迫“禅位”于萧衍，南梁建立。萧衍在位时间达四十八年，在南朝的皇帝中列第一位。在位颇有政绩，在位晚年爆发“侯景之乱”，都城陷落，被侯景囚禁，死于台城，享年八十六岁，葬于修陵，谥为武帝，庙号高祖。","{"生平":"少年英才　　在血缘上来看，萧衍和南齐皇室关系很密切。他的父亲萧顺之就是齐高帝的族弟，曾经做过侍中、卫尉等高官。他们都是东晋淮阴县令萧整的后代。 萧衍后来之所以能建立功勋，并最终建立梁朝，他的家族背景起了很大作用。 　　萧衍小时候就很聪明，而且喜欢读书，是个博学多才的少年，尤其在文学方面很有天赋。当时他和另外七个人一起游于竟陵王萧子良门下，被称为“竟陵八友”，其中包括历史上有名的沈约、谢朓、范云等。沈约是知名文学家、史学家，著有《宋书》、《齐纪》等书，而谢朓则是这时期有名的诗人。不过，这八个人当中，萧衍的胆识却是其他七个人无法相比的。 在隋炀帝正式创立科举制度之前，中国的官吏基本上是世袭加推荐两种形式，所以，家族的背景尤其重要。而且在三国、两晋、南北朝时期，更注重门第观念，不是名家大族的人，如果想做官是非常难的。萧衍因为有先天的家族背景，所以刚做官时就是在卫将军王俭手下。　　果然，王俭见萧衍很有才华，言谈举止也很出众，于是就提拔他做了户曹属官。因为他办事果断机敏，和同事以及上司关系融洽，不久又提升为随王的参军。后来因为父亲去世，他回去守丧三年，然后复官，升任太子庶子和给事黄门侍郎。襄助萧鸾　　永明十一年（公元493年），齐武帝病重，当时的大臣王融想在武帝去世后拥立竟陵王萧子良，以便控制朝政。后来事情败露，王融下狱被赐死。王融的计划和结局，萧衍原来就已经推算出来了，他的好友范云由此对他异常敬佩。齐武帝去世后，皇太孙萧昭业即位为帝，只知享乐，不理政务，对大臣的劝谏也不接受。掌权的大臣萧鸾决定把他废掉。　　在和萧衍他们商议时，萧衍表示反对，他说：“废立皇帝是大事，不能轻率从事，现在废立难免会遭到众王的反对。”萧鸾则说：“现在的众王没什么才能，只有随王萧子隆文武兼备，而且占据荆州。如果把他召回来，就万事大吉了。但怎么才能让他回来呢？” 萧衍说：“这个随王其实徒有虚名，并无什么真才干。他的属下也没有出色的人，只是依赖武陵太守卞白龙和另外一个，这两个也是无能之辈，贪图金钱富贵，到时候只要一封书信许诺高官厚禄，就可以把他们轻易地召回来。没有了左膀右臂，那个随王到时候也会跟着回来的。” 萧鸾对萧衍的分析很赞同，于是照他们商议的执行。萧鸾废杀萧昭业，拥立萧昭文，自己掌握朝政大权。三个月之后，萧鸾废掉萧昭文，自己做了皇帝，这就是齐明帝。萧鸾做皇帝之后，没有忘记萧衍的谋划之功，把他提拔为中书侍郎，后来又升为黄门侍郎。萧衍的地位开始显赫起来。力退北魏　　在萧衍辅佐萧鸾做皇帝的第二年，北魏的孝文帝率领三十万军队亲自进攻南朝的齐，沿淮河向东攻打钟离。齐明帝萧鸾先派左卫将军崔慧景、宁朔将军裴叔业领兵迎战。听到北魏军队分兵攻打义阳后，又派遣萧衍和平北将军王广之领兵救援。 　　王广之领兵进到离义阳百里之外时，听说北魏军队人强马壮，于是畏缩不前。萧衍则请求充当先锋，和北魏军队交战。王广之于是派部分军队归萧衍指挥，进兵义阳。 　　萧衍带领军队连夜抄小路赶到了距离北魏军只有几里地的贤首山，然后命令士兵将旗帜插满了山上山下。等到天一亮，义阳城中的齐军看到后，以为重兵已经赶到给他们解围来了，于是士气大增，马上集合军队出城攻击北魏军，同时顺风放火。这边的萧衍也趁机夹攻北魏军，萧衍亲自上阵，摇旗擂鼓助威，齐军士气高昂，个个奋勇杀敌。北魏军在齐军前后夹击下，溃不成军，只好退却。齐军最终取得了这场战役的胜利。萧衍也因战功而升任太子中庶子。雍州战败　　公元487年的秋天，北魏军再次南下，接连攻下了新野和南阳，前锋直逼雍州，即当前的湖北襄樊市。齐明帝萧鸾赶忙派萧衍、左军司马张稷、度支尚书崔慧景领兵增援雍州。第二年的三月，萧衍和崔慧景领兵与北魏军作战，在雍州西北的邓城被北魏的几万铁骑兵包围。萧衍知道城中粮草和枪械缺乏，就对崔慧景说：“我们远道征战，本来就很疲惫，需要休整，现在又遇到强敌围困。如果军中知道粮草缺乏的实情，肯定会发生兵变。为防万一，我们还是趁敌人立足未稳，鼓舞士气杀出重围为上策。”　　崔慧景虽然心中忧虑胆怯，但表面上却假装镇静：“北方军队都喜欢游动作战，他们不会夜里攻城的，不久自然会退兵的。”没想到魏军越来越多，没有退却的迹象。原来还表现得很镇静的崔慧景这时露出了胆怯的原形，没有和萧衍商议，就私自带着自己的部曲逃走了。其他各部见统帅溜了，也纷纷逃散。萧衍无法控制局面，只好边战边退。过一道沟时，军队自相践踏，再加上北魏军在后边射箭攻击，齐兵死伤惨重。　　最后，萧衍退到了樊城，才得以站稳脚跟。这次战败后，齐明帝没有责怪萧衍，而是让他主持雍州的防务，任雍州刺史。从此萧衍就有了一块固定的根据地，这为他势力的发展奠定了基础，成为他日后争夺齐政权的资本。谋诛东昏　　齐明帝萧鸾在位只有五年就病死了，他的儿子萧宝卷即位，这就是无能的东昏侯。东昏侯治国无术，却很残忍，做皇帝后杀掉了很多大臣，对于一些功臣也不知道爱护，妄加杀戮。萧衍逐渐和他对立起来。　　在东昏侯冤杀军功大臣、萧衍的兄长萧懿后，萧衍召集部下商议废掉东昏侯。众人非常赞同，萧衍于是大力招兵，准备和东昏侯决战，很快招募到甲士千人，马上千匹，战船三千艘。 　　为了增加号召力，萧衍联合了南康王萧宝融一起举兵，后来南康王在江陵即位，这就是齐和帝。他们共同和东昏侯争夺齐的政权。最后，萧衍领兵到达了建康城下，和守军激战，攻下了外城，将齐宫城团团围住。　　在国难之际，齐内部仍有奸臣进谗言，说事到如此完全是文武大臣的过错，怂恿东昏侯大开杀戒。这使征虏将军王珍国异常愤恨，暗中派心腹给萧衍送去一个明镜，表示心迹。王珍国和其他大臣，带兵夜入皇宫，杀死在国难当头还在醉生梦死、歌舞不断的东昏侯。然后将他的头颅送出，献给萧衍。　　萧衍在攻占首都建康后，派兵四处征讨，各地的官员纷纷投降归顺。这次萧衍拥戴萧宝融，消灭了东昏侯，立下了赫赫战功，他也因此升任大司马，掌管中外军国大事，还享有剑履上殿，入朝不趋，赞拜不名的殊荣。代齐建梁　　萧衍虽然大权在握，也想废和帝自己做皇帝，但他并没有急于求成，而是静待时机。原来的好友沈约知道他的心事，于是委婉地向他提起此事，第一次时萧衍装糊涂，推辞过去了。第二次提起时，萧衍犹豫片刻，说了句“让我想想再说吧”。后来就答应了。　　沈约又告知了范云，两人都同意拥立萧衍做皇帝，萧衍知道后，很高兴。在他们谋划的过程中，萧衍竟然贪恋起原来宫中的两个美女来，把头等大事忘到了脑后。范云知道后很着急，又找到萧衍，说明利害，这才使萧衍下决心灭掉齐，免得夜长梦多。 　　范云和沈约写信给和帝的中领军夏侯祥，要他逼迫和帝禅让帝位给萧衍。同时，萧衍的弟弟、荆州刺史也让人传播民谣“行中水，为天子”，利用人们的迷信观念为萧衍称帝大造舆论。等和帝的禅让诏书送到后，萧衍又假装谦让。于是，范云带领众臣117人，再次上书称臣，请求萧衍早日登极称帝。太史令也陈述天文符谶，证明他称帝合乎天意，萧衍这才装着勉强接受众人的请求，在公元502年的农历四月，正式在都城的南郊祭告天地，登坛接受百官跪拜朝贺 建立大梁帝国。 　　然后，萧衍派人给和帝送去生金，逼其吞金自尽。和帝死后，萧衍说他暴病而死，谥为和帝。又按照皇帝的规格举行丧礼，将他葬在恭安陵。显著政绩　　萧衍做皇帝之后，初期的政绩是非常显著的。他吸取了齐灭亡的教训，自己很勤于政务，而且不分春夏秋冬，总是五更天起床，批改公文奏章，在冬天把手都冻裂了。他为了广泛地纳谏，听取众人意见，最大限度地用好人才，下令在门前设立两个盒子（当时叫函），一个是谤木函，一个是肺石函。如果功臣和有才之人，没有因功受到赏赐和提拔，或者良才没有被使用，都可以往肺石函里投书信。如果是一般的百姓，想要给国家提什么批评或建议，可以往谤木函里投书。　　萧衍的节俭也是出了名的，史书上说他“一冠三年，一被二年”，他不讲究吃穿，衣服可以是洗过好几次的，吃饭也是蔬菜和豆类，而且每天只吃一顿饭，太忙的时候，就喝点粥充饥。在这方面，萧衍在中国古代所有皇帝中也算得上出类拔萃之辈。　　萧衍很重视对官吏的选拔任用，他要求地方的长官一定要清廉，经常亲自召见他们，训导他们遵守为国为民之道，清正廉明。为了推行他的思想，萧衍还下诏书到全国，如果有小的县令政绩突出，可以升迁到大县里做县令。大县令有政绩就提拔到郡做太守。他的政令实行起来以后，梁的统治状况得到显著改善。猜疑心重　　和封建社会很多的皇帝一样，萧衍也是猜疑心重，忌惮开国元勋。在功臣当中，应该是范云和沈约的功劳最大，谋划、辅佐他登上了皇帝宝座。但萧衍并没有重用他们。建国开始时范云就病逝了，萧衍也没有重用沈约，而是让其他的人主持朝政，反过来，萧衍还经常斥责沈约，后来，沈约也病死了。　　萧衍对功臣吝啬，但是对于自己的皇室亲属却是另外照顾，照顾得有些徇私护短。但他的照顾没有给他带来好处，反而让他备受刺激，这是他以后当和尚的主要原因。　　一个是他的六弟萧宏，一个是他的次子萧综。　　萧宏在窝藏杀人凶手时，萧衍也不加惩罚反而加封官职，妄加纵容。萧宏也不知恩，更加肆无忌惮地胡作非为。最后，竟和自己的侄女，也就是萧衍的大女儿私通，两个人还谋划着要篡夺萧衍的皇位，结果派人刺杀萧衍时，事情败露，刺客被抓，最后处死。萧衍的女儿知道自己罪孽深重，也没脸再见父亲，于是自尽。萧衍没有怪罪萧宏。后来萧宏得病而死。　　萧综是萧衍的次子，但是他的母亲吴淑媛原来是东昏侯的妃子，跟了萧衍后，仅七个月就生下了萧综，可能是东昏侯的儿子。萧综并没有受歧视，萧衍封他为王，还做将军。但吴淑媛自己失宠之后，由于对萧衍的怨恨，就把七个月生萧综的事告诉了萧综。从此，萧综就觉得自己是东昏侯的儿子，和萧衍更为疏远了。　　后来，梁和北魏在边境发生冲突，萧衍让萧综领兵，督率各军作战。但萧综却投奔了北魏，北魏很高兴，授予高官厚禄。萧综还改名为萧缵，并表示为东昏侯服丧服（即斩衰，一种生麻布做成的简单衣服）三年。萧衍听说后，非常生气，不但撤消了给他的封号，还把吴淑媛废成庶人。后来，萧衍听说萧综有回来的意思，就让吴淑媛给他送去小时候的衣服。但萧综却不愿意回来。不久，吴淑媛病逝，萧衍又起了恻隐之心，又下诏恢复萧综的封号，给吴淑媛加了谥号为“敬”。　　这两次打击对于萧衍来说是很大的。建国开始的时候，萧衍重视儒家思想，还自己亲自写《春秋答问》等书，解答大臣们的疑问，直接倡导了好的学习风气。但老年后，特别是以上这两桩事后，萧衍看破红尘，从儒家转向了佛家，还几次入寺庙做了和尚，当住持，讲解经书。笃信佛教　　在公元527年，萧衍亲自到了同泰寺，做了三天的住持和尚。还下令改年号为大通。信佛之后，他不近女色，不吃荤，不仅他这样做，还要求全国效仿：以后祭祀宗庙，不准再用猪牛羊，要用蔬菜代替。他吃素，要神灵也吃素。老人皇帝做事总是和年轻时、壮年时不一样。这个命令下达之后，大臣议论纷纷，都反对。最后，萧衍允许用面捏成牛羊的形状祭祀。　　后来，萧衍又几次入寺做和尚，还精心研究佛教理论，这使得他没有精力再理朝政，重用的人也出现了奸臣，造成朝政昏暗。老年的萧衍也是刚愎自用，乱建佛寺，不听劝谏，导致后期的政绩下降。 　　公元520年，梁武帝改元普通，这一年被历史学家视为南朝梁发展的分水岭。在这年开始，梁武帝多次舍身出家，普通八年（公元527年）三月八日，第一次前往同泰寺舍身出家，三日后返回，大赦天下，改年号大通；大通三年（公元529年）九月十五日，第二次至同泰寺举行“四部无遮大会”，脱下帝袍，换上僧衣，舍身出家，九月十六日讲解《涅槃经》，二十五日由群臣捐钱一亿，向“三宝”祷告，请求赎回“皇帝菩萨”，二十七日萧衍还俗；大同十二年（公元546年）四月十日，萧衍第三次出家，这次群臣用两亿钱将其赎回；太清元年（公元547年），三月三日萧衍又第四次出家，在同泰寺住了三十七天，四月十日朝廷出资一亿钱赎回。梁武帝晚年笃信佛法，纵容邪恶，郭祖深形容：“都下佛寺五百余所，穷极宏丽。僧尼十余万，资产丰沃。”侯景之乱　　侯景原来是被鲜卑族同化的羯族人，和高欢（其子高洋建立了北齐）关系很好，在怀朔六镇起义失败后，侯景投靠了其他部落，后来又投奔了高欢，高欢很欣赏他，委以重任。　　侯景为人居心叵测，在高欢死后，他和高欢的儿子高澄不和，高澄想夺他的兵权。侯景就于太清元年（547）正月据河南13州投降了西魏，但西魏宇文泰对他有戒心，于是侯景又请求萧衍接受他归顺。萧衍很高兴，封河南王，封大将军，派军队接应。朝中有的大臣知道侯景为人，一句话成了谶语：“乱事就要来了。”　　后来，归顺的侯景以诛杀朝中弄权的朱异为借口，发动叛乱，最后，围困都城，本来侯景已经元气大伤，但守城的将领也没了斗志，开城把侯景放了进来。侯景带着五百甲士去见萧衍，发生了很有趣的一段对话：　　萧衍见侯景来，不慌不忙地问道：“你是哪里的人，竟敢作乱，你的妻子、儿女还在北方吗？”侯景这时害怕得汗流满面，竟不知道怎么回答。旁边的部下替他说：“臣景的妻子和儿女都被高氏杀了，现在只有一人归顺陛下。”萧衍问道：“你过江时有多少兵马？”侯景答道：“千人。”萧衍问：“攻城时多少？”“十万。”“现在呢？”“率土之内，莫非己有。”最后，萧衍安慰他说：“你有忠心于朝廷，应该管束好部下，不要骚扰百姓。”侯景答应了。　　见过萧衍后，侯景对身边的亲信王僧贵说：“我多年征战疆场，从没有胆怯过。这次见萧衍竟然有点害怕他，莫非真是天子威严不容侵犯吗？”其实，侯景一是作乱心虚，二是萧衍本来也是战场勇将，侯景肯定早就有敬畏之心，加上当时迷信思想严重，认为天子都是神灵下凡。还有萧衍信佛后，看清权势，他的镇静无疑更让侯景心虚。台城身亡　　五月，梁武帝萧衍被活活饿死在台城，享年八十六岁，葬于修陵（今江苏丹阳市陵口）。谥为武帝，庙号高祖。▲"}","https://guwen-1252396323.cos.ap-chengdu.myqcloud.com/headImage/20180914152547244.jpg"
"陈叔宝","南北朝","陈后主陈叔宝（553—604年），字元秀，南朝陈最后一位皇帝。公元582年—589年在位，在位时大建宫室，生活奢侈，不理朝政，日夜与妃嫔、文臣游宴，制作艳词。隋军南下时，自恃长江天险，不以为然。589年（祯明三年），隋军入建康，陈叔宝被俘。后在洛阳城病死，终年52岁，追赠大将军、长城县公，谥曰炀。","{"轶事典故":"落井下石　　当贺若弼攻入建康宫廷时，陈叔宝带着张、孔二妃以及十来个宫人，逃出后堂景阳殿，就要往井里跳。袁宪苦苦哀求，陈后主不听。后阁舍人夏侯公韵用自己的身子遮挡井口，陈后主极力相争。争了很长时间，才得以跳进井里。　　不久，有隋军士兵向井里窥视，并大声喊叫，井下无人应答。士兵扬言要落井下石，方才听到有人求救，于是抛下绳索往上拉人，觉得非常沉重，本来以为后主体胖。等到把人拉上来，才吃惊地发现，原来一根绳索，“串”着陈后主、张丽华以及孔贵妃人。绝无心肝　　杨坚对陈叔宝极为优待，准许他以三品官员身分上朝。又常邀请他参加宴会，恐他伤心，不奏江南音乐，而后主却从未把亡国之痛放在心上。一次，监守他的人报告文帝说：“陈叔宝表示，身无秩位，入朝不便，愿得到一个官号。”文帝叹息说：“陈叔宝全无心肝。”监守人又奏：“叔宝常酗酒致醉，很少有清醒的时候。”隋文帝让后主节酒，过了不久又说：“由着他的性子喝吧，不这样，他怎样打发日子呀！”过了一些时候，隋文帝又问后主有何嗜好，回答说：“好食驴肉。”问饮酒多少，回答说：“每日与子弟饮酒一石。”让隋文帝相当惊讶。　　隋文帝东巡邙山，后主奉召前往，他在宴会上赋诗说：“日月光天德，山川壮帝居，太平无以报，愿上东封书。”表请封禅，隋文帝不许。杨坚评价说：“陈叔宝的失败皆与饮酒有关，如将作诗饮酒的功夫用在国事上，岂能落此下场！当贺若弼攻京口时，边人告急，叔宝正在饮酒，不予理会；高颎攻克陈朝宫殿，见告急文书还在床下，连封皮都没有拆，真是愚蠢可笑到了极点，陈亡也是天意呀！”▲","生平":"　　陈叔宝，字元秀，小字黄奴，公元553年（梁元帝承圣二年）十一月出生于江陵，是陈宣帝陈顼的长子，母为皇后柳敬言。　　公元562年（天嘉三年），立为安城王世子。公元566年（天康元年），授宁远将军。公元567年（光大元年），为太子中庶子，寻迁侍中。公元569年（太建元年）正月，被立为皇太子。　　陈叔宝虽然身为太子，但是其皇位却来得十分不易。陈宣帝的次子——即陈叔宝的弟弟陈叔陵一直有篡位之心，谋划刺杀陈叔宝。宣帝崩后，陈叔宝在宣帝灵柩前大哭，叔陵趁机用磨好的刀砍击叔宝，击中颈部，但没有造成致命伤害，叔宝在左右的护卫下逃出，派大将萧摩诃讨伐叔陵。最后叔陵被杀。　　叔宝即皇帝位，就是陈朝末代皇帝——陈后主，册封沈婺华为皇后，张丽华为贵妃，孔氏为贵嫔。当初叔陵做逆时，后主脖颈被砍受伤，在承香殿中养病，摒去诸姬，独留张贵妃随侍。后主病愈，对张丽华更加爱幸。　　自武帝开国以来，内廷陈设很简朴。后主嫌其居处简陋，不能作为藏娇之金屋，于是在临光殿的前面，起临春、结绮、望仙三阁。阁高数十丈，袤延数十间，穷土木之奇，极人工之巧。窗牖墙壁栏槛，都是以沉檀木做的，以金玉珠翠装饰。门口垂着珍珠帘，里面设有宝床宝帐。服玩珍奇，器物瑰丽，皆近古未有。阁下积石为山，引水为池，植以奇树名花。每当微风吹过，香闻数十里。后主自居临春阁，张贵妃居结绮阁，龚、孔二贵嫔，居望仙阁，其中有复道连接。又有王、季二美人，张、薛二淑媛，袁昭仪、何婕妤、江修容等七人，都以才色见幸，轮流召幸，得游其上。张丽华曾于阁上梳妆，有时临轩独坐，有时倚栏遥望，看见的人都以为仙子临凡，在缥缈的天上，令人可望而不可即。　　陈叔宝在位期间，正值隋文帝开皇年间。隋文帝本有削平四海之志，于是隋之群臣，争劝文帝伐陈。文帝下诏数后主二十大罪，散写诏书二十万纸，遍谕江外。有人劝文帝说兵行宜密，不必如此张扬。文帝说：“若他惧而改过，朕又何求？我将显行天诛，何必守密？”于是修建了许多战舰，命晋王杨广、秦王杨俊、清河公杨素为行军元帅，总管韩擒虎、贺若弼等，率兵分道直取江南。隋军有五十一万八千人，东接沧海，西距巴蜀，旌旗舟楫，横亘数千里，无不奋勇争先，尽欲灭了陈朝。　　陈叔宝却深居高阁，整日里花天酒地，不闻外事。他下令建大皇寺，内造七级浮图，工尚未竣，为火所焚。沿边州郡将隋兵入侵的消息飞报入朝。朝廷上下却不以为意，只有仆射袁宪，请出兵抵御，后主却不听。及隋军深入，州郡相继告急，后主叔宝依旧奏乐侑酒，赋诗不辍，而且还笑着对侍从说：“齐兵三来，周师再至，无不摧败而去，彼何为者耶？”孔范说：“长江天堑，古以为限，隔断南北，今日隋军，岂能飞渡？边将欲作功劳，妄言事急。臣每患官卑，虏若渡江，臣定做太尉公矣。”有人妄传北军的马在路上死去很多。孔范说：“可惜，此是我马，何为而死？”后主听后大笑，深以为然，君臣上下歌妓纵酒，赋诗如故，似乎亡国的威胁并不存在。　　公元589年（祯明三年）正月，隋兵自广陵渡过了长江。老谋深算的贺若弼使用了兵不厌诈的策略，他先用战马买陈朝战船隐蔽起来，再买破船五六十艘置放于长江小港汊内，故意给陈朝造成隋朝没有水军的错觉；又让沿江部队在换防之际，大张旗鼓，聚集广陵，陈人以为敌兵要发动进攻，慌忙准备，但隋军并不发一矢一镞，便匆匆而去，日子一久，陈兵知是换防，也就懈怠了。贺若弼又使人故意缘江狩猎，人马喧噪，声震江岸，以迷惑对方，因此隋兵渡江时，陈兵并未发觉。与此同时， 韩擒虎也攻占了采石，杨广帅大军屯驻六合镇之桃叶山。风声鹤唳，草木皆兵，后主这才慌了手脚，召集大臣退敌。后主下诏说：“犬羊陵纵，侵窃郊畿，蜂虿有毒，宜时扫定。朕当亲御六师，廓清八表，内外并可戒严。”一方面胆小如鼠，一方面又气壮如牛，这通檄文活画出了后主首鼠两端、惶惧可怜的神色。他以骠骑将军萧摩诃、护军将军樊毅、中领军鲁广达并为都督，司空司马消难、湘州刺史施文庆并为大监军，分兵扼守要害；又命大将樊猛率师出白下（江苏南京市北剑门外幕府山南麓，北临长江），皋文奏镇守南豫州（安徽宣城），同时大肆扩兵，连僧尼道士也悉数征召入伍。隋兵一鼓作气，以秋风扫落叶之势连下京口、故孰（安徽马鞍山市当涂县），军纪严明，秋毫无犯，深得人心。陈军连战皆北，望风溃逃。　　其时建康城中尚有兵十万，后主却六神无主，日夜啼泣，将朝政交给施文庆办理。文庆胡说诸将嫌功高赏薄，时有怨言，不可委以重任，因此诸将凡有建议，皆阻而不行。当贺若弼攻京口时，萧摩诃请战，后主不许；贺若弼攻占钟山，萧摩诃又建议说，隋兵孤军深入，立足未稳，如果偷袭，定可奏捷，又为后主所拒。大将任忠上奏说：“兵法有云，客军贵速战速决，主军贵老成持重，如今国家足兵足食，应当固守。北兵若来，不与交战，分兵截断江路，使他们彼此音信不通，然后给我精兵一万，金翅船三百艘，直趋六合，敌人必以为渡江之兵已被我俘获，自然夺气。淮南百姓，与我有旧，知我前往，必然欢迎。我声言去徐州断彼归路，则敌军必不击自去。待来春水涨，上流我兵必沿流赴援，这样，陈朝江山就可保了。”后主也屏而不纳。　　隋军攻城甚急，后主慌乱中摆出了一字长蛇阵，令鲁广达居南，任忠、樊毅、孔范次之，萧摩诃居北，南北连亘二十余里，首尾不能相顾。贺若弼挥军迳取孔范，陈军大溃，死者五千人。萧摩诃因后主曾淫其妻，心怀愤懑，拥兵不战，为隋军俘获，只有鲁广达拼死格斗。任忠见陈兵溃败，入告后主说：“陛下请勿再战，臣已无力报国了。”后主给他两袋金子，让他募兵。任忠又说：“为今之计，陛下唯一的出路就是准备舟楫，到上流去与我军会合，臣当舍死保驾。”后主深信不疑，命他出去部署，又让宫人打点行装，等他归来一起出发。谁知任忠见大势已去，竟觍颜降敌，领着韩擒虎直奔朱雀门（一名大航门，建康城南城门，今南京市中华门内）。陈兵欲战，任忠大呼说：“老夫尚降，何况尔等！”众军一哄而散，城内文武百官皆遁，朝堂为之一空，只有仆射袁宪、后阁舍人夏侯公韵未去。后主吓得魂不附体，打算逃匿，袁宪阻拦说：“北兵入城，必无所犯，事既如此，陛下还能逃往何处！请陛下正衣冠，御正殿，仿照梁武帝见侯景故事。“侯景举兵叛梁，曾将梁武帝围困在建康台城里（宫城），终至饿死，后主自然不愿蹈此覆辙，颤声说：“锋刃之下，未可与争，我自有计。”说着，迳率后宫十余人来至后堂景阳殿。　　此时隋军已排闼而入，捉住后主张贵妃、孔贵嫔等人，押到韩擒虎帐前来。隋军一面扫荡残敌，令后主手书招降陈朝未降将帅，一面收图籍，封府库，又将张丽华及施文庆、沈客卿、阳慧朗、暨慧景等奸佞枭首于市。陈朝宣告覆亡，隋文帝终于统一了全国。　　陈叔宝投降隋朝的16年后（604年），在洛阳城病死，终年52岁，追赠大将军、长城县公，谥曰炀。▲"}","https://guwen-1252396323.cos.ap-chengdu.myqcloud.com/headImage/20180914152552660.jpg"
"萧纲","南北朝","萧纲（503―551），梁代文学家。即南朝梁简文帝。字世缵。南兰陵（今江苏武进）人。梁武帝第三子。由于长兄萧统早死，他在中大通三年（531年）被立为太子。太清三年（549年），侯景之乱，梁武帝被囚饿死，萧纲即位，大宝二年（551年）为侯景所害。","{"相关著作":"　　精医，著有《沐浴经》三卷、《如意方》十卷，均佚。　　为诗本自“伤于轻靡”的萧纲，入住东宫后，宫体诗的创作更逾往时。　　（1）所谓宫体诗，就其内容而言，主要是以宫廷生活为描写对象，具体的题材不外乎咏物与描写女性。可以说，他们对女性的审美关照，同对器物的审美关照的心理是一样的。而在情调上，伤于轻艳，风格上比较柔靡缓慢。在描写女性的诗歌当中，绝大部分是将目光停留在女性上的生活圈内，包括她们的容貌、体态、服饰以及器物等方面。这类诗歌的共同艺术特点是：注重辞藻、对偶、声律。　　（2）宫体诗中有少数作品表现宫中淫荡的生活，如萧纲的《咏内人昼眠》、《和徐录事见内人卧》、《率而为咏》、《和湘东王名士悦倾城》。萧纲曾说：“立身之道与文章异；立身先须谨重，文章且须放荡。”（《诫当阳公大心书》）尽管人们对于“放荡”一词的理解不同，但是表现淫荡生活内容的作品在梁陈宫体诗中是存在的。　　（3）咏物之作在宫体诗中占的比重相当大，这些诗的共同特点是内容贫乏，单纯咏物而毫无寄托，只讲究词藻与对偶。　　（4）萧纲之外宫体诗的另一位代表人物徐擒，今存诗歌仅五首，其中四首皆为咏物诗，其情调与风格，与萧纲完全一致。其他宫体诗人的作品，大抵皆如此，不脱轻艳之风。这种风气一直影响到隋及初唐。　　（5）然而就艺术形式而言，宫体诗仍有贡献。最突出的一点，就是宫体诗发展了吴歌西曲的艺术形式，并继承了永明体的艺术探索而更趋格律化。至于其语言的风华流丽、对的工稳精巧以及用典隶事等方面的艺术探索和积累，也同样为唐代诗人提供了足资借鉴的艺术经验。▲","文化背景":"　　自东晋南迁以来，汉族政权偏安江左，历代虽间或有奋发有为的君主，但大多数帝王贵族都安于逸乐，纵情声色。反映在文学创作上，便往往以浮艳的辞句来表现空虚放荡的内容。萧纲在蕃及做太子时期，写作了大量这类题材的诗。当时的属官徐□、庾肩吾等又推波助澜，文学侍从之臣竞相仿作，形成“宫体诗”的流派。今存萧纲作品中，象描写女性声容情态的《咏内人昼眠》、《咏舞》、《美人晨妆》等，都属于这一类。　　当时文人创作，已有不少以边塞为主题的乐府诗，萧纲也有一些这类作品，如《从军行》、《陇西行》、《雁门太守行》、《度关山》等，在某些写作技巧上，开了唐人边塞诗的先河。他的咏物诗，写得也还轻巧，虽然轻细不足道，但这样的题材对后世也有一定影响。　　齐梁时代，虽然整个社会更替迭代、动荡不宁，但是南朝偏安江左，有比北朝安定的社会环境，农业、手工业发展，经济繁荣带来了人口稠密的商业都市，在物质生活相对富足的基础上，南朝君臣日益荒淫腐朽，耽于酒色。帝王荒淫放荡的生活为宫体诗的产生提供了土壤和生活基础。同时，文笔说和声律论的产生，使文学和诗歌形式趋于独立，文学创作进入一个更为自觉更为解放的时期。诗人和诗歌作品大量产生。　　齐梁时期文学集团的诗歌创作活动，方式大体一致。从现存诗歌来看，应制、应教、同题、共赋、相互唱和的作品居多，而且争胜斗艳的色彩较为浓重。由于生活范围和生活方式的限制，他们的视野大多停留在皇宫苑囿、帝王府第或藩镇使府之内，因而诗歌题材单调狭窄，内容脱离社会生活。为了迎合帝王的口味，文学集团内部的诗歌创作很少有真正的吟咏性情之作。因而这种创作方式带来的结果，便是审美趣味和艺术风格的大体一致，湮没了诗人的个性色彩。这也是那个时代难以产生大诗人的一个根本原因。　　至齐、梁之世，以皇室成员为中心的文学集团对文学尤其是诗歌发展的影响更是深刻。其中规模最大、影响最显著者，主要有三大文学集团：南齐竟陵王萧子良文学集团、梁代萧衍、萧统文学集团，萧纲文学集团。史诗背景　　作为宫体诗的主要倡导者，萧纲的文学观念，是在他的文学生涯中逐步建构完成的。熏陶下成长　　萧纲六岁能属文，七岁有“诗癖”，是一位早慧的文学少年。但是，萧纲不同于普通的贵族少年，因为是皇帝之子，他的文学趣味和他的生活一样，从年幼出阁时期开始，就与众多的幕僚联系在一起。七岁的这一年，晋安王萧纲正式出宫，为云麾将军，领石头戍军事，开王府，选幕僚。晋安王侍读徐摛堪称萧纲诗歌与文学的启蒙老师。《梁书》卷三○《徐摛传》曰：“晋安王纲出戍石头，高祖谓周舍曰：‘为我求一人，文学俱长兼有行者，欲令与晋安游处。’舍曰：‘臣外弟徐摛，形质陋小，若不胜衣，而堪此选。’高祖曰：‘必有仲宣之才，亦不简其容貌。’以摛为侍读。”徐摛与宫体文学的关系，亦见于本传：“（徐）摛文体既别，春坊尽学之，‘宫体’之号，自斯而起。”这段故事发生在萧纲初入东宫时。萧纲从七岁开始，文学上接受的就是徐摛的培养；到萧纲二十九岁宫体诗出名时，徐摛仍被认为是宫体诗的老师。由此可见徐摛对萧纲及萧纲文学集团的影响。大徐庾　　与徐摛齐名被后代论者称为“大徐庾”的庾肩吾，按照《梁书》的观点，是萧纲文学集团的代表人物。《梁书》对萧纲文学集团文学成就与地位的论述，集中论述于《梁书·文学·庾肩吾传》。《梁书·文学传》本传记载庾肩吾，“初为晋安王国常侍，仍迁王宣惠府行参军。自是每王徙镇，肩吾常随府。”晋安王萧纲初为宣惠将军在天监十二年（513），庾肩吾于这年迁宣惠府行参军，可知他入萧纲幕府还在天监十二年之前。按照笔者对萧纲、萧绎及其幕府的研究，府僚父子、兄弟同入一幕的现象特别多。庾肩吾兄庾于陵于天监九年出任晋安王长史，疑肩吾随兄同入王府，“初为晋安王国常侍”亦在天监九年，萧纲时年八岁。从此，庾肩吾亦跟随萧纲几十年。对萧纲文学趣味的影响可想而知。 萧纲早年的文学侍从之臣当中，张率也是值得注意的一位。据《梁书》卷三三本传记载，张率天监八年初入幕府，此后随府迁转，“在府十年，恩礼甚笃。”张率在府实际上是九年，天监八年至十六年，从萧纲七岁至十五岁，对于一个文学少年的成长来说，应该是非常重要的时期。张率工于诗赋创作，有名于史，天监初年，颇受梁武帝赏识。曾经受敕撰集妇人事百余卷，令人缮写，以供给后宫阅读。张率的这一经验，究竟是否对萧纲后来倡导写作宫体诗的行为有影响，也是一个有趣的论题。按照萧纲后来在《与湘东王书》中的评价，他认为张率（按：张率字士简）的赋是第一流的。　　彭城安上里刘氏是当时一个显赫的文学家族，刘孺、刘遵兄弟，刘孝仪、刘孝威兄弟都曾入萧纲晋安王幕府。《梁书》卷四一本传曰：“（刘）遵自随藩及在东宫，以旧恩，偏蒙宠遇，同时莫及。”刘遵至晚在天监十三年（514）即萧纲十二岁这年入幕，至大同元年（535）卒官为止，在府二十多年。无疑也是见证过宫体文学理想孕育成长过程的重要人物。此外，陆罩的事迹别详本文下文。其它出入晋安王幕府的文学侍从之臣，还有几十甚至上百人。总而言之，七岁至十四岁期间，围绕在文学少年萧纲周围的是他的晋安王府的众府僚，萧纲在他们的熏陶与培育下成长；文学史上的一代领袖人物，在某种程度上可以说是被他们塑造出来的。晋安王府的文学侍从之臣的代表人物是徐摛、庾肩吾、张率、刘遵、陆罩等。 ▲","介绍":"　　梁简文帝萧纲，字世赞，梁武帝萧衍第三子，昭明太子萧统同母弟。初封晋安王，昭明太子卒，立为皇太子，后嗣位。谥曰简文帝，庙号太宗。萧纲在政治上的成就远没有在文学上的成就大。萧纲自幼爱好文学，因为特殊的身份，以他的幕僚为主，围绕在他的周围，形成了一个主张鲜明的文学集团。随着萧纲于中大通三年被立为皇太子，这一集团的文学影响逐步达到登峰造极的地步，公开宣布并倡导文学史上著名的宫体文学，形成风尚，影响于文学史不止一个时代。　　萧纲四岁封晋安王，七岁为云麾将军，领石头戍军事，量置佐吏。此时是萧纲“有诗癖”之始。　　（1）而其“诗癖”的养成及其后来“宫体”诗的形成，又与此时如幕的徐擒和张率有直接关系。　　（2）徐擒为萧纲侍读，而他“属文好为新变，不拘旧体”。其新变之体，其实就是宫体诗。　　（3）张率“年十二，能属文，常日限为诗一篇”，与陆、任昉等友善，曾得沈约赞赏。天监初，他曾经被敕“使抄乙部书，又使撰妇人事二十馀条，勒成百卷……以给后宫”。可见，他早就具备写作宫体诗的基本条件。而且其今存诗中不乏艳情的内容。他“在府十年，恩礼甚笃”，对于萧纲的影响也是可想而知的。　　（4）萧纲11岁为宣惠将军、丹阳尹时，有庾肩吾等人入幕；18岁为南徐刺史时，又有王规等人入幕，从而使萧纲文学集团初具规模。　　（5）从普通四年至中大通二年（523～530），萧纲在雍州刺史任上七年。此间其幕府中又有：　　刘孝仪、刘孝威等人入幕。其文学集团已自然形成，并且诗歌创作也日渐繁荣。　　（6）至萧纲入主东宫后，文学才士更是济济一堂。（徐擒、张率、庾肩吾、王规、刘孝仪、刘孝威……）　　萧纲的文学主张，在当时也具有代表意义。他既反对质直懦钝，又反对浮疏阐缓(《与湘东王书》)，正面提出“立身先须谨重，文章且须放荡”（《诫当阳公大心书》），和萧绎主张的“情灵摇荡”互为呼应。《南史·梁简文帝纪》记其有文集100卷，其他著作600余卷。存世的作品，经明代张溥辑为《梁简文集》，收入《汉魏六朝百三家集》。　　萧纲的著述事业，除了文学、玄学外，还精医道，著有《沐浴经》三卷、《如意方》十卷，均佚；还对杂艺、阴阳五行两方面的较多兴趣。▲","成就":"文学　　处于梁代后期的萧纲文学集团的诗歌创作最为繁荣，其影响亦更深远。开创了划时代的宫体文学，为宫体诗的最有影响的一位代表人物。对于宫体，这里作一些辨析。所谓宫体，其实可以有狭义、广义两种使用与理解。狭义的宫体是“《玉台新咏》体”，即写美人与艳情的那种诗，这也是中大通三年宫体开始出名时的本义。鉴于狭义的宫体并不能概括以萧纲为中心的文学群体的全部成就，所以，可以推而广之，用广义的宫体文学的概念，来作萧纲文学集团所倡导的诗歌风格体貌特征的总称名。萧纲时代的广义的宫体文学，是对永明体的整合与发展，形成为律体建构史上的关键阶段。萧纲文学集团的成就，以及萧纲的文学论述所反映的文学理想，总地说属于广义的宫体。并不限于狭义的“《玉台新咏》体”的范围。　　中大通三年（531），昭明太子萧统去世，萧纲正位东宫，从此成为梁朝中央文坛的领袖人物。晋安王文学集团成为东宫文学集团，这时，湘东王萧绎虽然远在荆州，大略具有萧纲文学集团副领袖的地位。萧纲与萧统同父同母，情义甚笃。萧纲与萧绎不同母，但是，兄弟情好亦甚至。萧纲入为太子之后，当时赋诗作文，常以“曹丕”比萧纲、“曹植”比萧绎。萧纲、萧绎真地象曹丕、曹植主导建安文坛那样携手领导着当代文坛，中大通后期至大同年间，新文学的风气有声有色，流行一时。所以，隋唐之际的论者论宫体诗风的流行，必归罪于“简文、湘东”。魏征《隋书·文学传序》曰：“梁自大同之后，雅道沦缺，渐乖典则，争驰新巧。简文、湘东，启其淫放，徐陵、庾信，分路扬镳。其意浅而繁，其文匿而彩，词尚轻险，情多哀思。格以延陵之听，盖亦亡国之音乎！” 对于萧纲东宫文学集团来说，萧子显（487—535）的加入，是一件不能忽视的事件。萧子显为齐高帝之孙、齐豫章王萧嶷之子，与萧梁皇族同族，辈分与萧纲同，但年长十六岁。子显已于天监年间撰成《南齐书》，《南齐书·文学传论》表明当时子显对文学已经具有非常成熟的见解。将《南齐书·文学传论》与萧纲《与湘东王书》对读，不难发现萧子显、萧纲是一对文学知音。所以，萧子显特别受萧纲赏识，就不足为奇了。子显与萧纲的交往，可考者，多在萧纲为太子之后。中大通四年，子显作《春别诗》四首，太子纲作《和萧侍中子显春别诗》，湘东王绎更和太子，作《春别应令诗》。这组诗都见于《玉台新咏》，是典型的宫体诗。子显于当世有才名，颇自负。中大通五年，萧纲曾经赞叹子显为“异人间出”。《梁书》卷三五《萧子显传》：“太宗素重其为人，在东宫时，每引与促宴。子显尝起更衣，太宗谓坐客曰：‘尝闻异人间出，今日始知是萧尚书。’”萧纲与子显交好，亦见张缵《中书令萧子显墓志》：“储君毓德少阳，情协陈阮。”中大通六年，萧纲主撰的《法宝联璧》成书，湘东王萧绎为作《序》，与修者，《序》作者湘东王绎以下，萧子显等共三十七人列名。萧子显于大同元年去世，与萧纲的密切交往虽然可能只有三年多，但是，这一交往值得重视，不应该被文学史论者忽略。　　《玉台新咏》十卷是萧纲正位东宫之初开始倡导宫体诗时的一个配合的作品。该书由徐陵于中大通六年（534）编撰成功。玄学　　文、义之学并称南朝的显学，义学即玄学。与对待诗歌类似，萧纲在玄学上投注的热情也非常大。历史上的梁大同年间，宫体诗风与玄谈讲学之风之盛，大致并驾齐驱。萧纲、萧绎兄弟与其父梁武帝萧衍一起，充当了大同玄风的重大推手。《梁书·武帝纪》曰：“大同中，于台西立士林馆，领军朱异、太府卿贺琛、舍人孔子祛等递相讲述。皇太子、宣城王亦于东宫宣猷堂及扬州廨开讲，于是四方郡国，趋学向风，云集于京师矣。”《颜氏家训·勉学篇》回忆说：“洎于梁世，兹风（引按：玄风）复阐，《庄》、《老》、《周易》，总谓‘三玄’。武皇、简文，躬自讲论。……元帝在江、荆间，复所爱习，召置学生，亲为教授，废寝忘食，以夜继朝，至乃倦剧愁愤，辄以讲自释。吾时颇预末筵，亲承音旨，性既顽鲁，亦所不好云。”《金楼子·杂记上》记载大同五年萧绎自荆州还京师，“其日赋诗”,“其晚道义”。正是一时风气的写照。京师、郡国其它讲学玄辩的事迹，可以参看本谱的相关内容。这种风气，至太清、承圣国难之中仍在延续，萧纲的太子萧大器临刑之前仍在讲《老子》；西魏大兵压境、江陵势如危卵之际，萧绎亦频讲《老子》，百官戎服以听。真正到了令人难以置信的地步。或许如前揭《颜氏家训》所说，“倦剧愁愤，辄以讲自释”，玄谈也有消除紧张恐惧的功能。　　梁武帝崇佛闻名于史，正如许多学者所指出的，梁朝的佛教主要是佛学，佛学的理论，而非实践的佛教修行，所以，梁朝空前繁荣的佛学，梁武帝一再开讲所推动的佛教讲经的风气，某种意义上，亦可以与玄学的发展联结起来。以本谱所述天监十八年昭明太子萧统讲真俗二谛义，以及萧纲等人的谘问为例，其实就是一场玄学辩论。 历史上西晋亡国，一直有一种说法认为是玄学清谈导致的结果。清谈废事，对于梁朝的灭亡，也有史籍记载直接与玄谈的风气联系起来。《梁书》卷三七《何敬容传》载，太清元年，何敬容迁太子詹事，“是年，太宗频于玄圃自讲《老》、《庄》二书，学士吴孜时寄詹事府，每日入听。敬容谓孜曰：‘昔晋代丧乱，颇由祖尚玄虚，胡贼殄覆中夏。今东宫复袭此，殆非人事，其将为戎乎？’俄而侯景难作，其言有征也。”又有托名陶弘景的诗歌预言玄风再盛终将导致侯景之乱、断送梁朝：“夷甫任散诞，平叔坐论空。岂悟昭阳殿，遂作单于宫。”　　与文学藉文字以传不同，玄学重在谈论，多是口头之学，保存不多。萧氏兄弟的玄学著述与成就，今大略可考者如下。《梁书·简文帝纪》记载萧纲《老子义》、《庄子义》各二十卷，《隋志》、《唐志》也有著录，书名、卷数稍异。学术　　萧纲的著述事业，除了前述文学、玄学的成就之外，体现出对杂艺、阴阳五行两方面的较多兴趣。杂艺有《马槊谱》、《投壶经》、《棋品》、《弹棋谱》之作，五行有《光明符》、《易林》、《沐浴经》、《灶经》、《新增白泽图》之作。两部大书《长春义记》、《法宝联璧》都是集合他人共同编著。顾野王《玉篇》系受萧纲之命而作。　　萧纲的阴阳五行著作，大多今属道教领域。反映了一时风气。唐初贞观年间，鉴于阴阳五行杂书太多，唐太宗就曾经下令太常集合诸术士一起进行大肆刊定。　　精通医术，著有《沐浴经》三卷、《如意方》十卷，均佚。 ▲","文学意识":"生平事迹　　萧纲七岁出宫，七至十一岁在京城及其附近做官，十二至十四岁出远藩，先后担任荆州刺史、江州刺史。此前只是个儿童少年，若说他已经具备系统的文学理想，不免夸大其词，最多只能说具有一定的趣味倾向。经排比萧纲生平事迹，笔者认为，天监十六年至普通元年四年间，萧纲返回京城的这段时间，对于萧纲文学理想的形成可能具有决定性意义。十五至十八岁，通常是一个人的自我意识形成的关键阶段。这段时间内扬州文坛的风气以及一系列事件，对萧纲的影响值得仔细分析。　　众所周知，萧梁政权是自萧齐政权禅让而来的，梁初的文学也与齐代文学一脉相承。对齐梁时代的文人而言，宋代诗人谢灵运名气极大，是所有人都要面对的近代文学的第一座大山。有趣的是，谢灵运诗歌的缺点明显，亦人人看在眼里。已故齐代诗人谢朓的成就，当时已得到普遍认可。活到梁初的著名诗人当中，江淹（444—505）于天监四年去世，但是，“江郎才尽”，江淹的文学成就在他生前已经是昨日黄花，影响力有限。沈约（441—513）稳坐文坛的第一把交椅，早在齐永明年间，沈约已经在所撰《宋书·谢灵运传论》中将发明诗歌声律的功劳揽到自己的名下，沈约的诗风属于永明体。若就在梁初文坛的影响力而言，任昉或许比沈约还要大。任昉（460—508）文名盛于齐梁间，与沈约齐名，当时号“任笔沈诗”。但是，当时文、笔有所区分，诗赋是文学世界的“上等公民”，任昉对自己没有诗名引以为恨，晚年倾力作诗。昉因博学，诗歌用事成癖，后进受此影响，文章殆同书抄，竟成一时风气。天监年间刘孝标编《类苑》、梁武帝敕编《华林遍略》，编撰类事之书的竞争，虽然未必是任昉诗风的直接影响使然，但是，属文煊博的需要，一时风会确实是客观存在的。对于梁初十来年间的文坛风气，任昉是影响力最大的人物，沈约次之。当时京城士子写作诗歌，用典的风气、讲究声律的风气，都比较盛。三体　　任昉于天监七年、沈约于天监十二年相继去世之后，天监十六年至普通元年（517—520），十五至十八岁的萧纲返回并留在京城任职，正赶上文坛对天监初年诗风进行总结与回顾的时期。真正是个历史的巧合。天监十一年表上的萧子显所著《南齐书》的《文学传论》，可以想见萧纲必然是看到的。该论综述“今之文章”分为三体，一则出于谢灵运；二则出于傅咸、应璩；三则出于鲍照。这三派文风，在梁初诗坛均有相应者，一则谢灵运体，二则受任昉影响者，三则受沈约影响者。子显对文章三派都有所批评，并提出三派之外的理想的文学。从时隔十年之后萧纲对萧子显的激赏，以及《与湘东王书》与《南齐书·文学传论》类似的立论倾向来看，萧子显对梁初诗坛的分析批判，必然曾经打动青年萧纲的心。并且萧纲后来明目张胆倡导宫体诗，与《南齐书·文学传论》所揭发的“在乎文章，弥患凡旧。若无新变，不能代雄”的文学史逻辑的启示可能也有关系。诗品　　成书在天监十三至十六年前后的论诗名著锺嵘《诗品》对诗歌用事及声律说的猛烈抨击，也是众所周知。天监十七年萧纲为西中郎将、领石头戍军事，锺嵘曾经任西中郎晋安王记室，是萧纲的幕僚。这时，新撰成的《诗品》以及锺嵘对齐梁文学的分析、品评，萧纲更加不可能不了解。这里录《诗品》中品任昉、沈约二则评语：“彦升（按：任昉字彦升）少年为诗不工，故世称‘沈诗任笔’，昉深恨之。晚节爱好既笃，文亦遒变。善铨事理，拓体渊雅，得国士之风，故擢居中品。但昉既博学，动辄用事，所以诗不得奇。少年士子，效其如此，弊矣。”“观休文（按：沈约字休文）众制，五言最优。详其文体，察其余论，固知宪章鲍明远也。所以不闲于经纶，而长于清怨。永明相王爱文，王元长（王融）等，皆宗附之。约于时，谢朓未遒，江淹才尽，范云名级故微，故约称独步。虽文不至，其工丽亦一时之选也。见重闾里，诵咏成音。嵘谓：约所著既多，今翦除淫杂，收其精要，允为中品之第矣。故当词密于范（云），意浅于江（淹）也。”这里，一代文宗都成了任人评说的对象，任昉博学用典，文体渊雅，但是，动辄用事，诗不得奇，末流则文章殆同书抄了。沈约的成就虽为一代之选，但是，效法鲍照，长于清怨，虽为闾里少年所重，然于雅丽有所不足。萧纲在《南齐书·文学传论》、《诗品》之类对近代文学分析与批判的风气中，逐步形成了自己的文学趋向与观念。藩府文风　　普通二年至中大通二年共十年的时间内，萧纲先后出任南徐州刺史、雍州刺史、扬州刺史。其中，雍州七年，为时最久，对于萧纲及其文学集团的活动来说，也最重要。虽然萧纲自幼即是晋安王府的文学集团的中心人物，但是，他成为一个真正的核心和领袖人物，大概是从普通二年（521）十九岁的萧纲再度自京城扬州出为外藩时期开始的。普通二至四年共二年多南徐州刺史任内，萧纲与陶弘景、何胤这样的在野的重要人物均有交往；他与幕僚之间则有过一次较大规模的集体游览唱和的诗歌活动可考。萧纲《往虎窟山寺诗》，治中王冏、记室参军陆罩、前臣刑狱参军孔焘、州民前吏刑狱参军王台卿、西曹书佐鲍至有应和之作。据鲍至和诗“年还节已仲，野绿气方韶”句，可知时令在仲春。则为普通三年或四年二月。自普通四年（523）至中大通二年（530）约七年多的雍州刺史任期，对于萧纲的政治军事文学生涯来说，都是最为重要的历练。《梁书·文学·庾肩吾传》叙述萧纲文学集团的活动及其历史地位，大约即就雍府至东宫时期而言：“初，太宗在藩，雅好文章士，时肩吾与东海徐摛，吴郡陆杲，彭城刘遵、刘孝仪，仪弟孝威，同被赏接。及居东宫，又开文德省，置学士，肩吾子信、（徐）摛子陵、吴郡张长公、北地傅弘、东海鲍至等充其选。齐永明中，文士王融、谢朓、沈约文章始用四声，以为新变，至是转拘声韵，弥尚丽靡，复逾于往时。”按：《梁书》此节所述诸人名，“陆杲”应为陆罩。陆罩在雍藩，颇得晋安王器重。足与徐、庾、三刘并驾齐驱。《南史》卷四八《陆杲传》附子罩传：“罩字洞元，少笃学，多所该览，善属文。简文居藩，为记室参军，撰帝集序。稍迁太子中庶子，掌管记，礼遇甚厚。大同七年，以母老求去。”《南史》卷五○《庾肩吾传》：“（肩吾）在雍州，被（晋安王）命与刘孝威、江伯摇、孔敬通、申子悦、徐防、徐摛、王囿、孔铄、鲍至等十人抄撰众籍，丰其果馔，号高斋学士。”萧纲在雍州，有下令幕府赋诗的记载可考。《三日赋诗教》：“二府州纲纪：今气序韶明，风云调谧，岂直洛格嘉宴，金谷可游，景落兴遒，舞雩斯在，咸可赋诗。”教称“二府州纲纪”云云，“二府”指将军府、宁蛮府，自是在雍州时的称呼。因此可知该命令作于雍州。 萧纲的文集，如前揭《南史·陆杲传》所述，由陆罩编撰。该文集八十五卷，编成于大通元年（527）的雍州府。《隋书·经籍志》集部别集类：“《梁简文帝集》八十五卷，陆罩撰，并录。”文集编成之际，萧纲将文集示张缵，张缵有书谢示集，萧纲遂又有《答张缵谢示集书》之作。这篇文章的写作原由与行文方式，都有点依仿历史上曹植将所作文章示杨修并作《与杨德祖书》故事。二书分别都是作于曹植、萧纲二十五岁之年。所以，如同曹植的《与杨德祖书》一样，萧纲的这篇《答张缵谢示集书》其实是对生平创作的一篇总结性论述。书曰：　　“纲少好文章，于今二十五载矣。窃尝论之：日月参辰，火龙黼黻，尚且着于玄象，章乎人事，而况文辞可止、咏歌可辍乎？不为壮夫，扬雄实小言破道；非谓君子，曹植亦小辩破言。论之科刑，罪在不赦。至如春庭落景，转蕙承风，秋雨旦睛，檐梧初下。浮云生野，明月入楼。时命亲宾，乍动严驾，车渠屡酌，鹦鹉骤倾。伊昔三边，久留四战。胡雾连天，征旗拂日。时闻坞笛，遥听塞笳。或乡思凄然，或雄心愤薄。是以沈吟短翰，补缀庸音。寓目写心，因事而作。”　　这篇文章“罪在不赦”之前的部分，认为文章的地位天经地义，批评扬雄、曹植鄙薄文学的观点。“至如春庭落景”以下的一节，自述自己的写作，春风秋雨、浮云明月，是自然季节与物色的感激；宾驾宴集、边塞征戍，则因事抒情。如果要将这段论述所反映的文学观念作一立场的定位，从积极的方面可以看到，高度重视文学的价值；从消极的方面看，萧纲的写作与风景、游宴、心情直接相关，所谓“寓目写心，因事而作”，显然反对为文造情，与文学的“古典主义”最不相干。　　雍府时期，徐陵、庾信先后加入晋安王幕，对于萧纲文学集团来说，堪称一项重大事件。徐陵入晋安王幕，时在普通四年（523），徐陵年十七岁。时陵父摛为晋安王咨议参军。大通元年（527），庾信年十五，随父肩吾入晋安王幕府，释褐为国常侍。徐摛、徐陵，庾肩吾、庾信，均父子共事晋安王萧纲。作为萧纲文学集团的后进，徐陵、庾信以卓越的文学成就，将宫体文学的理想发扬光大，后来成为彪炳文学史的巨擘。直至唐天宝十二载（753），论者举文词华丽，仍以“徐庾”为首。《通鉴》记载，唐前进士刘乃上书中书舍人，批评当时以文词取士的制度，曰：“借使周公、孔子今处铨廷，考其辞华，则不及徐、庾。”元胡三省曰：“徐陵、庾信，唐正元（按：贞元）、大历以前，皆尚其文。”得其实也。▲","评价":"　　萧纲自幼受徐摛、庾肩吾、张率、刘遵、陆罩等幕僚的文学趣味的熏陶。天监十六至普通元年间（517—520），年轻的萧纲（十五至十八岁）正处于形成文学观念的关键时期，又受到萧子显《南齐书·文学传论》、锺嵘《诗品》等的影响。晋安王府的文学风气的特色也许早已有之，但是，晋安王萧纲成为文学活动的真正的核心，晋安王府的文学集团因此可以称为名符其实的萧纲文学集团，大约开始于普通二年（521）十九岁的萧纲出为南徐州刺史之时。普通四年至中大通二年（523—530）萧纲在雍州刺史任上的时期，萧纲文学集团的活动逐步达到高潮。中大通三年（531），昭明太子去世，萧纲入主东宫，将雍府以来的文学活动推到一个最高层次，萧纲成为京城也即梁朝文坛的中心人物。令人瞩目的宫体诗风是在这时得到正名的，所谓宫体即“东宫体”。萧纲文学集团从这时开始以湘东王萧绎为副领袖，又得著名文人萧子显的加盟。虽然徐摛、庾肩吾这两位早期健将在东宫初期曾先后离开过东宫，但是，宫体诗风愈演愈烈，终梁之世，又不断有新人加入。 写作宫体诗的主张除了与“新变”的文学观念有关之外，与当时整个的历史氛围、与永明体以来文学史发展的趋势也并不矛盾。宫体诗的倡导、宫体新文学观念，与当时文学史实际是可以衔接得上的。宫体诗的基本观念也大致是清晰的：主张“新变”，所以反对复古；主张修辞，所以反对“阐缓”冗长；主张文娱审美的倾向，所以主张“放荡”，主张美文学。　　以萧纲为中心的文学群体的活动，及其所取得的成就，在文学史上有其地位。它推动了文学事业的发展，对于律体的建设及唐诗的繁荣作出了重要贡献。从雍府时期成长起来的萧纲文学集团的后起之秀徐陵、庾信，甚至成为梁朝之后二百多年间文学的偶像。直至九世纪初叶，唐元和年间“元和诗变”的推动者们树立杜甫的典范地位时，才逐步被取而代之。▲"}","https://guwen-1252396323.cos.ap-chengdu.myqcloud.com/headImage/20180914152552268.jpg"
"阴铿","南北朝","阴铿（约511年－约563年），字子坚，武威姑臧（今甘肃武威）人。南北朝时代梁朝、陈朝著名诗人、文学家，其高祖袭迁居南平（在今湖北荆州地区），其父亲子春仕梁，为都督梁、秦二州刺史。铿幼年好学，能诵诗赋，长大后博涉史传，尤善五言诗，为当时所重，仕梁官湘东王萧绎法曹参军；入陈为始兴王陈伯茂府中录事参军，以文才为陈文帝所赞赏，累迁晋陵太守、员外、散骑常侍。约在陈文帝天嘉末年去世。阴铿的艺术风格同何逊相似，后人并称为“阴何”。","{"介绍":"　　梁左卫将军子春之子。幼聪慧，五岁能诵诗赋，日千言。及长，博涉史传，尤善五言诗，为当时所重。释褐梁湘东王法曹参军。天寒，铿尝与宾友宴饮，见行觞者，因回酒炙以授之，众坐皆笑，铿曰：“吾侪终日酣饮，而执爵者不知其味，非人情也。”及侯景之乱，铿尝为贼所擒，或救之获免，铿问其故，乃前所行觞者。天嘉中，为始兴王府中录事参军。世祖尝宴群臣赋诗，徐陵言之于世祖，即日召铿预宴，使赋新成安乐宫，铿授笔便就，世祖甚叹赏之。累迁招远将军、晋陵太守、员外散骑常侍，顷之卒。有集三卷行于世。　　阴铿诗歌以写景见长，尤善于描写江上景色，展现了江陵洞庭、武昌一带长江风物。他善于锻炼字句，沈德潜《说诗□语》评其诗“专求佳句，差强人意”，诸如“潮落犹如盖，云昏不作峰”（《晚出新亭》）、“山云遥似带，庭叶近成舟”（《闲居对雨》）、“夜江雾里阔，新月迥中明”（《五洲夜发》）等，都是在修辞上、声律上颇见用心的佳句。在雕琢字句的同时，他也讲究谋篇，注意到通篇的完整，如《晚泊五洲》：“客行逢日暮，结缆晚洲中。戍楼因□险，村路入江穷。水随云度黑，山带日归红。遥怜一柱观，欲轻千里风。”中间二联对仗工整，平仄协调，已经接近成熟的五言律诗。此外如《晚出新亭》、《游巴陵空寺》、《秋闺怨》、《经丰城剑池》等篇，均可视为唐代律体的滥觞。阴铿的艺术风格同何逊相似，后人并称为“阴何”。杜甫诗云“颇学阴何苦用心”，又云“李侯（白）有佳句，往往似阴铿”，足见他们对唐代诗歌产生了积极影响。　　阴铿原有文集3卷。今存《阴常侍集》1卷，有《六朝诗集》本，又名《阴常侍诗集》， 1卷。另有《二酉堂丛书》本、《丛书集成初编》本。 ▲","逸话":"　　据《陈书》所载，在某个天寒之日，阴铿与宾友共聚饮宴，宴会间留意到一直负责斟酒的仆人没有喝过酒，但似乎有想喝酒的样子，于是命人把酒炙热并赠予那名仆人，在座的宾客都笑阴铿多事，阴铿却说：“我们每天都酣畅地饮酒，而这个满天都手拿酒杯的人却不知道酒的味道，实在没有道理。”后来侯景之乱爆发，阴铿被贼人所擒，却有人将他救走。阴铿询问那个救自己的人，才知道那人正是以前曾被自己赐酒的仆人。　　《世说新语》的〈德行篇〉中，有一段记载：“顾荣在洛阳，尝应人请，觉行炙人有欲炙之色，因辍己施焉。同坐嗤之。荣曰：‘岂有终日执之，而不知其味者乎？’后遭乱渡江，每经危急，常有一人左右已，问其所以，乃受炙人也。”故事与《陈书》中阴铿的经历几乎一模一样。余嘉锡便怀疑阴铿的故事，是由后人根据顾荣的事件附会而成的。 ▲"}","https://guwen-1252396323.cos.ap-chengdu.myqcloud.com/headImage/20180914152554460.jpg"
"王籍","南北朝","王籍（生卒年不详），字文海，琅邪临沂（今山东临沂市北）人。南朝梁诗人。因其《入若耶溪》一诗，而享誉王籍诗史。有文才，不得志。齐末为冠军行参军，累迁外兵记室。梁天监末任湘东王萧绎咨议参军，迁中散大夫等。王籍诗歌学谢灵运，《南史·王籍传》称“时人咸谓康乐之有王籍，如仲尼之有丘明，老聃之有庄周”。","{}",""
"徐陵","南北朝","徐陵（507～583）字孝穆，东海郯（今山东郯城）人，徐摛之子。南朝梁陈间的诗人，文学家。早年即以诗文闻名。八岁能文，十二岁通《庄子》、《老子》。长大后，博涉史籍，有口才。梁武帝萧衍时期，任东宫学士，常出入禁闼，为当时宫体诗人，与庾信齐名，并称“徐庾”,与宋朝郭茂倩并称“乐府双壁。”入陈后历任尚书左仆射，中书监等职，继续宫体诗创作，诗文皆以轻靡绮艳见称。至德元年去世，时年七十七，赠镇右将军、特进，其侍中、左光禄、鼓吹、侯如故，谥曰章。 有四子：徐俭，徐份，徐仪，徐僔。","{}","https://guwen-1252396323.cos.ap-chengdu.myqcloud.com/headImage/20180914152600120.jpg"
"鲍令晖","南北朝","鲍令晖，南朝女文学家，东海（今山东省临沂市兰陵县南桥镇）人，是著名文学家鲍照之妹，出身贫寒，但能诗文。鲍令晖是南朝宋、齐两代唯一留下著作的女文学家。曾有《香茗赋集》传世，今已散佚。另有留传下来：《拟青青河畔草》、《客从远方来》、《古意赠今人》、《代葛沙门妻郭小玉诗》等。","{}","https://guwen-1252396323.cos.ap-chengdu.myqcloud.com/headImage/20180914152606458.jpg"
"颜延之","南北朝","颜延之（384～456年），字延年，南朝宋文学家。祖籍琅邪临沂（今山东临沂）。曾祖含，右光禄大夫。祖约，零陵太守。父显，护军司马。少孤贫，居陋室，好读书，无所不览，文章之美，冠绝当时，与谢灵运并称“颜谢”。嗜酒，不护细行，年三十犹未婚娶。","{"生平":"　　东晋末，官江州刺史刘柳后军功曹，转主簿，历豫章公刘裕世子参军。刘裕代晋建宋，官太子舍人。宋少帝时，以正员郎兼中书郎，出为始安太守。宋文帝时，征为中书侍郎，转太子中庶子，领步兵校尉。后为秘书监，光禄勋，太常。刘劭弑立，以之为光禄大夫。宋孝武帝即位，为金紫光禄大夫，领湘东王师，后世称其“颜光禄”。长子颜竣从孝武帝讨灭刘劭，权倾一朝。凡是颜竣所资供之物，延之一无所受，器服不改，宅宇如旧。曾经对颜竣说：“平生不喜见要人，今不幸见汝。”孝建三年，卒，时年七十三。追赠散骑常侍、特进，金紫光禄大夫如故。谥曰宪子。延之性褊激，兼有酒过，肆意直言，曾无回隐，世人呼之“颜彪”。　　颜延之和陶渊明私交甚笃。在颜延之江州任后军功曹时，二人过从甚密；其后延之出任始安太守，路经浔阳，又与陶渊明在一起饮酒，临行并以两万钱相赠。陶渊明死后，他还写了《陶徵士诔》。　　颜延之在当时的诗坛上声望很高，和谢灵运齐名，并称“颜谢”。但实际上，他的成就似乎不如谢灵运。他的诗凝炼规整，喜用典故，堆砌辞藻，往往缺乏生动的情致。汤惠休说他的诗“如错采镂金”（见《诗品》），钟嵘也说他“喜用古事，弥见拘束”。其诗存世者不少而可观者不多，较为人们所称道的是《五君咏》五首，是他在被出为永嘉太守时所作。称述竹林七贤中的“五君”，“五君”即嵇康、向秀、刘伶、阮籍、阮咸，而山涛、王戎因为贵显而不咏，借五位古人抒发自己的不平，体现了他性格中正直放达的一面，比别的作品要显得清朗。《北使洛》、《还至梁城作》，感慨中原残破，象“阴风振凉野，飞云瞀穷天。临涂未及引，置酒惨无言”；“故国多乔木，空城凝寒云；丘垄填郛郭，铭灭无文；木石扃幽闼，黍苗延高坟”等句，感情也比较真实。他的《赭白马赋》，虽属奉诏而作，但如“旦刷幽燕，昼秣荆越”之句，描写骏马奔驰之速，对后来许多咏马诗都曾产生过影响。　　《隋书》称有文集二十五卷，两《唐书》作三十卷，佚。明代张溥辑有《颜光禄集》，收在《汉魏六朝百三家集》中。 ▲"}","https://guwen-1252396323.cos.ap-chengdu.myqcloud.com/headImage/20180914152609421.jpg"
"范云","南北朝","范云（451～503年），字彦龙，南乡舞阴（今河南泌阳县西北）人，南朝文学家。范缜从弟，子范孝才。","{}",""
"柳恽","南北朝","柳恽，字文畅，生于宋泰始元年(465年)，卒于梁天监十六年(517年)。祖籍河东解州（今山西运城），南朝梁著名诗人、音乐家、棋手。梁天监元年(502午)萧衍建立梁朝，柳恽为侍中，与仆射，著名史学家沈约等共同定新律。以后在朝中，历任散骑常侍、左民尚书，持节、都督、仁武将军、平越中郎将、广州（今广东广州）刺史。又“征为秘书监、领左军将军”。曾两次出任吴兴（今浙江吴兴县)太守，“为政清静，人吏怀之。梁天监十六年 (517年）卒，享年53岁。赠侍中，中护军。","{}",""
"刘昶","南北朝","刘昶（435－498），刘昶，字休道，宋文帝子。","{}",""
"释宝月","南北朝","释宝月，南朝萧齐时期诗僧。生卒时间及生平不详。俗姓康，一说姓庾，胡人后裔，善解音律，颇有文名。《先秦汉魏晋南北朝诗》辑得其诗五首。","{}",""
"阴铿","南北朝","阴铿（约511年－约563年），字子坚，武威姑臧（今甘肃武威）人。南北朝时代梁朝、陈朝著名诗人、文学家，其高祖袭迁居南平（在今湖北荆州地区），其父亲子春仕梁，为都督梁、秦二州刺史。铿幼年好学，能诵诗赋，长大后博涉史传，尤善五言诗，为当时所重，仕梁官湘东王萧绎法曹参军；入陈为始兴王陈伯茂府中录事参军，以文才为陈文帝所赞赏，累迁晋陵太守、员外、散骑常侍。约在陈文帝天嘉末年去世。阴铿的艺术风格同何逊相似，后人并称为“阴何”。","{"介绍":"　　梁左卫将军子春之子。幼聪慧，五岁能诵诗赋，日千言。及长，博涉史传，尤善五言诗，为当时所重。释褐梁湘东王法曹参军。天寒，铿尝与宾友宴饮，见行觞者，因回酒炙以授之，众坐皆笑，铿曰：“吾侪终日酣饮，而执爵者不知其味，非人情也。”及侯景之乱，铿尝为贼所擒，或救之获免，铿问其故，乃前所行觞者。天嘉中，为始兴王府中录事参军。世祖尝宴群臣赋诗，徐陵言之于世祖，即日召铿预宴，使赋新成安乐宫，铿授笔便就，世祖甚叹赏之。累迁招远将军、晋陵太守、员外散骑常侍，顷之卒。有集三卷行于世。　　阴铿诗歌以写景见长，尤善于描写江上景色，展现了江陵洞庭、武昌一带长江风物。他善于锻炼字句，沈德潜《说诗□语》评其诗“专求佳句，差强人意”，诸如“潮落犹如盖，云昏不作峰”（《晚出新亭》）、“山云遥似带，庭叶近成舟”（《闲居对雨》）、“夜江雾里阔，新月迥中明”（《五洲夜发》）等，都是在修辞上、声律上颇见用心的佳句。在雕琢字句的同时，他也讲究谋篇，注意到通篇的完整，如《晚泊五洲》：“客行逢日暮，结缆晚洲中。戍楼因□险，村路入江穷。水随云度黑，山带日归红。遥怜一柱观，欲轻千里风。”中间二联对仗工整，平仄协调，已经接近成熟的五言律诗。此外如《晚出新亭》、《游巴陵空寺》、《秋闺怨》、《经丰城剑池》等篇，均可视为唐代律体的滥觞。阴铿的艺术风格同何逊相似，后人并称为“阴何”。杜甫诗云“颇学阴何苦用心”，又云“李侯（白）有佳句，往往似阴铿”，足见他们对唐代诗歌产生了积极影响。　　阴铿原有文集3卷。今存《阴常侍集》1卷，有《六朝诗集》本，又名《阴常侍诗集》， 1卷。另有《二酉堂丛书》本、《丛书集成初编》本。 ▲","逸话":"　　据《陈书》所载，在某个天寒之日，阴铿与宾友共聚饮宴，宴会间留意到一直负责斟酒的仆人没有喝过酒，但似乎有想喝酒的样子，于是命人把酒炙热并赠予那名仆人，在座的宾客都笑阴铿多事，阴铿却说：“我们每天都酣畅地饮酒，而这个满天都手拿酒杯的人却不知道酒的味道，实在没有道理。”后来侯景之乱爆发，阴铿被贼人所擒，却有人将他救走。阴铿询问那个救自己的人，才知道那人正是以前曾被自己赐酒的仆人。　　《世说新语》的〈德行篇〉中，有一段记载：“顾荣在洛阳，尝应人请，觉行炙人有欲炙之色，因辍己施焉。同坐嗤之。荣曰：‘岂有终日执之，而不知其味者乎？’后遭乱渡江，每经危急，常有一人左右已，问其所以，乃受炙人也。”故事与《陈书》中阴铿的经历几乎一模一样。余嘉锡便怀疑阴铿的故事，是由后人根据顾荣的事件附会而成的。 ▲"}","https://guwen-1252396323.cos.ap-chengdu.myqcloud.com/headImage/20180914153051390.jpg"
"江淹","南北朝","江淹（444—505），字文通，南朝著名文学家、散文家，历仕三朝，宋州济阳考城（今河南省商丘市民权县）人。江淹少时孤贫好学，六岁能诗，十三岁丧父。二十岁左右在新安王刘子鸾幕下任职，开始其政治生涯，历仕南朝宋、齐、梁三代。江淹在仕途上早年不甚得志。泰始二年（466年），江淹转入建平王刘景素幕，江淹受广陵令郭彦文案牵连，被诬受贿入狱，在狱中上书陈情获释。刘景素密谋叛乱，江淹曾多次谏劝，刘景素不纳，贬江淹为建安吴兴县令。宋顺帝升明元年（477年），齐高帝萧道成执政，把江淹自吴兴召回，并任为尚书驾部郎、骠骑参军事，大受重用。","{"成语典故":"梦笔生花　　江淹在被权贵贬黜到浦城当县令时，相传有一天，他漫步浦城郊外，歇宿在一小山上。睡梦中，见神人授他一支闪着五彩的神笔，自此文思如涌，成了一代文章魁首，当时人称为“梦笔生花”。江郎才尽　　中年以后，江淹官运亨通，官运的高峰却造就了他创作上的低潮，富贵安逸的环境，使他才思减退，到齐武帝永明后期，他就很少有传世之作，故有“江郎才尽”之说。据《诗品》，传说他有一天晚上梦见一个人，自称是郭璞（晋代文学家），他对江淹说道：“我有一支五色彩笔留在你处已多年，请归还给我吧！”江淹从怀中取出，还给了那人。其后他写的文章就日见失色。时人谓之才尽，于是便有“江郎才尽”一说。《南史》中除了记载以上故事外，还记载了一个类似的“索锦”的故事，发生在张协与江淹之间。文通残锦　　比喻剩下不多的才华。典出《南史·江淹传》。南朝梁江淹，字文通，年轻时就很有才华。传说他晚年梦见晋张协对他说：“前以一匹锦相寄，今可见还。”江淹把几尺残锦奉还，张大怒说：“那得割截都尽。”江淹的文才从此大不如前。 ▲","文学贡献":"　　江淹突出的文学成就表现在他的辞赋方面，他是南朝辞赋大家，与鲍照并称。南朝辞赋发展到“江、鲍”，达到了一个高峰。江淹的《恨赋》、《别赋》与鲍照的《芜城赋》、《舞鹤赋》可说是南朝辞赋的佳作。　　江淹又是南朝骈文大家，是南朝骈文中最有成就的作家之一，与鲍照、刘峻、徐陵齐名。最为知名的当数他在狱中写给建平王刘景素的《诣建平王书》，文章辞气激扬，不卑不亢，真情实感流注于字里行间。刘景素看了江淹的这篇上书后，深受感动，立即释放了他。另外，江淹的《报袁叔明书》、《与交友论隐书》等，均为当时名篇。 江淹的诗作成就虽不及他的辞赋和骈文，但也不乏优秀之作，其特点是意趣深远，在齐梁诸家中尤为突出。善于拟古是江淹诗歌方面的突出特色，面貌酷似，几可乱真。　　南朝文学批评家钟嵘在《诗品》中就说江淹“善于摹拟”。江淹努力学习古人的作品，确使他摆脱了一些绮丽之风，写出了不少在流丽中带有峭拔苍劲之气的诗篇。在江淹诗歌中，有一部分为乐府歌辞。江淹的乐府歌辞在南朝中虽不能技压群雄，也算得是上乘之作。 ▲","仕宦轶事":"　　宋顺帝升明初年，萧道成（后为齐高帝）辅政时，荆州刺史沈攸之忠于宋，举兵反对萧道成。萧道成询问江淹，江淹向他陈说萧道成必胜而沈攸之必败的五条原因。第二年沈攸之果然战败自杀身亡，江淹也因此而甚得齐高帝赏识。齐东昏侯永元年间，崔慧景造反，率叛军围困京城建康，城内士族官僚纷纷投身于叛军门下，只有江淹称病不往。崔慧景很快兵败，众皆服江淹有远见。后来萧衍带兵至新林（今江苏省南京市西南），士族官僚对他并没有看好，人人安之若素，而江淹却脱去官服，投奔萧衍。后萧衍称帝，江淹得到重用。　　江淹为官清正，不避权贵，直言敢谏。宋后废帝刘昱即位“多失德”，刘景素又偏听偏信左右之言，政局岌岌可危。江淹从容直谏，刘景素怒而不纳，江淹赠诗十五首以讽谏。江淹任御史中丞时，弹劾中书令谢朏、司徒左长史王缋、护军长史庾仲远。也曾奏前益州刺史刘悛、梁州刺史阴智伯有脏物宝货成千上万，并拘捕了他们，交朝廷治罪。其他被检劾论治的违法官员更是不胜枚举。齐明帝曾当面称赞江淹：“从宋代以来，不曾有严明的御史中丞，君今天可说近代独一无二了。”▲"}","https://guwen-1252396323.cos.ap-chengdu.myqcloud.com/headImage/20180914153148480.jpg"
"阴铿","南北朝","阴铿（约511年－约563年），字子坚，武威姑臧（今甘肃武威）人。南北朝时代梁朝、陈朝著名诗人、文学家，其高祖袭迁居南平（在今湖北荆州地区），其父亲子春仕梁，为都督梁、秦二州刺史。铿幼年好学，能诵诗赋，长大后博涉史传，尤善五言诗，为当时所重，仕梁官湘东王萧绎法曹参军；入陈为始兴王陈伯茂府中录事参军，以文才为陈文帝所赞赏，累迁晋陵太守、员外、散骑常侍。约在陈文帝天嘉末年去世。阴铿的艺术风格同何逊相似，后人并称为“阴何”。","{"介绍":"　　梁左卫将军子春之子。幼聪慧，五岁能诵诗赋，日千言。及长，博涉史传，尤善五言诗，为当时所重。释褐梁湘东王法曹参军。天寒，铿尝与宾友宴饮，见行觞者，因回酒炙以授之，众坐皆笑，铿曰：“吾侪终日酣饮，而执爵者不知其味，非人情也。”及侯景之乱，铿尝为贼所擒，或救之获免，铿问其故，乃前所行觞者。天嘉中，为始兴王府中录事参军。世祖尝宴群臣赋诗，徐陵言之于世祖，即日召铿预宴，使赋新成安乐宫，铿授笔便就，世祖甚叹赏之。累迁招远将军、晋陵太守、员外散骑常侍，顷之卒。有集三卷行于世。　　阴铿诗歌以写景见长，尤善于描写江上景色，展现了江陵洞庭、武昌一带长江风物。他善于锻炼字句，沈德潜《说诗□语》评其诗“专求佳句，差强人意”，诸如“潮落犹如盖，云昏不作峰”（《晚出新亭》）、“山云遥似带，庭叶近成舟”（《闲居对雨》）、“夜江雾里阔，新月迥中明”（《五洲夜发》）等，都是在修辞上、声律上颇见用心的佳句。在雕琢字句的同时，他也讲究谋篇，注意到通篇的完整，如《晚泊五洲》：“客行逢日暮，结缆晚洲中。戍楼因□险，村路入江穷。水随云度黑，山带日归红。遥怜一柱观，欲轻千里风。”中间二联对仗工整，平仄协调，已经接近成熟的五言律诗。此外如《晚出新亭》、《游巴陵空寺》、《秋闺怨》、《经丰城剑池》等篇，均可视为唐代律体的滥觞。阴铿的艺术风格同何逊相似，后人并称为“阴何”。杜甫诗云“颇学阴何苦用心”，又云“李侯（白）有佳句，往往似阴铿”，足见他们对唐代诗歌产生了积极影响。　　阴铿原有文集3卷。今存《阴常侍集》1卷，有《六朝诗集》本，又名《阴常侍诗集》， 1卷。另有《二酉堂丛书》本、《丛书集成初编》本。 ▲","逸话":"　　据《陈书》所载，在某个天寒之日，阴铿与宾友共聚饮宴，宴会间留意到一直负责斟酒的仆人没有喝过酒，但似乎有想喝酒的样子，于是命人把酒炙热并赠予那名仆人，在座的宾客都笑阴铿多事，阴铿却说：“我们每天都酣畅地饮酒，而这个满天都手拿酒杯的人却不知道酒的味道，实在没有道理。”后来侯景之乱爆发，阴铿被贼人所擒，却有人将他救走。阴铿询问那个救自己的人，才知道那人正是以前曾被自己赐酒的仆人。　　《世说新语》的〈德行篇〉中，有一段记载：“顾荣在洛阳，尝应人请，觉行炙人有欲炙之色，因辍己施焉。同坐嗤之。荣曰：‘岂有终日执之，而不知其味者乎？’后遭乱渡江，每经危急，常有一人左右已，问其所以，乃受炙人也。”故事与《陈书》中阴铿的经历几乎一模一样。余嘉锡便怀疑阴铿的故事，是由后人根据顾荣的事件附会而成的。 ▲"}","https://guwen-1252396323.cos.ap-chengdu.myqcloud.com/headImage/20180914153242745.jpg"
"江淹","南北朝","江淹（444—505），字文通，南朝著名文学家、散文家，历仕三朝，宋州济阳考城（今河南省商丘市民权县）人。江淹少时孤贫好学，六岁能诗，十三岁丧父。二十岁左右在新安王刘子鸾幕下任职，开始其政治生涯，历仕南朝宋、齐、梁三代。江淹在仕途上早年不甚得志。泰始二年（466年），江淹转入建平王刘景素幕，江淹受广陵令郭彦文案牵连，被诬受贿入狱，在狱中上书陈情获释。刘景素密谋叛乱，江淹曾多次谏劝，刘景素不纳，贬江淹为建安吴兴县令。宋顺帝升明元年（477年），齐高帝萧道成执政，把江淹自吴兴召回，并任为尚书驾部郎、骠骑参军事，大受重用。","{"成语典故":"梦笔生花　　江淹在被权贵贬黜到浦城当县令时，相传有一天，他漫步浦城郊外，歇宿在一小山上。睡梦中，见神人授他一支闪着五彩的神笔，自此文思如涌，成了一代文章魁首，当时人称为“梦笔生花”。江郎才尽　　中年以后，江淹官运亨通，官运的高峰却造就了他创作上的低潮，富贵安逸的环境，使他才思减退，到齐武帝永明后期，他就很少有传世之作，故有“江郎才尽”之说。据《诗品》，传说他有一天晚上梦见一个人，自称是郭璞（晋代文学家），他对江淹说道：“我有一支五色彩笔留在你处已多年，请归还给我吧！”江淹从怀中取出，还给了那人。其后他写的文章就日见失色。时人谓之才尽，于是便有“江郎才尽”一说。《南史》中除了记载以上故事外，还记载了一个类似的“索锦”的故事，发生在张协与江淹之间。文通残锦　　比喻剩下不多的才华。典出《南史·江淹传》。南朝梁江淹，字文通，年轻时就很有才华。传说他晚年梦见晋张协对他说：“前以一匹锦相寄，今可见还。”江淹把几尺残锦奉还，张大怒说：“那得割截都尽。”江淹的文才从此大不如前。 ▲","文学贡献":"　　江淹突出的文学成就表现在他的辞赋方面，他是南朝辞赋大家，与鲍照并称。南朝辞赋发展到“江、鲍”，达到了一个高峰。江淹的《恨赋》、《别赋》与鲍照的《芜城赋》、《舞鹤赋》可说是南朝辞赋的佳作。　　江淹又是南朝骈文大家，是南朝骈文中最有成就的作家之一，与鲍照、刘峻、徐陵齐名。最为知名的当数他在狱中写给建平王刘景素的《诣建平王书》，文章辞气激扬，不卑不亢，真情实感流注于字里行间。刘景素看了江淹的这篇上书后，深受感动，立即释放了他。另外，江淹的《报袁叔明书》、《与交友论隐书》等，均为当时名篇。 江淹的诗作成就虽不及他的辞赋和骈文，但也不乏优秀之作，其特点是意趣深远，在齐梁诸家中尤为突出。善于拟古是江淹诗歌方面的突出特色，面貌酷似，几可乱真。　　南朝文学批评家钟嵘在《诗品》中就说江淹“善于摹拟”。江淹努力学习古人的作品，确使他摆脱了一些绮丽之风，写出了不少在流丽中带有峭拔苍劲之气的诗篇。在江淹诗歌中，有一部分为乐府歌辞。江淹的乐府歌辞在南朝中虽不能技压群雄，也算得是上乘之作。 ▲","仕宦轶事":"　　宋顺帝升明初年，萧道成（后为齐高帝）辅政时，荆州刺史沈攸之忠于宋，举兵反对萧道成。萧道成询问江淹，江淹向他陈说萧道成必胜而沈攸之必败的五条原因。第二年沈攸之果然战败自杀身亡，江淹也因此而甚得齐高帝赏识。齐东昏侯永元年间，崔慧景造反，率叛军围困京城建康，城内士族官僚纷纷投身于叛军门下，只有江淹称病不往。崔慧景很快兵败，众皆服江淹有远见。后来萧衍带兵至新林（今江苏省南京市西南），士族官僚对他并没有看好，人人安之若素，而江淹却脱去官服，投奔萧衍。后萧衍称帝，江淹得到重用。　　江淹为官清正，不避权贵，直言敢谏。宋后废帝刘昱即位“多失德”，刘景素又偏听偏信左右之言，政局岌岌可危。江淹从容直谏，刘景素怒而不纳，江淹赠诗十五首以讽谏。江淹任御史中丞时，弹劾中书令谢朏、司徒左长史王缋、护军长史庾仲远。也曾奏前益州刺史刘悛、梁州刺史阴智伯有脏物宝货成千上万，并拘捕了他们，交朝廷治罪。其他被检劾论治的违法官员更是不胜枚举。齐明帝曾当面称赞江淹：“从宋代以来，不曾有严明的御史中丞，君今天可说近代独一无二了。”▲"}","https://guwen-1252396323.cos.ap-chengdu.myqcloud.com/headImage/20180914153328645.jpg"
"徐陵","南北朝","徐陵（507～583）字孝穆，东海郯（今山东郯城）人，徐摛之子。南朝梁陈间的诗人，文学家。早年即以诗文闻名。八岁能文，十二岁通《庄子》、《老子》。长大后，博涉史籍，有口才。梁武帝萧衍时期，任东宫学士，常出入禁闼，为当时宫体诗人，与庾信齐名，并称“徐庾”,与宋朝郭茂倩并称“乐府双壁。”入陈后历任尚书左仆射，中书监等职，继续宫体诗创作，诗文皆以轻靡绮艳见称。至德元年去世，时年七十七，赠镇右将军、特进，其侍中、左光禄、鼓吹、侯如故，谥曰章。 有四子：徐俭，徐份，徐仪，徐僔。","{}","https://guwen-1252396323.cos.ap-chengdu.myqcloud.com/headImage/20180914153409815.jpg"
"庾肩吾","南北朝","庾肩吾(487-551)，字子慎，一作慎之。南阳新野(今属河南省)人。世居江陵。初为晋安王国常侍，同刘孝威、徐摛诸人号称“高斋学士”。简文即位，进度支尚书，有集十卷。历仕太子中庶子、进度支尚书、江州剌史等职，封武康县侯。工诗，其诗雕琢辞采，讲究声律。胡　应麟称其诗“风神秀相，洞合唐规”。《书品》为其重要的书法论著，文中挑选了以东汉张芝居首的草、隶书家共128人，按品位分高、中、低三等，每等再分上、中、下三级。此书的特点在于不是就每件作品加以品评，而是就每一级集中综合品评，区分优劣。","{"生平":"　　梁简文帝萧纲初封晋安王，庾肩吾为晋安国常侍。萧纲迁镇，庾肩吾也随同迁转，历任云麾参军，并兼记室参军。萧纲喜好文学，招纳文士，庾肩吾和徐□、刘孝威等同被赏接，又受命抄撰书籍，当时号为高斋学士。简文帝萧纲继位后，以庾肩吾为度支尚书。后侯景至建康，矫诏遣庾肩吾使江州招降萧大心，他乘机逃至会稽，转赴江陵，投奔萧绎，封武康县侯，《梁书》及《南史》庾肩吾传都未明记其生卒年和年岁。　　梁元帝27岁时所作《法宝联璧序》，记庾肩吾为48岁，可以推知其生年。庾信于承圣二年(553)封武康县侯，袭父爵，则庾肩吾当卒于此年。元帝萧绎为作墓志。　　庾肩吾历任萧纲府中属官，当时盛行的宫体诗，他是推波助澜者之一。现存的诗文，多为应制、奉和、侍宴、谢启这一类酬应之作，但象“路高村反出，林长鸟更稀。寒云间石起，秋叶下山飞”（《游甑山》），“泉飞疑度雨，云积似重楼”（《寻周处士弘让》）等句写景还很生动。他的《乱后行经吴邮亭》一诗，对侯景之乱也颇有悲愤之情。由于他讲求声律，有一些五言诗已经具备了五言律诗的雏形。　　庾肩吾还是一位书法家，著有《书品》，叙述书法的源流演变，评论历代书法家的特色，颇受后人的重视。▲","背景":"　　汉代末年在察举制度下，士族中已经流行着乡党评议的风气，如许劭与从兄许靖“俱有高名，好共核论乡党人物，每月辄更其品题，故汝南俗有月旦评焉”。此外，郭太也以关于鉴人而名闻天下。魏文帝曹丕实行九品中正制以后，人物品评的风气更加兴盛。(魏)刘卲(或作“劭”、“邵”)的《人物志》总结了鉴察人物的理论和方法，特别重视人的材质，形成才性之学。(宋)刘义庆《世说新语》的《识鉴》、《赏誉》、《品藻》、《容止》等门，记载了许多品评人物的生动事例。　　人物品评在汉末多带有预言成败的意味，偏重在识鉴人才、拔擢俊彦，所以品评的重点在政治、道德方面。魏晋以后的人物品评有一个新的趋势，就是在预言性和政治、道德的评议外，增加了许多审美的成分，为已经享名的人物用形象的语言、比喻象征的手法加以品题。如《世说新语》中的这些品题：“公孙度目邴原：‘所谓云中白鹤，非燕雀之网所能罗也。’”(《赏誉》)“王戎云：‘太尉神姿高彻，如瑶林琼树，自然是风尘外物。’”(《赏誉》)“时人道阮思旷：‘骨气不及右军，简秀不如真长，韶润不如仲祖，思致不如渊源，而兼有诸人之美。’”(《品藻》)“有人叹王恭形茂者，云：‘濯濯如春月柳。’”(《容止》)《世说新语》中品题人物常见的审美概念有：清、神、朗、率、达、雅、通、简、真、畅、俊、旷、远、高、深、虚、逸、超等，其中最常见的是：真、深、朗三者。而用作比喻的又不乏自然物象，如：千丈松、松下风、玉树、玉山、云中白鹤、龙跃云津、凤鸣朝阳。人物审美的兴盛，对文艺审美起了催化的作用。有的文学审美范畴来自人物审美，如“风骨”、“骨气”、“风神”、“清虚”、“清通”、“高远”、“情致”、“才情”等。而人物流品的划分，也直接影响着文艺批评，锺嵘《诗品》、庾肩吾《书品》、谢赫《古画品录》，就是明证。▲","成就":"　　庾肩吾，南朝梁文学家。字子慎，一作慎之。原籍南阳新野(今属河南)。八岁能赋诗。初为晋安王萧纲国常侍，历任云麾参军、兼记室参军。王好文学，为太子，开文德省，招纳文士，与刘孝威、江伯摇、孔敬通、申子悦、徐昉、徐摛、王囿、孔铄、鲍至等十人同被赏接，又受命抄撰众籍，丰其果馔，号为“高斋学士”。　　萧纲即帝位(简文帝)，任度支尚书。侯景至建康，矫诏遣肩吾使江州招降萧大心，他乘机逃至会稽，间道奔江陵投萧绎，任江州刺史，领义阳太守，封武康县侯。卒赠散骑常侍、中书令。工诗赋。诗与徐摛齐名，早期多为奉和应制、侍宴、谢启一类酬应之作，风格靡丽，为“宫体诗”创始人之一。但某些诗句如“路高村反出，林长鸟更稀。寒云间石起，秋叶下山飞”(《游甑山》)，“泉飞疑度雨，云积似重楼”(《寻周处士弘让》)等，写景较生动。诗歌形式上讲求对仗，注重声律，对后来律诗的形成有所贡献。　　明胡应麟《诗薮》称其“风神秀相，洞合唐规”，王夫之《古诗品选》推为“近体之宗祊”。晚年经乱，诗风有所转变，如《乱后行经吴邮亭》等诗，抒发对时代动乱的感慨，情辞慷慨，笔力较为雄健。又善书法，著有《书品》传世，叙述书法源流演变，评论历代书法家之特色，颇受后人重视。《隋书·经籍志》载其有集十卷，但唐李贺已经感叹不得见其遗文(《还自会稽歌序》)。明张溥辑有《庾度支集》，收入《汉魏六朝百三名家集》。▲"}","https://guwen-1252396323.cos.ap-chengdu.myqcloud.com/headImage/20180914153423392.jpg"
"颜延之","南北朝","颜延之（384～456年），字延年，南朝宋文学家。祖籍琅邪临沂（今山东临沂）。曾祖含，右光禄大夫。祖约，零陵太守。父显，护军司马。少孤贫，居陋室，好读书，无所不览，文章之美，冠绝当时，与谢灵运并称“颜谢”。嗜酒，不护细行，年三十犹未婚娶。","{"生平":"　　东晋末，官江州刺史刘柳后军功曹，转主簿，历豫章公刘裕世子参军。刘裕代晋建宋，官太子舍人。宋少帝时，以正员郎兼中书郎，出为始安太守。宋文帝时，征为中书侍郎，转太子中庶子，领步兵校尉。后为秘书监，光禄勋，太常。刘劭弑立，以之为光禄大夫。宋孝武帝即位，为金紫光禄大夫，领湘东王师，后世称其“颜光禄”。长子颜竣从孝武帝讨灭刘劭，权倾一朝。凡是颜竣所资供之物，延之一无所受，器服不改，宅宇如旧。曾经对颜竣说：“平生不喜见要人，今不幸见汝。”孝建三年，卒，时年七十三。追赠散骑常侍、特进，金紫光禄大夫如故。谥曰宪子。延之性褊激，兼有酒过，肆意直言，曾无回隐，世人呼之“颜彪”。　　颜延之和陶渊明私交甚笃。在颜延之江州任后军功曹时，二人过从甚密；其后延之出任始安太守，路经浔阳，又与陶渊明在一起饮酒，临行并以两万钱相赠。陶渊明死后，他还写了《陶徵士诔》。　　颜延之在当时的诗坛上声望很高，和谢灵运齐名，并称“颜谢”。但实际上，他的成就似乎不如谢灵运。他的诗凝炼规整，喜用典故，堆砌辞藻，往往缺乏生动的情致。汤惠休说他的诗“如错采镂金”（见《诗品》），钟嵘也说他“喜用古事，弥见拘束”。其诗存世者不少而可观者不多，较为人们所称道的是《五君咏》五首，是他在被出为永嘉太守时所作。称述竹林七贤中的“五君”，“五君”即嵇康、向秀、刘伶、阮籍、阮咸，而山涛、王戎因为贵显而不咏，借五位古人抒发自己的不平，体现了他性格中正直放达的一面，比别的作品要显得清朗。《北使洛》、《还至梁城作》，感慨中原残破，象“阴风振凉野，飞云瞀穷天。临涂未及引，置酒惨无言”；“故国多乔木，空城凝寒云；丘垄填郛郭，铭灭无文；木石扃幽闼，黍苗延高坟”等句，感情也比较真实。他的《赭白马赋》，虽属奉诏而作，但如“旦刷幽燕，昼秣荆越”之句，描写骏马奔驰之速，对后来许多咏马诗都曾产生过影响。　　《隋书》称有文集二十五卷，两《唐书》作三十卷，佚。明代张溥辑有《颜光禄集》，收在《汉魏六朝百三家集》中。 ▲"}","https://guwen-1252396323.cos.ap-chengdu.myqcloud.com/headImage/20180914153712098.jpg"
"萧子显","南北朝","萧子显（487年--537年），字景阳，梁南兰陵（今江苏常州）人，南朝梁朝史学家，文学家。","{}",""
"谢朓","南北朝","谢朓（464~499年），字玄晖。汉族，陈郡阳夏（今河南太康县）人。南朝齐时著名的山水诗人，出身世家大族。谢朓与谢灵运同族，世称“小谢”。初任竟陵王萧子良功曹、文学，为“竟陵八友”之一。后官宣城太守，终尚书吏部郎，又称谢宣城、谢吏部。东昏侯永元初，遭始安王萧遥光诬陷，下狱死。曾与沈约等共创“永明体”。今存诗二百余首，多描写自然景物，间亦直抒怀抱，诗风清新秀丽，圆美流转，善于发端，时有佳句；又平仄协调，对偶工整，开启唐代律绝之先河。","{"生平":"世家传承　　谢朓家世既贵，少又好学，为南齐藩王所重。初为太尉豫章王萧嶷行参军，迁随王萧子隆东中郎府，转王俭卫军东阁祭酒，后为随王镇西功曹，转文学。永明九年（491年），随王为荆州刺史，“亲府州事”，谢朓也跟着到了荆州，“以文才尤被赏爱”。后调还京都，任新安王中军记室，兼尚书殿中郎，又为骠骑谘议，领记室，掌霸府文笔，又掌中书诏诰。建武二年（495年）出为宣城太守。建武四年（497年），谢朓被任命为齐明帝萧鸾天生残废的长子萧宝义的镇北谘议、兼南东海太守。少学成名　　谢朓青年时代即以文学知名，《南齐书》本传称其“少好学，有美名，文章清丽”，谢朓诗歌创作的主要成就是发展了山水诗。谢朓善草、隶书，长于五言诗，好奖掖人才。因功升任　　岳父王敬则被迫谋反，第五子王幼隆派人到南东海治所与谢朓密谈。谢朓扣住来人，径自告发。王敬则被族灭，谢朓因功升任尚书吏部郎。王敬则之女常怀刀想向谢朓报仇，谢朓不敢与她相见。为吏部郎，沈昭略对他说：“卿人地之美，无忝此职。但恨今日刑于寡妻。”（一说，讲此话的人是范缜）　　这时萧鸾已身染沉疴，而北魏军队常渡江骚扰，南北兵刃数次相接。东昏侯永元元年（499年），始安王萧遥光谋夺帝位，谢朓不预其谋，反遭诬陷，下狱而死。谢朓临败叹道：“我不杀王公，王公由我而死。”辞官谢世　　当时，谢朓的岳父王敬则任会稽太守。因为他是齐武帝的心腹猛将，开国大臣，所以萧鸾对他很不放心，加重兵以监视。王敬则怖惧万状，深感大祸临头。他的第五个儿子王幼隆派人到南东海治所与谢朓密谈。谢朓深怕自己被卷入，扣住来人，径自告发。王敬则被族灭后，谢朓因功升任尚书吏部郎。　　然而谢朓还是没有逃脱政治浊浪的裹挟。同年初秋，萧鸾死去，他的儿子、荒淫无度的东昏侯萧宝卷登位。第二年，在始安王萧遥光，贵戚江祏、江祀、刘沨等合谋的又一起夺位阴谋中，因为谢朓拒绝了他们奉立萧遥光为帝的要求，终于受诬而死，时年三十六岁。　　对于谢朓的死，前人颇有议论。今天看来，他的死能反映出齐代乱世的时代特点；谢朓的自我矛盾和畏祸心理，也是当时士大夫阶级的通病，我们不宜对他过于苛求。我们不妨假设：以谢朓这样逸兴壮飞的才情，如果他能再活上三十六岁的话，我们将多读到多少“清水出芙蓉”般的诗篇！　　谢公宅：谢公宅位于当涂青山，为南朝宣城太守谢脁故宅。环宅皆流泉奇石，摩崖石刻。谢脁诗、书、文俱佳，尤擅五言山水诗，有山水诗祖之称，李白对其推崇备至，曾明确表示死后要与谢脁结为“异代芳邻”，留下了文坛千古佳话。　　马鞍山市博物馆谢朓雕塑，雕塑家唐亚明根据谢朓诗境创作的谢朓像。▲","相关评价":"　　谢朓的诗当然也不无缺点。譬如它们往往不能做到全篇尽善尽美；与篇首相比，结尾显得比较平踬。因而它们只能是向盛唐诗歌发展过程中的“中间”作品。然而正因为如此，它们在文学史上就愈有较高的研究价值。　　唐代著名诗人李白，在《宣州谢朓楼饯别校书叔云》中吟道：“蓬莱文章建安骨，中间小谢又清发。俱怀逸兴壮思飞，可上九天揽明月。”这是对谢朓诗歌的最恰当的评价。李白自己一生追求的便是像谢朓诗歌所体现的“清水出芙蓉，天然去雕饰”的清新自然的艺术风格。此外谢朓的诗歌，对盛唐“诗佛”王维、“诗圣”杜甫的影响也是显而易见的。这一切都充分说明了谢朓在我国诗歌艺术的发展史上，有着特殊的贡献。▲"}","https://guwen-1252396323.cos.ap-chengdu.myqcloud.com/headImage/20180914153759137.jpg"
"江淹","南北朝","江淹（444—505），字文通，南朝著名文学家、散文家，历仕三朝，宋州济阳考城（今河南省商丘市民权县）人。江淹少时孤贫好学，六岁能诗，十三岁丧父。二十岁左右在新安王刘子鸾幕下任职，开始其政治生涯，历仕南朝宋、齐、梁三代。江淹在仕途上早年不甚得志。泰始二年（466年），江淹转入建平王刘景素幕，江淹受广陵令郭彦文案牵连，被诬受贿入狱，在狱中上书陈情获释。刘景素密谋叛乱，江淹曾多次谏劝，刘景素不纳，贬江淹为建安吴兴县令。宋顺帝升明元年（477年），齐高帝萧道成执政，把江淹自吴兴召回，并任为尚书驾部郎、骠骑参军事，大受重用。","{"成语典故":"梦笔生花　　江淹在被权贵贬黜到浦城当县令时，相传有一天，他漫步浦城郊外，歇宿在一小山上。睡梦中，见神人授他一支闪着五彩的神笔，自此文思如涌，成了一代文章魁首，当时人称为“梦笔生花”。江郎才尽　　中年以后，江淹官运亨通，官运的高峰却造就了他创作上的低潮，富贵安逸的环境，使他才思减退，到齐武帝永明后期，他就很少有传世之作，故有“江郎才尽”之说。据《诗品》，传说他有一天晚上梦见一个人，自称是郭璞（晋代文学家），他对江淹说道：“我有一支五色彩笔留在你处已多年，请归还给我吧！”江淹从怀中取出，还给了那人。其后他写的文章就日见失色。时人谓之才尽，于是便有“江郎才尽”一说。《南史》中除了记载以上故事外，还记载了一个类似的“索锦”的故事，发生在张协与江淹之间。文通残锦　　比喻剩下不多的才华。典出《南史·江淹传》。南朝梁江淹，字文通，年轻时就很有才华。传说他晚年梦见晋张协对他说：“前以一匹锦相寄，今可见还。”江淹把几尺残锦奉还，张大怒说：“那得割截都尽。”江淹的文才从此大不如前。 ▲","文学贡献":"　　江淹突出的文学成就表现在他的辞赋方面，他是南朝辞赋大家，与鲍照并称。南朝辞赋发展到“江、鲍”，达到了一个高峰。江淹的《恨赋》、《别赋》与鲍照的《芜城赋》、《舞鹤赋》可说是南朝辞赋的佳作。　　江淹又是南朝骈文大家，是南朝骈文中最有成就的作家之一，与鲍照、刘峻、徐陵齐名。最为知名的当数他在狱中写给建平王刘景素的《诣建平王书》，文章辞气激扬，不卑不亢，真情实感流注于字里行间。刘景素看了江淹的这篇上书后，深受感动，立即释放了他。另外，江淹的《报袁叔明书》、《与交友论隐书》等，均为当时名篇。 江淹的诗作成就虽不及他的辞赋和骈文，但也不乏优秀之作，其特点是意趣深远，在齐梁诸家中尤为突出。善于拟古是江淹诗歌方面的突出特色，面貌酷似，几可乱真。　　南朝文学批评家钟嵘在《诗品》中就说江淹“善于摹拟”。江淹努力学习古人的作品，确使他摆脱了一些绮丽之风，写出了不少在流丽中带有峭拔苍劲之气的诗篇。在江淹诗歌中，有一部分为乐府歌辞。江淹的乐府歌辞在南朝中虽不能技压群雄，也算得是上乘之作。 ▲","仕宦轶事":"　　宋顺帝升明初年，萧道成（后为齐高帝）辅政时，荆州刺史沈攸之忠于宋，举兵反对萧道成。萧道成询问江淹，江淹向他陈说萧道成必胜而沈攸之必败的五条原因。第二年沈攸之果然战败自杀身亡，江淹也因此而甚得齐高帝赏识。齐东昏侯永元年间，崔慧景造反，率叛军围困京城建康，城内士族官僚纷纷投身于叛军门下，只有江淹称病不往。崔慧景很快兵败，众皆服江淹有远见。后来萧衍带兵至新林（今江苏省南京市西南），士族官僚对他并没有看好，人人安之若素，而江淹却脱去官服，投奔萧衍。后萧衍称帝，江淹得到重用。　　江淹为官清正，不避权贵，直言敢谏。宋后废帝刘昱即位“多失德”，刘景素又偏听偏信左右之言，政局岌岌可危。江淹从容直谏，刘景素怒而不纳，江淹赠诗十五首以讽谏。江淹任御史中丞时，弹劾中书令谢朏、司徒左长史王缋、护军长史庾仲远。也曾奏前益州刺史刘悛、梁州刺史阴智伯有脏物宝货成千上万，并拘捕了他们，交朝廷治罪。其他被检劾论治的违法官员更是不胜枚举。齐明帝曾当面称赞江淹：“从宋代以来，不曾有严明的御史中丞，君今天可说近代独一无二了。”▲"}","https://guwen-1252396323.cos.ap-chengdu.myqcloud.com/headImage/20180914153932085.jpg"
"乐府诗集","南北朝","","",""
"僧伽斯那","南北朝","","",""
"伽腽肭","南北朝","","",""
"范筠","南北朝","","",""
"傅亮","南北朝","","",""
"王僧孺","南北朝","","",""
"刘氏（王淑英妻）","南北朝","","",""
"刘孝威","南北朝","","",""
"陆厥","南北朝","","",""
"阮卓","南北朝","","",""
"王筠","南北朝","","",""
"王僧达","南北朝","","",""
"温子升","南北朝","","",""
"何敬容","南北朝","","",""
"谢瞻","南北朝","","",""
"崔巨伦","南北朝","","",""
"何胤","南北朝","","",""
"袁奭","南北朝","","",""
"宗羁","南北朝","","",""
"张率","南北朝","","",""
"宇文毓","南北朝","","",""
"佚名","南北朝","","",""
"郦道元","南北朝","","",""
"吴均","南北朝","","",""
"陶弘景","南北朝","","",""
"刘义庆","南北朝","","",""
"陆凯","南北朝","","",""
"王籍","南北朝","","",""
"鲍照","南北朝","","",""
"徐陵","南北朝","","",""
"谢朓","南北朝","","",""
"范晔","南北朝","","",""
"何逊","南北朝","","",""
"江淹","南北朝","","",""
"沈约","南北朝","","",""
"江总","南北朝","","",""
"释宝月","南北朝","","",""
"陈叔宝","南北朝","","",""
"谢灵运","南北朝","","",""
"阴铿","南北朝","","",""
"庾信","南北朝","","",""
"刘昶","南北朝","","",""
"范云","南北朝","","",""
"庾肩吾","南北朝","","",""
"萧纲","南北朝","","",""
"萧子显","南北朝","","",""
"鲍令晖","南北朝","","",""
"柳恽","南北朝","","",""
"颜延之","南北朝","","",""
"萧衍","南北朝","","",""
"车?","南北朝","","",""
"孔稚圭","南北朝","","",""
"王台卿","南北朝","","",""
"王褒","南北朝","","",""
"王融","南北朝","","",""
"韦鼎","南北朝","","",""
"刘骏","南北朝","","",""
"朱超","南北朝","","",""
"汤惠休","南北朝","","",""
"邢邵","南北朝","","",""
"顾?","南北朝","","",""
"吴迈","南北朝","","",""
"吴迈远","南北朝","","",""
"张正见","南北朝","","",""
"张融","南北朝","","",""
"无名氏","南北朝","","",""
"徐勉","南北朝","","",""
"刘邈","南北朝","","",""
"曹景宗","南北朝","","",""
"萧悫","南北朝","","",""
"谢庄","南北朝","","",""
"谢惠连","南北朝","","",""
"谢燮","南北朝","","",""
"颜之推","南北朝","","",""
"慧侃","南北朝","","",""
"王训","南北朝","","",""
"刘缓","南北朝","","",""
"周弘让","南北朝","","",""
"陈昭","南北朝","","",""
"徐谦","南北朝","","",""
"清远道士","南北朝","","",""
"王叔之","南北朝","","",""
"袁淑","南北朝","","",""
"王俭","南北朝","","",""
"张骏","南北朝","","",""
"伍辑之","南北朝","","",""
"卞伯玉","南北朝","","",""
"孔欣","南北朝","","",""
"刘义隆","南北朝","","",""
"宗炳","南北朝","","",""
"孔宁子","南北朝","","",""
"谢晦","南北朝","","",""
"谢世基","南北朝","","",""
"郑鲜之","南北朝","","",""
"范泰","南北朝","","",""
"王韶之","南北朝","","",""
"王微","南北朝","","",""
"何长瑜","南北朝","","",""
"荀雍","南北朝","","",""
"范广渊","南北朝","","",""
"孔法生","南北朝","","",""
"何承天","南北朝","","",""
"何承嘉","南北朝","","",""
"刘铄","南北朝","","",""
"丘渊之","南北朝","","",""
"荀昶","南北朝","","",""
"何偃","南北朝","","",""
"颜峻","南北朝","","",""
"颜测","南北朝","","",""
"江智渊","南北朝","","",""
"庾徽之","南北朝","","",""
"颜师伯","南北朝","","",""
"沈庆之","南北朝","","",""
"刘义恭","南北朝","","",""
"王素","南北朝","","",""
"徐爰","南北朝","","",""
"袁粲","南北朝","","",""
"刘俣","南北朝","","",""
"卞彬","南北朝","","",""
"任豫","南北朝","","",""
"袁伯文","南北朝","","",""
"湛挺","南北朝","","",""
"贺道庆","南北朝","","",""
"王歆之","南北朝","","",""
"萧璟","南北朝","","",""
"渔父","南北朝","","",""
"殷淡","南北朝","","",""
"萧道成","南北朝","","",""
"萧赜","南北朝","","",""
"王延","南北朝","","",""
"王僧佑","南北朝","","",""
"萧长懋","南北朝","","",""
"顾欢","南北朝","","",""
"萧子良","南北朝","","",""
"萧子隆","南北朝","","",""
"丘巨源","南北朝","","",""
"王仲雄","南北朝","","",""
"徐孝嗣","南北朝","","",""
"虞炎","南北朝","","",""
"王思远","南北朝","","",""
"王寂","南北朝","","",""
"阮彦","南北朝","","",""
"王僧令","南北朝","","",""
"袁浮丘","南北朝","","",""
"陆慧晓","南北朝","","",""
"刘绘","南北朝","","",""
"刘?","南北朝","","",""
"袁彖","南北朝","","",""
"虞通之","南北朝","","",""
"许瑶之","南北朝","","",""
"朱硕仙","南北朝","","",""
"石道慧","南北朝","","",""
"檀秀才","南北朝","","",""
"江奂","南北朝","","",""
"陶功曹","南北朝","","",""
"朱孝廉","南北朝","","",""
"王秀之","南北朝","","",""
"江孝嗣","南北朝","","",""
"王常侍","南北朝","","",""
"王晏","南北朝","","",""
"韩兰英","南北朝","","",""
"谢超宗","南北朝","","",""
"褚渊","南北朝","","",""
"王揖","南北朝","","",""
"高爽","南北朝","","",""
"宗夬","南北朝","","",""
"萧钧","南北朝","","",""
"王暕","南北朝","","",""
"任昉","南北朝","","",""
"丘迟","南北朝","","",""
"虞羲","南北朝","","",""
"虞骞","南北朝","","",""
"刘霁","南北朝","","",""
"刘苞","南北朝","","",""
"柳镇","南北朝","","",""
"范缜","南北朝","","",""
"何寘南","南北朝","","",""
"沈繇","南北朝","","",""
"孙擢","南北朝","","",""
"江革","南北朝","","",""
"朱记室","南北朝","","",""
"周兴嗣","南北朝","","",""
"刘峻","南北朝","","",""
"萧洽","南北朝","","",""
"徐悱","南北朝","","",""
"周舍","南北朝","","",""
"陆倕","南北朝","","",""
"陆罩","南北朝","","",""
"纪少瑜","南北朝","","",""
"到洽","南北朝","","",""
"傅昭","南北朝","","",""
"裴子野","南北朝","","",""
"萧统","南北朝","","",""
"殷芸","南北朝","","",""
"萧琛","南北朝","","",""
"萧巡","南北朝","","",""
"何思澄","南北朝","","",""
"王锡","南北朝","","",""
"刘遵","南北朝","","",""
"王规","南北朝","","",""
"谢微","南北朝","","",""
"萧瑱","南北朝","","",""
"刘孝绰","南北朝","","",""
"刘孺","南北朝","","",""
"刘显","南北朝","","",""
"陆云公","南北朝","","",""
"刘之遴","南北朝","","",""
"到溉","南北朝","","",""
"谢举","南北朝","","",""
"萧推","南北朝","","",""
"庾仲容","南北朝","","",""
"褚翔","南北朝","","",""
"杨皦","南北朝","","",""
"吴孜","南北朝","","",""
"朱异","南北朝","","",""
"张嵊","南北朝","","",""
"张缵","南北朝","","",""
"殷钧","南北朝","","",""
"王伟","南北朝","","",""
"萧子云","南北朝","","",""
"萧子晖","南北朝","","",""
"伏挺","南北朝","","",""
"江从简","南北朝","","",""
"徐摛","南北朝","","",""
"刘孝仪","南北朝","","",""
"萧子范","南北朝","","",""
"萧纪","南北朝","","",""
"褚沄","南北朝","","",""
"鲍至","南北朝","","",""
"鲍几","南北朝","","",""
"鲍泉","南北朝","","",""
"萧纶","南北朝","","",""
"徐怦","南北朝","","",""
"萧绎","南北朝","","",""
"萧正德","南北朝","","",""
"刘孝胜","南北朝","","",""
"刘孝先","南北朝","","",""
"徐君茜","南北朝","","",""
"徐防","南北朝","","",""
"王泰","南北朝","","",""
"萧晔","南北朝","","",""
"荀济","南北朝","","",""
"江洪","南北朝","","",""
"江禄","南北朝","","",""
"孔焘","南北朝","","",""
"孔翁归","南北朝","","",""
"何子朗","南北朝","","",""
"沈旋","南北朝","","",""
"沈趍","南北朝","","",""
"费昶","南北朝","","",""
"王囧","南北朝","","",""
"戴皓","南北朝","","",""
"阮研","南北朝","","",""
"庾丹","南北朝","","",""
"谢瑱","南北朝","","",""
"陆琏","南北朝","","",""
"邓铿","南北朝","","",""
"萧察","南北朝","","",""
"闻人倩","南北朝","","",""
"沈君攸","南北朝","","",""
"施荣泰","南北朝","","",""
"高允生","南北朝","","",""
"王循","南北朝","","",""
"房篆","南北朝","","",""
"姚翻","南北朝","","",""
"李镜远","南北朝","","",""
"鲍子卿","南北朝","","",""
"王枢","南北朝","","",""
"汤僧济","南北朝","","",""
"顾煊","南北朝","","",""
"王脩已","南北朝","","",""
"王孝礼","南北朝","","",""
"甄固","南北朝","","",""
"王环","南北朝","","",""
"江伯瑶","南北朝","","",""
"刘泓","南北朝","","",""
"王湜","南北朝","","",""
"李孝胜","南北朝","","",""
"谈士云","南北朝","","",""
"明少遐","南北朝","","",""
"刘憺","南北朝","","",""
"贺文标","南北朝","","",""
"萧若静","南北朝","","",""
"萧欣","南北朝","","",""
"王金珠","南北朝","","",""
"包明月","南北朝","","",""
"王氏（卫敬瑜妻","南北朝","","",""
"刘氏（王淑英妻","南北朝","","",""
"刘令娴","南北朝","","",""
"沈满愿","南北朝","","",""
"庾成师","南北朝","","",""
"释宝志","南北朝","","",""
"释智藏","南北朝","","",""
"释惠令","南北朝","","",""
"释法云","南北朝","","",""
"桓法闿","南北朝","","",""
"周子良","南北朝","","",""
"吴兴妖神","南北朝","","",""
"韩延之","南北朝","","",""
"宗钦","南北朝","","",""
"段承根","南北朝","","",""
"游雅","南北朝","","",""
"元宏","南北朝","","",""
"高允","南北朝","","",""
"王肃","南北朝","","",""
"元协","南北朝","","",""
"李谧","南北朝","","",""
"郑道昭","南北朝","","",""
"阳固","南北朝","","",""
"元诩","南北朝","","",""
"元子攸","南北朝","","",""
"元恭","南北朝","","",""
"崔鸿","南北朝","","",""
"冯元兴","南北朝","","",""
"萧综","南北朝","","",""
"董绍","南北朝","","",""
"卢元明","南北朝","","",""
"李骞","南北朝","","",""
"祖莹","南北朝","","",""
"鹿悆","南北朝","","",""
"李谐","南北朝","","",""
"常景","南北朝","","",""
"褚緭","南北朝","","",""
"胡叟","南北朝","","",""
"元晖业","南北朝","","",""
"元熙","南北朝","","",""
"高孝纬","南北朝","","",""
"王容","南北朝","","",""
"王德","南北朝","","",""
"周南","南北朝","","",""
"祖叔辨","南北朝","","",""
"张斐裳","南北朝","","",""
"宋道玙","南北朝","","",""
"冯氏（文明太后","南北朝","","",""
"谢氏","南北朝","","",""
"陈留长公主","南北朝","","",""
"高昂","南北朝","","",""
"萧祗","南北朝","","",""
"萧放","南北朝","","",""
"陆法和","南北朝","","",""
"卢询祖","南北朝","","",""
"裴让之","南北朝","","",""
"裴讷之","南北朝","","",""
"郑公超","南北朝","","",""
"杨训","南北朝","","",""
"荀仲举","南北朝","","",""
"魏收","南北朝","","",""
"刘逖","南北朝","","",""
"祖珽","南北朝","","",""
"高延宗","南北朝","","",""
"萧毂","南北朝","","",""
"马元熙","南北朝","","",""
"阳休之","南北朝","","",""
"赵儒宗","南北朝","","",""
"甄彬","南北朝","","",""
"杨子华","南北朝","","",""
"冯淑妃","南北朝","","",""
"崔氏","南北朝","","",""
"惠化尼","南北朝","","",""
"吴猛","南北朝","","",""
"褚士达","南北朝","","",""
"李昶","南北朝","","",""
"高琳","南北朝","","",""
"宗懔","南北朝","","",""
"萧总","南北朝","","",""
"杨文佑","南北朝","","",""
"宇文赟","南北朝","","",""
"宇文招","南北朝","","",""
"宇文逌","南北朝","","",""
"王晞","南北朝","","",""
"孟康","南北朝","","",""
"释亡名","南北朝","","",""
"无名法师","南北朝","","",""
"尚法师","南北朝","","",""
"沈炯","南北朝","","",""
"陆山才","南北朝","","",""
"周弘正","南北朝","","",""
"周弘直","南北朝","","",""
"陆玠","南北朝","","",""
"顾野王","南北朝","","",""
"徐伯阳","南北朝","","",""
"沈后","南北朝","","",""
"傅縡","南北朝","","",""
"孔奂","南北朝","","",""
"孔鱼","南北朝","","",""
"陆琼","南北朝","","",""
"陆瑜","南北朝","","",""
"陈暄","南北朝","","",""
"祖孙登","南北朝","","",""
"刘删","南北朝","","",""
"岑之敬","南北朝","","",""
"褚玠","南北朝","","",""
"萧诠","南北朝","","",""
"贺彻","南北朝","","",""
"贺循","南北朝","","",""
"李爽","南北朝","","",""
"萧贲","南北朝","","",""
"何胥","南北朝","","",""
"阳缙","南北朝","","",""
"阳慎","南北朝","","",""
"蔡凝","南北朝","","",""
"蔡君知","南北朝","","",""
"徐孝克","南北朝","","",""
"潘徽","南北朝","","",""
"徐德言","南北朝","","",""
"乐昌公主","南北朝","","",""
"何处士","南北朝","","",""
"苏子卿","南北朝","","",""
"贺力牧","南北朝","","",""
"伏知道","南北朝","","",""
"毛处约","南北朝","","",""
"陆系","南北朝","","",""
"独孤嗣宗","南北朝","","",""
"李燮","南北朝","","",""
"江晖","南北朝","","",""
"何楫","南北朝","","",""
"萧淳","南北朝","","",""
"孔仲智","南北朝","","",""
"萧有","南北朝","","",""
"徐湛","南北朝","","",""
"吴尚野","南北朝","","",""
"吴思玄","南北朝","","",""
"殷谋","南北朝","","",""
"何曼才","南北朝","","",""
"许倪","南北朝","","",""
"萧驎","南北朝","","",""
"萧琳","南北朝","","",""
"孔范","南北朝","","",""
"王瑳","南北朝","","",""
"陈少女","南北朝","","",""
"释惠标","南北朝","","",""
"昙瑗","南北朝","","",""
"释洪偃","南北朝","","",""
"释智恺","南北朝","","",""
"高丽定法师","南北朝","","",""
"刘裕","南北朝","","",""
"梁神荐","南北朝","","",""
"张畅","南北朝","","",""
