"幸夤逊","唐末宋初","","",""
"襄阳妓","唐末宋初","","",""
"王元","唐末宋初","","",""
"王周","唐末宋初","","",""
"邓洵美","唐末宋初","","",""
"徐铉","唐末宋初","","",""
"伍乔","唐末宋初","","",""
"伍彬","唐末宋初","","",""
"刘洞","唐末宋初","","",""
"刘兼","唐末宋初","","",""
"孙光宪","唐末宋初","","",""
"安鸿渐","唐末宋初","","",""
"汤悦","唐末宋初","","",""
"许坚","唐末宋初","","",""
"何承裕","唐末宋初","","",""
"吴黔","唐末宋初","","",""
"张隐","唐末宋初","","",""
"李九龄","唐末宋初","","",""
"李昉","唐末宋初","","",""
"李涛（信臣","唐末宋初","","",""
"杨昭俭","唐末宋初","","",""
"沈廷瑞","唐末宋初","","",""
"邵拙","唐末宋初","","",""
"周渭","唐末宋初","","",""
"周濆","唐末宋初","","",""
"周镛","唐末宋初","","",""
"孟贯","唐末宋初","","",""
"孟宾于","唐末宋初","","",""
"罗颖","唐末宋初","","",""
"胥偃","唐末宋初","","",""
"赵庆","唐末宋初","","",""
"赵自然","唐末宋初","","",""
"钟茜","唐末宋初","","",""
"翁宏","唐末宋初","","",""
"郭廷谓","唐末宋初","","",""
"崔觐","唐末宋初","","",""
"梁藻","唐末宋初","","",""
"麻温其","唐末宋初","","",""
"舒道纪","唐末宋初","","",""
"李从善","唐末宋初","","",""
"廖融","唐末宋初","","",""
"谭用之","唐末宋初","","",""
"马致恭","唐末宋初","","",""
"张观","唐末宋初","","",""
