"刘辰翁","宋末元初","","",""
"戴表元","宋末元初","","",""
"黄公绍","宋末元初","","",""
"于石","宋末元初","","",""
"陈杰","宋末元初","","",""
"仇远","宋末元初","","",""
"方凤","宋末元初","","",""
"方回","宋末元初","","",""
"毛直方","宋末元初","","",""
"王义山","宋末元初","","",""
"王奕","宋末元初","","",""
"白珽","宋末元初","","",""
"刘边","宋末元初","","",""
"刘埙","宋末元初","","",""
"刘鉴","宋末元初","","",""
"吕徽之","宋末元初","","",""
"汤仲友","宋末元初","","",""
"汤炳龙","宋末元初","","",""
"牟巘","宋末元初","","",""
"方一夔","宋末元初","","",""
"张圭","宋末元初","","",""
"李思衍","宋末元初","","",""
"杨公远","宋末元初","","",""
"熊鉌","宋末元初","","",""
"汪元量","宋末元初","","",""
"陆文圭","宋末元初","","",""
"陈深","宋末元初","","",""
"陈普","宋末元初","","",""
"单县君","宋末元初","","",""
"郑玠","宋末元初","","",""
"郑思肖","宋末元初","","",""
"赵文","宋末元初","","",""
"钱选","宋末元初","","",""
"黄庚","宋末元初","","",""
"黄元实","宋末元初","","",""
"缪鉴","宋末元初","","",""
"龚璛","宋末元初","","",""
"甘泳","宋末元初","","",""
"罗太亨","宋末元初","","",""
"顾细二","宋末元初","","",""
"李坦之","宋末元初","","",""
