"王照","清末民国初","","",""
"夏孙桐","清末民国初","","",""
"陈洵","清末民国初","","",""
"程颂万","清末民国初","","",""
"沈曾植","清末民国初","","",""
"陈衍","清末民国初","","",""
"易顺鼎","清末民国初","","",""
"金武祥","清末民国初","","",""
"康有为","清末民国初","","",""
"梁启超","清末民国初","","",""
"洪炳文","清末民国初","","",""
"梁鼎芬","清末民国初","","",""
"何振岱","清末民国初","","",""
"朱祖谋","清末民国初","","",""
"樊增祥","清末民国初","","",""
"陈宝琛","清末民国初","","",""
"宋育仁","清末民国初","","",""
"俞明震","清末民国初","","",""
"潘榕","清末民国初","","",""
"王闿运","清末民国初","","",""
"吴重憙","清末民国初","","",""
"瞿鸿禨","清末民国初","","",""
"缪荃孙","清末民国初","","",""
"沈瑜庆","清末民国初","","",""
"冯煦","清末民国初","","",""
"叶昌炽","清末民国初","","",""
"沙元炳","清末民国初","","",""
"陈锐","清末民国初","","",""
"胡薇元","清末民国初","","",""
"吴昌绶","清末民国初","","",""
"林朝崧","清末民国初","","",""
"陈虔安","清末民国初","","",""
"李瑞清","清末民国初","","",""
"姚华","清末民国初","","",""
"奭良","清末民国初","","",""
"冒广生","清末民国初","","",""
"张慎仪","清末民国初","","",""
"陈祖绶","清末民国初","","",""
"叶璧华","清末民国初","","",""
"郑元昭","清末民国初","","",""
"许南英","清末民国初","","",""
"聂树楷","清末民国初","","",""
"李炳灵","清末民国初","","",""
"张一麟","清末民国初","","",""
"刘泽湘","清末民国初","","",""
"桂念祖","清末民国初","","",""
"陈肇兴","清末民国初","","",""
"费墨娟","清末民国初","","",""
"郑国藩","清末民国初","","",""
"李岳瑞","清末民国初","","",""
"冯幵","清末民国初","","",""
"杨士琦","清末民国初","","",""
"饶芝祥","清末民国初","","",""
"吕惠如","清末民国初","","",""
"邹韬","清末民国初","","",""
"王瑶京","清末民国初","","",""
"吴子瑜","清末民国初","","",""
"吴德功","清末民国初","","",""
"林豪","清末民国初","","",""
"施士洁","清末民国初","","",""
"蔡惠如","清末民国初","","",""
"施梅樵","清末民国初","","",""
"傅锡祺","清末民国初","","",""
"苏镜潭","清末民国初","","",""
"谢维岩","清末民国初","","",""
"王则修","清末民国初","","",""
"黄赞钧","清末民国初","","",""
"谢汝铨","清末民国初","","",""
"谢尊五","清末民国初","","",""
"章炳麟","清末民国初","","",""
"陈少白","清末民国初","","",""
"赵藩","清末民国初","","",""
"徐杰夫","清末民国初","","",""
"陈廷植","清末民国初","","",""
"汪春源","清末民国初","","",""
"黄鸿翔","清末民国初","","",""
"叶际唐","清末民国初","","",""
"赖子清","清末民国初","","",""
"魏元戴","清末民国初","","",""
"严既澄","清末民国初","","",""
"黄摩西","清末民国初","","",""
"夏勤邦","清末民国初","","",""
"徐士佳","清末民国初","","",""
"张荣珉","清末民国初","","",""
"陈毓瑞","清末民国初","","",""
"方仁渊","清末民国初","","",""
"徐搢珊","清末民国初","","",""
"曹倜","清末民国初","","",""
"曹涌江","清末民国初","","",""
"祝廷华","清末民国初","","",""
"王旋吉","清末民国初","","",""
"陈慕周","清末民国初","","",""
"章松盦","清末民国初","","",""
"何佩萱","清末民国初","","",""
"巨赞","清末民国初","","",""
"夏子麟","清末民国初","","",""
"曹家达","清末民国初","","",""
"徐骘民","清末民国初","","",""
"贡桂生","清末民国初","","",""
